{
  "conditions": [
    "30s",
    "60s",
    "90s"
  ],
  "baselines": {
    "full_memory": {
      "reading_speed": {
        "30s": {
          "mean": 211.11111111111111,
          "std": 18.63091814997616,
          "n": 9
        },
        "60s": {
          "mean": 115.44444444444444,
          "std": 6.502136401043725,
          "n": 9
        },
        "90s": {
          "mean": 78.14814814814815,
          "std": 4.394159985174486,
          "n": 9
        }
      },
      "skip_rate": {
        "30s": {
          "mean": 0.3847390242329205,
          "std": 0.028053592366545508,
          "n": 9
        },
        "60s": {
          "mean": 0.3329993477318782,
          "std": 0.034833545792500274,
          "n": 9
        },
        "90s": {
          "mean": 0.3127706517644819,
          "std": 0.040902734103898115,
          "n": 9
        }
      },
      "regression_rate": {
        "30s": {
          "mean": 0.04903828900771367,
          "std": 0.062399637635655494,
          "n": 9
        },
        "60s": {
          "mean": 0.08308091090645425,
          "std": 0.04000537690852805,
          "n": 9
        },
        "90s": {
          "mean": 0.08280550319418671,
          "std": 0.040531430388946695,
          "n": 9
        }
      },
      "mcq_accuracy": {
        "30s": {
          "mean": 0.6666666666666666,
          "std": 0.24944382578492943,
          "n": 27
        },
        "60s": {
          "mean": 0.9333333333333333,
          "std": 0.13333333333333333,
          "n": 27
        },
        "90s": {
          "mean": 0.9555555555555556,
          "std": 0.0831479419283098,
          "n": 27
        }
      },
      "free_recall_score": {
        "30s": {
          "mean": 0.865052064259847,
          "std": 0.04912916819527743,
          "n": 27
        },
        "60s": {
          "mean": 0.892380972703298,
          "std": 0.07291452198569948,
          "n": 27
        },
        "90s": {
          "mean": 0.8651250468360053,
          "std": 0.07516552135466677,
          "n": 27
        }
      }
    },
    "sentence_reader_gamma_0dot2": {
      "reading_speed": {
        "30s": {
          "mean": 0.0,
          "std": 0.0,
          "n": 9
        },
        "60s": {
          "mean": 0.0,
          "std": 0.0,
          "n": 9
        },
        "90s": {
          "mean": 0.0,
          "std": 0.0,
          "n": 9
        }
      },
      "skip_rate": {
        "30s": {
          "mean": 0.0,
          "std": 0.0,
          "n": 9
        },
        "60s": {
          "mean": 0.0,
          "std": 0.0,
          "n": 9
        },
        "90s": {
          "mean": 0.0,
          "std": 0.0,
          "n": 9
        }
      },
      "regression_rate": {
        "30s": {
          "mean": 0.0,
          "std": 0.0,
          "n": 9
        },
        "60s": {
          "mean": 0.0,
          "std": 0.0,
          "n": 9
        },
        "90s": {
          "mean": 0.0,
          "std": 0.0,
          "n": 9
        }
      },
      "mcq_accuracy": {
        "30s": {
          "mean": 0.0,
          "std": 0.0,
          "n": 27
        },
        "60s": {
          "mean": 0.0,
          "std": 0.0,
          "n": 27
        },
        "90s": {
          "mean": 0.0,
          "std": 0.0,
          "n": 27
        }
      },
      "free_recall_score": {
        "30s": {
          "mean": 0.0,
          "std": 0.0,
          "n": 27
        },
        "60s": {
          "mean": 0.0,
          "std": 0.0,
          "n": 27
        },
        "90s": {
          "mean": 0.0,
          "std": 0.0,
          "n": 27
        }
      }
    },
    "text_reader_gamma_0dot2": {
      "reading_speed": {
        "30s": {
          "mean": 55.111111111111114,
          "std": 28.001984056689825,
          "n": 9
        },
        "60s": {
          "mean": 28.77777777777778,
          "std": 14.584047601555765,
          "n": 9
        },
        "90s": {
          "mean": 19.185185185185183,
          "std": 9.722698401037176,
          "n": 9
        }
      },
      "skip_rate": {
        "30s": {
          "mean": 0.36609446516743926,
          "std": 0.2333887134047694,
          "n": 9
        },
        "60s": {
          "mean": 0.30476168173492685,
          "std": 0.18073546288447323,
          "n": 9
        },
        "90s": {
          "mean": 0.30476168173492685,
          "std": 0.18073546288447323,
          "n": 9
        }
      },
      "regression_rate": {
        "30s": {
          "mean": 0.5120657664775312,
          "std": 0.10372151620127748,
          "n": 9
        },
        "60s": {
          "mean": 0.513632967431987,
          "std": 0.10328521532802051,
          "n": 9
        },
        "90s": {
          "mean": 0.513632967431987,
          "std": 0.10328521532802051,
          "n": 9
        }
      },
      "mcq_accuracy": {
        "30s": {
          "mean": 0.06666666666666667,
          "std": 0.09428090415820635,
          "n": 27
        },
        "60s": {
          "mean": 0.022222222222222223,
          "std": 0.0628539361054709,
          "n": 27
        },
        "90s": {
          "mean": 0.044444444444444446,
          "std": 0.08314794192830981,
          "n": 27
        }
      },
      "free_recall_score": {
        "30s": {
          "mean": 0.3948552840285831,
          "std": 0.13661739807067788,
          "n": 27
        },
        "60s": {
          "mean": 0.36350352234310573,
          "std": 0.21263921518282844,
          "n": 27
        },
        "90s": {
          "mean": 0.3900185724099477,
          "std": 0.18088211134180163,
          "n": 27
        }
      }
    }
  },
  "meta": {
    "variants": [
      "full_memory",
      "sentence_reader_gamma_0dot2",
      "text_reader_gamma_0dot2"
    ],
    "files": {
      "full_memory": {
        "eye": "simulation_eye_movement_metrics_baseline_full_memory.json",
        "comprehension": "comprehension_metrics_20251002-071341_baseline_full_memory.json"
      },
      "sentence_reader_gamma_0dot2": {
        "eye": "simulation_eye_movement_metrics_baseline_sentence_reader_gamma_0dot2.json",
        "comprehension": "comprehension_metrics_20251013-101849_baseline_sentence_reader_gamma_0dot2.json"
      },
      "text_reader_gamma_0dot2": {
        "eye": "simulation_eye_movement_metrics_baseline_text_reader_gamma_0dot2.json",
        "comprehension": "comprehension_metrics_20251013-101849_baseline_text_reader_gamma_0dot2.json"
      }
    }
  }
}