{
  "conditions": [
    "30s",
    "60s",
    "90s"
  ],
  "human": {
    "reading_speed": {
      "30s": {
        "mean": 192.4047619047619,
        "std": 56.21284361111856,
        "n": 1
      },
      "60s": {
        "mean": 171.48809523809524,
        "std": 30.629698491908396,
        "n": 1
      },
      "90s": {
        "mean": 165.91164658634534,
        "std": 29.506929022535743,
        "n": 1
      }
    },
    "skip_rate": {
      "30s": {
        "mean": 0.39215056137433735,
        "std": 0.09260099901135295,
        "n": 1
      },
      "60s": {
        "mean": 0.32265846624427996,
        "std": 0.08742162714803695,
        "n": 1
      },
      "90s": {
        "mean": 0.310129414696708,
        "std": 0.08552293191297197,
        "n": 1
      }
    },
    "regression_rate": {
      "30s": {
        "mean": 0.3198270479928921,
        "std": 0.16884940563640158,
        "n": 1
      },
      "60s": {
        "mean": 0.4772694567224823,
        "std": 0.1520480084713743,
        "n": 1
      },
      "90s": {
        "mean": 0.5910776774666214,
        "std": 0.11497130595402444,
        "n": 1
      }
    },
    "mcq_accuracy": {
      "30s": {
        "mean": 0.5916666666666667,
        "std": 0.2307897070687705,
        "n": 288
      },
      "60s": {
        "mean": 0.7312500000000001,
        "std": 0.18445443204217135,
        "n": 288
      },
      "90s": {
        "mean": 0.8250000000000001,
        "std": 0.15612494995995999,
        "n": 288
      }
    },
    "free_recall_score": {
      "30s": {
        "mean": 0.44184744264930487,
        "std": 0.13071711601174693,
        "n": 288
      },
      "60s": {
        "mean": 0.5327457231469452,
        "std": 0.12040994720701342,
        "n": 288
      },
      "90s": {
        "mean": 0.5176015434165796,
        "std": 0.1552075907079258,
        "n": 288
      }
    }
  },
  "simulation": {
    "reading_speed": {
      "30s": {
        "mean": 209.11111111111111,
        "std": 14.321700705960557,
        "n": 9
      },
      "60s": {
        "mean": 191.0,
        "std": 10.781929326423912,
        "n": 9
      },
      "90s": {
        "mean": 186.5185185185185,
        "std": 12.114168829092364,
        "n": 9
      }
    },
    "skip_rate": {
      "30s": {
        "mean": 0.39096732808898654,
        "std": 0.03307513029374576,
        "n": 9
      },
      "60s": {
        "mean": 0.3259001688401315,
        "std": 0.028248081068796435,
        "n": 9
      },
      "90s": {
        "mean": 0.32598472101516385,
        "std": 0.03426678659292137,
        "n": 9
      }
    },
    "regression_rate": {
      "30s": {
        "mean": 0.31856085051531585,
        "std": 0.17050074167156926,
        "n": 9
      },
      "60s": {
        "mean": 0.44281549963436806,
        "std": 0.03857301226192989,
        "n": 9
      },
      "90s": {
        "mean": 0.6002598782693204,
        "std": 0.03415844907166309,
        "n": 9
      }
    },
    "mcq_accuracy": {
      "30s": {
        "mean": 0.4888888888888888,
        "std": 0.24720661623652207,
        "n": 9
      },
      "60s": {
        "mean": 0.7555555555555555,
        "std": 0.19436506316151,
        "n": 9
      },
      "90s": {
        "mean": 0.8,
        "std": 0.22360679774997896,
        "n": 9
      }
    },
    "free_recall_score": {
      "30s": {
        "mean": 0.535790921913253,
        "std": 0.19382562522944702,
        "n": 9
      },
      "60s": {
        "mean": 0.6717904806137085,
        "std": 0.13607343184882817,
        "n": 9
      },
      "90s": {
        "mean": 0.6763229933049943,
        "std": 0.10529535739184515,
        "n": 9
      }
    }
  },
  "meta": {
    "human_eye_file": "human_eye_movement_metrics.json",
    "human_mcq_file": "human_mcq_acc_metrics.json",
    "human_fr_file": "human_free_recall_metrics.json",
    "sim_eye_file": "simulation_eye_movement_metrics.json",
    "sim_comp_file": "comprehension_results_20251006-150327.json",
    "std_ddof": 1
  }
}