rho,w,coverage_factor,time_condition,total_time,saccade_amplitude_mean_px,saccade_amplitude_std_px,saccade_amplitude_sem_px,n_episodes,n_saccades_total
0.1,0.5,0.0,30s,30,139.6211273078467,21.104378981203546,7.0347929937345155,9,1112
0.1,0.5,0.0,60s,60,127.49328486267073,11.578839376332299,3.8596131254440995,9,1999
0.1,0.5,0.0,90s,90,131.11100834980618,14.02290055080602,4.674300183602006,9,2878
0.1,0.5,0.5,30s,30,138.61701094265285,12.175540249156883,4.058513416385628,9,1093
0.1,0.5,0.5,60s,60,130.74814315063435,6.588823764117372,2.196274588039124,9,2003
0.1,0.5,0.5,90s,90,132.26102570921753,11.240436678205945,3.7468122260686485,9,2885
0.1,0.5,1.0,30s,30,139.016461839254,13.128764890049991,4.376254963349997,9,1099
0.1,0.5,1.0,60s,60,130.84838455995234,7.1158389598078085,2.3719463199359363,9,1990
0.1,0.5,1.0,90s,90,133.09069099744093,12.006486396307299,4.002162132102433,9,2877
0.1,0.5,1.5,30s,30,134.4270443600815,7.4726820209788904,2.4908940069929635,9,1076
0.1,0.5,1.5,60s,60,129.80294757460277,8.192476026296225,2.7308253420987416,9,2051
0.1,0.5,1.5,90s,90,134.37793149195988,15.071044342684134,5.023681447561378,9,2901
0.1,0.5,2.0,30s,30,134.03117111472665,7.267874524417395,2.422624841472465,9,1065
0.1,0.5,2.0,60s,60,129.11305751849582,9.169495501831328,3.056498500610443,9,1987
0.1,0.5,2.0,90s,90,131.94003821963489,11.2765405112516,3.758846837083867,9,2924
0.1,0.5,2.5,30s,30,130.93987785889723,6.50920854348819,2.16973618116273,9,1083
0.1,0.5,2.5,60s,60,130.12091375868312,7.986937194877997,2.6623123982926655,9,2049
0.1,0.5,2.5,90s,90,130.52949195598012,10.452581323977101,3.4841937746590337,9,2982
0.1,0.5,3.0,30s,30,132.29158695629965,7.470365014978381,2.4901216716594603,9,1070
0.1,0.5,3.0,60s,60,128.08157077986527,7.623215523276773,2.5410718410922577,9,2018
0.1,0.5,3.0,90s,90,126.36307206966941,8.708682024342348,2.902894008114116,9,2865
0.1,0.6,0.0,30s,30,153.41168955847044,23.706918349424278,7.902306116474759,9,1089
0.1,0.6,0.0,60s,60,140.33036487898735,14.1694361114716,4.723145370490533,9,1963
0.1,0.6,0.0,90s,90,146.24568004785363,11.97411578906184,3.9913719296872796,9,2816
0.1,0.6,0.5,30s,30,152.27870670711764,15.407232858783141,5.135744286261047,9,1054
0.1,0.6,0.5,60s,60,146.8715743753281,9.543406230098666,3.181135410032889,9,1986
0.1,0.6,0.5,90s,90,148.7190485654414,14.245057237333153,4.748352412444384,9,2879
0.1,0.6,1.0,30s,30,149.6214863056227,10.431679851262952,3.4772266170876507,9,1047
0.1,0.6,1.0,60s,60,146.07388322270697,11.572072265193729,3.8573574217312427,9,1986
0.1,0.6,1.0,90s,90,149.21184038120566,11.74643186987106,3.91547728995702,9,2913
0.1,0.6,1.5,30s,30,150.84796788511824,13.673191354338657,4.557730451446219,9,1065
0.1,0.6,1.5,60s,60,144.16292648471827,12.012309938732619,4.004103312910873,9,1982
0.1,0.6,1.5,90s,90,151.65195524833905,15.435597638157532,5.145199212719177,9,2898
0.1,0.6,2.0,30s,30,147.23522587146022,7.208130670500557,2.402710223500186,9,1033
0.1,0.6,2.0,60s,60,143.65661414628187,12.081541844929848,4.027180614976616,9,2009
0.1,0.6,2.0,90s,90,146.5836448757789,12.76218266429832,4.25406088809944,9,2896
0.1,0.6,2.5,30s,30,145.69631873110245,8.763248366264381,2.9210827887547937,9,1037
0.1,0.6,2.5,60s,60,144.92241175528883,12.355595312669834,4.118531770889945,9,2014
0.1,0.6,2.5,90s,90,144.69117962518607,12.490168720510477,4.163389573503492,9,2919
0.1,0.6,3.0,30s,30,146.3337615671229,6.452348708148125,2.1507829027160414,9,1057
0.1,0.6,3.0,60s,60,143.01478957917095,11.327902331072828,3.7759674436909427,9,1980
0.1,0.6,3.0,90s,90,141.04711167750037,11.475566395899127,3.8251887986330426,9,2905
0.1,0.7,0.0,30s,30,164.8436113785695,27.34554307636233,9.11518102545411,9,1119
0.1,0.7,0.0,60s,60,159.91406434769007,15.109630895112783,5.036543631704261,9,1965
0.1,0.7,0.0,90s,90,161.46748909260086,14.45607394803115,4.8186913160103835,9,2842
0.1,0.7,0.5,30s,30,160.50014030502697,19.395265176004973,6.4650883920016575,9,1129
0.1,0.7,0.5,60s,60,161.81986483749398,14.781849573358437,4.927283191119479,9,1993
0.1,0.7,0.5,90s,90,167.18970491359923,14.777691616362437,4.925897205454146,9,2739
0.1,0.7,1.0,30s,30,161.16279062199987,12.555230915319733,4.185076971773245,9,1050
0.1,0.7,1.0,60s,60,163.3211433907978,11.994693717272101,3.9982312390907,9,2019
0.1,0.7,1.0,90s,90,171.6456060646924,12.475443560007788,4.158481186669262,9,2819
0.1,0.7,1.5,30s,30,164.5615067132447,12.10298175001437,4.03432725000479,9,995
0.1,0.7,1.5,60s,60,159.57851747759352,14.059545780995462,4.686515260331821,9,1940
0.1,0.7,1.5,90s,90,171.52627039861275,14.755434395295316,4.918478131765105,9,2785
0.1,0.7,2.0,30s,30,158.06645410814468,9.744372807093363,3.248124269031121,9,1098
0.1,0.7,2.0,60s,60,161.10813640760958,15.167782011936382,5.055927337312127,9,2009
0.1,0.7,2.0,90s,90,168.86648254069442,11.495812713615967,3.8319375712053225,9,2849
0.1,0.7,2.5,30s,30,158.6848159585276,8.029948363366033,2.6766494544553443,9,1052
0.1,0.7,2.5,60s,60,161.53644968708778,14.231042161214148,4.743680720404716,9,1955
0.1,0.7,2.5,90s,90,167.90211959704715,15.530489240043531,5.176829746681177,9,2865
0.1,0.7,3.0,30s,30,162.1167223292319,7.129064442777893,2.376354814259298,9,1069
0.1,0.7,3.0,60s,60,160.3834457174379,13.618061373202535,4.539353791067511,9,1974
0.1,0.7,3.0,90s,90,164.5732600787541,11.013426288313557,3.671142096104519,9,2869
0.1,0.8,0.0,30s,30,173.5965753454369,26.561573447474967,8.85385781582499,9,1046
0.1,0.8,0.0,60s,60,174.94790114965636,15.874097407706282,5.291365802568761,9,1935
0.1,0.8,0.0,90s,90,179.96627522768915,22.12486510477409,7.374955034924697,9,2740
0.1,0.8,0.5,30s,30,178.16979563340695,22.757136627445664,7.5857122091485545,9,1045
0.1,0.8,0.5,60s,60,178.76986709850408,17.410053566213737,5.803351188737913,9,1987
0.1,0.8,0.5,90s,90,182.73005830831698,20.354731850349694,6.784910616783232,9,2800
0.1,0.8,1.0,30s,30,174.97204504203202,12.879085498669907,4.293028499556636,9,1033
0.1,0.8,1.0,60s,60,179.16792895708215,16.12032237042217,5.373440790140723,9,1921
0.1,0.8,1.0,90s,90,187.17708010221884,18.19464537072531,6.06488179024177,9,2792
0.1,0.8,1.5,30s,30,171.00408884566806,9.962462516135794,3.3208208387119313,9,1074
0.1,0.8,1.5,60s,60,178.1966046412438,18.516277510454422,6.172092503484808,9,1963
0.1,0.8,1.5,90s,90,186.00589639597672,16.835637823786644,5.611879274595548,9,2772
0.1,0.8,2.0,30s,30,171.76178865175117,11.368622377056498,3.7895407923521662,9,1014
0.1,0.8,2.0,60s,60,178.36047744487794,20.17447556862126,6.724825189540421,9,1968
0.1,0.8,2.0,90s,90,185.4423030399291,16.444779179611967,5.481593059870655,9,2787
0.1,0.8,2.5,30s,30,172.82996778496005,9.69963610615244,3.2332120353841467,9,1067
0.1,0.8,2.5,60s,60,179.72424897774414,20.399616142040944,6.799872047346981,9,1936
0.1,0.8,2.5,90s,90,184.0181615814328,16.80501412644151,5.601671375480503,9,2726
0.1,0.8,3.0,30s,30,174.2190665478708,10.842100906863365,3.6140336356211216,9,1058
0.1,0.8,3.0,60s,60,176.68734754875973,19.289011845963717,6.429670615321239,9,1960
0.1,0.8,3.0,90s,90,177.42999051261327,16.05770346520825,5.352567821736083,9,2789
0.1,0.9,0.0,30s,30,183.0546204112505,30.189680043397043,10.063226681132347,9,1032
0.1,0.9,0.0,60s,60,190.81860709804613,14.057263607798681,4.685754535932894,9,1947
0.1,0.9,0.0,90s,90,190.38756387885704,20.252205630054142,6.750735210018047,9,2691
0.1,0.9,0.5,30s,30,185.48805151239515,18.17215368950999,6.057384563169997,9,1057
0.1,0.9,0.5,60s,60,192.6345971629795,14.768936278168914,4.922978759389638,9,1917
0.1,0.9,0.5,90s,90,192.53008714394505,20.771127988934744,6.923709329644915,9,2770
0.1,0.9,1.0,30s,30,181.73750936679994,11.602036665550246,3.8673455551834155,9,1054
0.1,0.9,1.0,60s,60,194.6584287325549,15.8416666681701,5.2805555560567,9,1922
0.1,0.9,1.0,90s,90,194.75727627599338,21.222204600819484,7.074068200273161,9,2746
0.1,0.9,1.5,30s,30,182.66157019253035,13.25195082977826,4.4173169432594195,9,1024
0.1,0.9,1.5,60s,60,190.99817942368,18.886075893666387,6.295358631222129,9,1904
0.1,0.9,1.5,90s,90,197.71937717051873,18.213465210706392,6.071155070235464,9,2715
0.1,0.9,2.0,30s,30,179.51402923580878,10.64623726164487,3.5487457538816236,9,995
0.1,0.9,2.0,60s,60,190.32352867925627,18.533976510734615,6.177992170244871,9,1925
0.1,0.9,2.0,90s,90,194.75650037917313,20.1939141917219,6.731304730573966,9,2742
0.1,0.9,2.5,30s,30,183.50977455602379,9.174161406132997,3.0580538020443324,9,1038
0.1,0.9,2.5,60s,60,194.14071072938856,22.067752653206735,7.355917551068912,9,1937
0.1,0.9,2.5,90s,90,191.15317375798182,20.65254012506026,6.884180041686753,9,2741
0.1,0.9,3.0,30s,30,184.4589904037814,10.563586672378031,3.5211955574593437,9,1060
0.1,0.9,3.0,60s,60,187.9241347650905,16.450675100720375,5.4835583669067915,9,1900
0.1,0.9,3.0,90s,90,187.87308805129467,19.712370834791294,6.570790278263765,9,2741
0.1,1.0,0.0,30s,30,193.61324598592034,28.347613184714096,9.449204394904699,9,1061
0.1,1.0,0.0,60s,60,202.70512880285298,16.9279362196842,5.6426454065614,9,1944
0.1,1.0,0.0,90s,90,203.31689244798017,20.7213670854453,6.907122361815101,9,2653
0.1,1.0,0.5,30s,30,192.7578009065329,20.65877018172498,6.886256727241659,9,1025
0.1,1.0,0.5,60s,60,202.52231473134708,19.18794170662429,6.395980568874763,9,2011
0.1,1.0,0.5,90s,90,203.95557735836599,20.072517513140948,6.690839171046982,9,2683
0.1,1.0,1.0,30s,30,191.9667195961641,17.77438081264892,5.924793604216307,9,1023
0.1,1.0,1.0,60s,60,203.30033076574273,17.421147567996112,5.807049189332037,9,1905
0.1,1.0,1.0,90s,90,204.27731645972574,20.19035276728451,6.730117589094836,9,2718
0.1,1.0,1.5,30s,30,193.14974723113906,14.738996477868454,4.9129988259561514,9,1053
0.1,1.0,1.5,60s,60,202.8470240818562,21.505430893465583,7.168476964488527,9,1985
0.1,1.0,1.5,90s,90,205.59352504130135,18.48744105193788,6.16248035064596,9,2681
0.1,1.0,2.0,30s,30,192.9596315683209,12.18403176932305,4.0613439231076836,9,1022
0.1,1.0,2.0,60s,60,201.0316661885127,19.073291619729865,6.357763873243289,9,1939
0.1,1.0,2.0,90s,90,204.65374724349311,20.801480109673747,6.933826703224582,9,2673
0.1,1.0,2.5,30s,30,194.03621616329355,8.908074013937073,2.969358004645691,9,1061
0.1,1.0,2.5,60s,60,205.8513363275864,20.85374322315442,6.951247741051474,9,1949
0.1,1.0,2.5,90s,90,201.95107299191642,17.63358757122964,5.877862523743214,9,2700
0.1,1.0,3.0,30s,30,196.88952106026557,9.308709293605276,3.1029030978684253,9,1042
0.1,1.0,3.0,60s,60,199.74585006348153,19.845499082987338,6.615166360995779,9,1906
0.1,1.0,3.0,90s,90,200.4491466292359,19.84989938968034,6.616633129893446,9,2678
0.15,0.5,0.0,30s,30,140.8131504597426,18.53155604560036,6.177185348533453,9,1039
0.15,0.5,0.0,60s,60,128.52939459320405,8.879851972408847,2.9599506574696157,9,1877
0.15,0.5,0.0,90s,90,131.79793361675408,14.94419237881608,4.98139745960536,9,2777
0.15,0.5,0.5,30s,30,138.570969494965,12.663376205282653,4.221125401760884,9,1017
0.15,0.5,0.5,60s,60,131.80361767768937,5.896594336791344,1.9655314455971145,9,1885
0.15,0.5,0.5,90s,90,130.41521155054525,8.234089592314692,2.7446965307715643,9,2791
0.15,0.5,1.0,30s,30,139.12863892001766,13.361051360113072,4.4536837867043575,9,1109
0.15,0.5,1.0,60s,60,130.46156199222312,7.254165607944482,2.4180552026481608,9,1950
0.15,0.5,1.0,90s,90,133.34117367657765,12.939318337106151,4.313106112368717,9,2757
0.15,0.5,1.5,30s,30,138.49933112902627,7.833162246980179,2.6110540823267265,9,1032
0.15,0.5,1.5,60s,60,129.06950698709923,8.33584443134294,2.7786148104476465,9,1922
0.15,0.5,1.5,90s,90,133.18349965752492,13.752641292622494,4.584213764207498,9,2745
0.15,0.5,2.0,30s,30,134.4660643200575,6.249813854752328,2.083271284917443,9,1029
0.15,0.5,2.0,60s,60,128.54845057193305,8.877550384071803,2.959183461357268,9,1933
0.15,0.5,2.0,90s,90,129.58986579872396,9.040206417865067,3.0134021392883557,9,2733
0.15,0.5,2.5,30s,30,132.2495780975608,6.168250541423622,2.056083513807874,9,1033
0.15,0.5,2.5,60s,60,128.7880787175956,7.70411964765131,2.5680398825504365,9,1969
0.15,0.5,2.5,90s,90,129.78920688050397,9.237328998743058,3.079109666247686,9,2846
0.15,0.5,3.0,30s,30,132.1619331467495,7.530601609780461,2.5102005365934867,9,1055
0.15,0.5,3.0,60s,60,127.17879532326586,7.974754565735406,2.658251521911802,9,1925
0.15,0.5,3.0,90s,90,126.10068417067939,8.429037495597289,2.809679165199096,9,2794
0.15,0.6,0.0,30s,30,151.85449407154874,25.75519573827684,8.58506524609228,9,962
0.15,0.6,0.0,60s,60,140.05688218560329,13.787874060736945,4.595958020245648,9,1884
0.15,0.6,0.0,90s,90,147.27030637403863,15.150853472176147,5.0502844907253825,9,2677
0.15,0.6,0.5,30s,30,157.32283277364024,17.781850317533163,5.927283439177721,9,985
0.15,0.6,0.5,60s,60,145.27566518139457,8.3210853840372,2.7736951280124003,9,1891
0.15,0.6,0.5,90s,90,149.3972538545031,13.843054744868146,4.614351581622715,9,2755
0.15,0.6,1.0,30s,30,154.8711477717352,15.296679028186727,5.098893009395575,9,1005
0.15,0.6,1.0,60s,60,146.6927041877395,10.10182514537477,3.3672750484582568,9,1876
0.15,0.6,1.0,90s,90,150.7194915940166,14.039205223050729,4.679735074350243,9,2730
0.15,0.6,1.5,30s,30,149.86253994155064,11.532560584369598,3.844186861456533,9,1010
0.15,0.6,1.5,60s,60,145.3825124241705,12.556714232364097,4.185571410788032,9,1945
0.15,0.6,1.5,90s,90,150.77649931230147,15.649664627608626,5.216554875869542,9,2700
0.15,0.6,2.0,30s,30,146.8393867830083,6.989475095049483,2.329825031683161,9,995
0.15,0.6,2.0,60s,60,142.1337581103746,11.06246524084162,3.6874884136138735,9,1894
0.15,0.6,2.0,90s,90,145.55531862141535,11.907206519121976,3.9690688397073255,9,2791
0.15,0.6,2.5,30s,30,144.0630555501524,7.589021557451033,2.5296738524836777,9,993
0.15,0.6,2.5,60s,60,143.91537368735365,12.468971394930605,4.1563237983102015,9,1918
0.15,0.6,2.5,90s,90,144.88059768935494,12.223862629100175,4.074620876366725,9,2770
0.15,0.6,3.0,30s,30,146.33899068842936,8.193898226366159,2.7312994087887197,9,991
0.15,0.6,3.0,60s,60,142.65162317175066,11.407153534733135,3.8023845115777117,9,1942
0.15,0.6,3.0,90s,90,142.29234493211192,8.345632082660506,2.7818773608868352,9,2816
0.15,0.7,0.0,30s,30,161.6134582869776,24.482933323346998,8.160977774449,9,1019
0.15,0.7,0.0,60s,60,155.92102215827197,14.338484110904467,4.779494703634822,9,1832
0.15,0.7,0.0,90s,90,165.03345337630827,14.00948471727988,4.6698282390932935,9,2621
0.15,0.7,0.5,30s,30,163.34795126455714,22.57710309368114,7.5257010312270465,9,1015
0.15,0.7,0.5,60s,60,163.06663788543474,15.216369759155715,5.072123253051905,9,1927
0.15,0.7,0.5,90s,90,166.70587700073565,12.364468357274687,4.121489452424895,9,2640
0.15,0.7,1.0,30s,30,165.97157968124753,14.290911235970094,4.763637078656698,9,1003
0.15,0.7,1.0,60s,60,163.295801988231,10.299962363553476,3.4333207878511587,9,1912
0.15,0.7,1.0,90s,90,170.58422119595247,13.00666744748668,4.335555815828894,9,2754
0.15,0.7,1.5,30s,30,163.80763863635215,12.849622412397679,4.283207470799226,9,1004
0.15,0.7,1.5,60s,60,160.88676824701955,13.019791373152408,4.339930457717469,9,1839
0.15,0.7,1.5,90s,90,171.5789756029266,16.450972286971428,5.483657428990476,9,2729
0.15,0.7,2.0,30s,30,159.38490103256433,7.087789215234664,2.362596405078221,9,1003
0.15,0.7,2.0,60s,60,159.09160779492834,13.018610368812903,4.339536789604301,9,1848
0.15,0.7,2.0,90s,90,170.7699366443875,16.53972367218905,5.513241224063017,9,2693
0.15,0.7,2.5,30s,30,158.83264696339194,7.638174181461778,2.5460580604872596,9,992
0.15,0.7,2.5,60s,60,160.88954454048832,16.115763888781217,5.371921296260406,9,1903
0.15,0.7,2.5,90s,90,169.36771635620505,17.763519885855747,5.921173295285249,9,2775
0.15,0.7,3.0,30s,30,161.90206204394917,7.585638565635143,2.5285461885450475,9,1000
0.15,0.7,3.0,60s,60,159.82866742251073,13.685644937018886,4.561881645672962,9,1870
0.15,0.7,3.0,90s,90,160.87205450231363,12.020154156681627,4.0067180522272094,9,2683
0.15,0.8,0.0,30s,30,174.40862509457608,30.613081276772288,10.204360425590762,9,998
0.15,0.8,0.0,60s,60,175.57447345520944,16.57743272848245,5.52581090949415,9,1857
0.15,0.8,0.0,90s,90,183.51205943012135,21.604320395425813,7.201440131808604,9,2717
0.15,0.8,0.5,30s,30,177.4195260699559,20.674557107105386,6.891519035701795,9,998
0.15,0.8,0.5,60s,60,176.8152599094781,16.76640140675085,5.58880046891695,9,1864
0.15,0.8,0.5,90s,90,182.9724169684127,19.38117699809572,6.460392332698574,9,2694
0.15,0.8,1.0,30s,30,171.96537422919323,12.67729681508098,4.225765605026994,9,1001
0.15,0.8,1.0,60s,60,179.10234965879565,16.181373797966206,5.393791265988735,9,1917
0.15,0.8,1.0,90s,90,185.80698902899024,17.30828013744946,5.7694267124831535,9,2642
0.15,0.8,1.5,30s,30,175.17941054000968,13.262619152348112,4.420873050782704,9,915
0.15,0.8,1.5,60s,60,176.21683919344565,19.606161212077208,6.535387070692402,9,1865
0.15,0.8,1.5,90s,90,186.14734079860813,16.07875615553061,5.35958538517687,9,2632
0.15,0.8,2.0,30s,30,172.2594271790636,9.242867191761798,3.080955730587266,9,987
0.15,0.8,2.0,60s,60,176.69239751281376,18.167171832962502,6.055723944320834,9,1883
0.15,0.8,2.0,90s,90,183.7047745207872,14.990983879778502,4.996994626592834,9,2671
0.15,0.8,2.5,30s,30,171.46467321966026,9.7015984197088,3.233866139902933,9,1016
0.15,0.8,2.5,60s,60,178.65023575479358,20.043546226476014,6.681182075492004,9,1898
0.15,0.8,2.5,90s,90,184.48100814848206,20.09302940297731,6.697676467659104,9,2688
0.15,0.8,3.0,30s,30,175.7661208286509,11.86420831621378,3.9547361054045935,9,1033
0.15,0.8,3.0,60s,60,174.8984432309775,17.815577355485562,5.938525785161854,9,1845
0.15,0.8,3.0,90s,90,175.04677277867074,16.24337297412611,5.4144576580420365,9,2690
0.15,0.9,0.0,30s,30,181.67195427205232,30.9627580693121,10.320919356437367,9,1008
0.15,0.9,0.0,60s,60,189.57061604172645,13.07694001780613,4.3589800059353765,9,1868
0.15,0.9,0.0,90s,90,194.23923025307022,18.061768388246083,6.020589462748695,9,2563
0.15,0.9,0.5,30s,30,185.71348826016998,17.95458943924794,5.98486314641598,9,1006
0.15,0.9,0.5,60s,60,190.65494099495493,14.40710361588577,4.802367871961923,9,1859
0.15,0.9,0.5,90s,90,193.88802526359848,18.230660108238336,6.076886702746112,9,2705
0.15,0.9,1.0,30s,30,181.95954273444653,11.7338044700542,3.911268156684733,9,1022
0.15,0.9,1.0,60s,60,192.22429568125224,13.899907056644423,4.633302352214808,9,1863
0.15,0.9,1.0,90s,90,198.49707355809286,16.787240035499934,5.595746678499978,9,2613
0.15,0.9,1.5,30s,30,182.11465644670952,10.704976381654342,3.5683254605514474,9,971
0.15,0.9,1.5,60s,60,191.11997039075658,16.57227701419072,5.524092338063574,9,1880
0.15,0.9,1.5,90s,90,202.32807912195528,18.68260212693056,6.227534042310187,9,2640
0.15,0.9,2.0,30s,30,179.39791558367978,8.080082996231193,2.693360998743731,9,967
0.15,0.9,2.0,60s,60,188.24687929955616,19.10396872793736,6.36798957597912,9,1866
0.15,0.9,2.0,90s,90,195.99895058136548,19.70544629827704,6.56848209942568,9,2624
0.15,0.9,2.5,30s,30,181.46406320073362,9.165266493133107,3.055088831044369,9,1013
0.15,0.9,2.5,60s,60,193.88029625684658,20.99602476069793,6.998674920232644,9,1862
0.15,0.9,2.5,90s,90,191.3822919771933,23.75734509937596,7.91911503312532,9,2636
0.15,0.9,3.0,30s,30,182.80413275804406,6.1845605853598995,2.0615201951199666,9,961
0.15,0.9,3.0,60s,60,187.98683167231925,17.36248079383217,5.7874935979440565,9,1837
0.15,0.9,3.0,90s,90,187.25302251210928,18.362784081311293,6.120928027103765,9,2643
0.15,1.0,0.0,30s,30,191.7806404395488,27.496107993355558,9.16536933111852,9,1009
0.15,1.0,0.0,60s,60,198.30441371561614,17.733928204439792,5.91130940147993,9,1847
0.15,1.0,0.0,90s,90,202.44680702144024,21.09795008840608,7.0326500294686936,9,2539
0.15,1.0,0.5,30s,30,193.64169863647632,21.293704947084493,7.097901649028164,9,953
0.15,1.0,0.5,60s,60,202.07173464425222,15.674171420405658,5.224723806801886,9,1763
0.15,1.0,0.5,90s,90,205.92958102504355,21.476777245646982,7.158925748548994,9,2589
0.15,1.0,1.0,30s,30,192.059125750666,14.398063385776341,4.799354461925447,9,959
0.15,1.0,1.0,60s,60,203.75147658367112,14.736698887928533,4.912232962642844,9,1768
0.15,1.0,1.0,90s,90,207.51329350512472,20.20617442198596,6.73539147399532,9,2591
0.15,1.0,1.5,30s,30,193.3588904494711,15.959588472673946,5.319862824224649,9,960
0.15,1.0,1.5,60s,60,203.03669927708245,19.69900902028458,6.5663363400948604,9,1837
0.15,1.0,1.5,90s,90,208.55653938392243,20.369243160026063,6.7897477200086875,9,2611
0.15,1.0,2.0,30s,30,191.34881155988572,12.159691554044812,4.053230518014938,9,998
0.15,1.0,2.0,60s,60,201.84080708582843,19.513802722245753,6.504600907415251,9,1829
0.15,1.0,2.0,90s,90,206.55281163893355,19.442263173474768,6.480754391158256,9,2566
0.15,1.0,2.5,30s,30,193.93406356752484,9.909482150362576,3.3031607167875254,9,970
0.15,1.0,2.5,60s,60,205.20266753039542,21.61615910410277,7.205386368034257,9,1862
0.15,1.0,2.5,90s,90,205.71735476790022,20.324738651093618,6.774912883697873,9,2535
0.15,1.0,3.0,30s,30,197.80763930009948,11.297157595105197,3.7657191983683993,9,1008
0.15,1.0,3.0,60s,60,201.42747433940536,18.838676918225953,6.2795589727419845,9,1840
0.15,1.0,3.0,90s,90,199.49981299917624,18.768968077881127,6.256322692627042,9,2648
0.2,0.5,0.0,30s,30,139.16389589684383,17.60903169677688,5.869677232258961,9,1032
0.2,0.5,0.0,60s,60,129.4764850646014,9.510901240960823,3.170300413653608,9,1844
0.2,0.5,0.0,90s,90,130.31892749118742,12.345746361396268,4.1152487871320895,9,2643
0.2,0.5,0.5,30s,30,137.7060669799281,10.139760009937708,3.3799200033125696,9,969
0.2,0.5,0.5,60s,60,127.36028227786339,8.54348570745355,2.8478285691511833,9,1795
0.2,0.5,0.5,90s,90,130.30690138432553,8.636849654844177,2.878949884948059,9,2630
0.2,0.5,1.0,30s,30,136.70531611689182,7.266910386047208,2.4223034620157358,9,1001
0.2,0.5,1.0,60s,60,129.27766849199003,6.0832770170836925,2.027759005694564,9,1830
0.2,0.5,1.0,90s,90,132.76681390793416,13.411977267645678,4.470659089215226,9,2627
0.2,0.5,1.5,30s,30,137.83569409725425,7.963046980525286,2.6543489935084286,9,1014
0.2,0.5,1.5,60s,60,128.29788146872508,7.368613871172886,2.4562046237242954,9,1829
0.2,0.5,1.5,90s,90,131.19242922639648,10.420505235999025,3.4735017453330084,9,2540
0.2,0.5,2.0,30s,30,134.12724299184873,7.160098355039353,2.3866994516797844,9,994
0.2,0.5,2.0,60s,60,128.4740151949546,7.692159516157374,2.564053172052458,9,1870
0.2,0.5,2.0,90s,90,129.56099218790393,8.890100706116856,2.963366902038952,9,2578
0.2,0.5,2.5,30s,30,131.3269495132936,7.203983208071668,2.4013277360238896,9,988
0.2,0.5,2.5,60s,60,128.11996568759525,6.961471265768743,2.3204904219229143,9,1883
0.2,0.5,2.5,90s,90,127.9835560685213,9.448797093267698,3.149599031089233,9,2624
0.2,0.5,3.0,30s,30,133.30713850907372,7.447896426974134,2.4826321423247113,9,971
0.2,0.5,3.0,60s,60,126.69103424213439,7.063593344543856,2.3545311148479517,9,1809
0.2,0.5,3.0,90s,90,125.39442617292005,8.13684099495556,2.712280331651853,9,2664
0.2,0.6,0.0,30s,30,153.07963505776513,25.136357609013437,8.378785869671146,9,1018
0.2,0.6,0.0,60s,60,144.12557004559307,14.19972019184371,4.733240063947903,9,1724
0.2,0.6,0.0,90s,90,148.22220933081448,18.685082123669886,6.228360707889962,9,2584
0.2,0.6,0.5,30s,30,158.31982040457626,13.704894705163197,4.568298235054399,9,983
0.2,0.6,0.5,60s,60,142.78745826164842,12.709896562221802,4.236632187407268,9,1792
0.2,0.6,0.5,90s,90,146.3712296741289,12.25304874084445,4.084349580281484,9,2548
0.2,0.6,1.0,30s,30,152.72586725575422,14.520874037822818,4.84029134594094,9,989
0.2,0.6,1.0,60s,60,146.15463231203023,9.29159406602895,3.0971980220096498,9,1820
0.2,0.6,1.0,90s,90,149.35547697643904,15.000239618322308,5.000079872774102,9,2630
0.2,0.6,1.5,30s,30,150.44037598477988,10.94601913235282,3.6486730441176065,9,981
0.2,0.6,1.5,60s,60,142.46319064304947,11.00343834068415,3.6678127802280502,9,1767
0.2,0.6,1.5,90s,90,149.09544639627748,16.91044660142081,5.636815533806936,9,2565
0.2,0.6,2.0,30s,30,146.5006778352026,7.635108258762384,2.545036086254128,9,968
0.2,0.6,2.0,60s,60,142.4848593012689,11.869281876723468,3.956427292241156,9,1858
0.2,0.6,2.0,90s,90,147.20939950304845,13.27958567013083,4.426528556710276,9,2644
0.2,0.6,2.5,30s,30,144.01527265638614,7.769351985323112,2.589783995107704,9,1008
0.2,0.6,2.5,60s,60,143.59393370514536,12.057545494478433,4.019181831492811,9,1869
0.2,0.6,2.5,90s,90,144.31105475512706,12.934905990688588,4.311635330229529,9,2627
0.2,0.6,3.0,30s,30,146.256628777047,8.976876895625665,2.9922922985418885,9,940
0.2,0.6,3.0,60s,60,142.92615798802368,11.729523332849558,3.9098411109498525,9,1870
0.2,0.6,3.0,90s,90,140.11956561999312,10.603547442372657,3.534515814124219,9,2645
0.2,0.7,0.0,30s,30,163.7205453151199,23.72010338031394,7.906701126771313,9,996
0.2,0.7,0.0,60s,60,157.80478290877687,18.839907790957128,6.279969263652376,9,1759
0.2,0.7,0.0,90s,90,166.88623833804223,14.071160367674388,4.690386789224796,9,2576
0.2,0.7,0.5,30s,30,166.38696491856794,20.593211846533983,6.864403948844661,9,953
0.2,0.7,0.5,60s,60,165.89837798280723,10.345366094895265,3.4484553649650884,9,1791
0.2,0.7,0.5,90s,90,168.82690948664836,12.687195033377721,4.229065011125907,9,2549
0.2,0.7,1.0,30s,30,164.03575288049953,11.702283850260278,3.9007612834200924,9,944
0.2,0.7,1.0,60s,60,165.02314748734332,11.828888518904115,3.942962839634705,9,1805
0.2,0.7,1.0,90s,90,172.55897538936867,16.44565113079343,5.481883710264476,9,2491
0.2,0.7,1.5,30s,30,163.48009926602958,12.146299746112287,4.0487665820374295,9,935
0.2,0.7,1.5,60s,60,163.05041822191023,15.233886278590271,5.077962092863424,9,1802
0.2,0.7,1.5,90s,90,170.09526285532948,13.091081651056651,4.36369388368555,9,2632
0.2,0.7,2.0,30s,30,159.25217589456472,8.975341362402453,2.991780454134151,9,931
0.2,0.7,2.0,60s,60,159.50014740194163,13.004108304053885,4.334702768017961,9,1783
0.2,0.7,2.0,90s,90,169.59828676661576,14.966993108705607,4.988997702901869,9,2590
0.2,0.7,2.5,30s,30,157.0919604468307,6.10878791086675,2.0362626369555836,9,944
0.2,0.7,2.5,60s,60,159.76304846118907,12.351274163578484,4.117091387859495,9,1789
0.2,0.7,2.5,90s,90,165.3962141247862,18.31023067402304,6.103410224674346,9,2600
0.2,0.7,3.0,30s,30,159.05762757461304,7.024686346702011,2.341562115567337,9,934
0.2,0.7,3.0,60s,60,157.90527449751255,12.511888218266845,4.170629406088948,9,1811
0.2,0.7,3.0,90s,90,161.19810409703973,14.670052692161839,4.890017564053946,9,2626
0.2,0.8,0.0,30s,30,174.29758247437593,25.176608955896317,8.392202985298772,9,984
0.2,0.8,0.0,60s,60,173.44707853941748,14.362193843277023,4.787397947759008,9,1765
0.2,0.8,0.0,90s,90,179.2023152406764,20.073561830435985,6.691187276811995,9,2535
0.2,0.8,0.5,30s,30,179.2783917887915,21.912668177597013,7.304222725865671,9,976
0.2,0.8,0.5,60s,60,180.019519319225,16.235387136095394,5.411795712031798,9,1820
0.2,0.8,0.5,90s,90,183.20362256612714,17.66092429734318,5.886974765781059,9,2547
0.2,0.8,1.0,30s,30,177.57228036373238,11.324009989969335,3.774669996656445,9,929
0.2,0.8,1.0,60s,60,178.04065573225398,14.431867739377399,4.810622579792466,9,1780
0.2,0.8,1.0,90s,90,186.4531262349198,15.852252173445928,5.284084057815309,9,2565
0.2,0.8,1.5,30s,30,175.68004316436813,14.26927033302161,4.756423444340537,9,939
0.2,0.8,1.5,60s,60,177.2287106402663,16.263826716442143,5.421275572147381,9,1756
0.2,0.8,1.5,90s,90,187.7144047025694,19.454029958846025,6.484676652948675,9,2616
0.2,0.8,2.0,30s,30,172.5954248265567,9.762588819590748,3.254196273196916,9,982
0.2,0.8,2.0,60s,60,175.30112629540642,16.817889410650537,5.6059631368835126,9,1735
0.2,0.8,2.0,90s,90,184.0250862733755,18.19640155987621,6.065467186625404,9,2528
0.2,0.8,2.5,30s,30,170.9317050580424,10.359050971085761,3.4530169903619203,9,971
0.2,0.8,2.5,60s,60,176.56995699464505,19.835249071923172,6.611749690641058,9,1741
0.2,0.8,2.5,90s,90,182.1967209083309,19.92060549852968,6.6402018328432275,9,2525
0.2,0.8,3.0,30s,30,172.5111700557079,10.324525167196276,3.4415083890654254,9,922
0.2,0.8,3.0,60s,60,175.26106362934618,17.15783285845213,5.719277619484044,9,1759
0.2,0.8,3.0,90s,90,175.8949528637762,13.707670816841976,4.569223605613992,9,2567
0.2,0.9,0.0,30s,30,182.58794850989344,29.174774338776814,9.724924779592271,9,970
0.2,0.9,0.0,60s,60,185.32436797673938,15.000915266113084,5.000305088704361,9,1745
0.2,0.9,0.0,90s,90,192.67282334858152,21.017424243765447,7.005808081255149,9,2490
0.2,0.9,0.5,30s,30,183.20384877283342,18.77852754417938,6.259509181393127,9,945
0.2,0.9,0.5,60s,60,189.96254042523393,14.078421159286183,4.692807053095394,9,1754
0.2,0.9,0.5,90s,90,195.8102908449248,19.243611064442938,6.414537021480979,9,2548
0.2,0.9,1.0,30s,30,183.28935144471995,9.953134249189974,3.317711416396658,9,930
0.2,0.9,1.0,60s,60,190.12241495912792,14.982795266735932,4.994265088911978,9,1791
0.2,0.9,1.0,90s,90,198.5521925306535,16.76501193509432,5.588337311698107,9,2513
0.2,0.9,1.5,30s,30,183.10367162664073,13.472371511184313,4.490790503728104,9,940
0.2,0.9,1.5,60s,60,190.56972945208406,17.07332573193823,5.691108577312743,9,1813
0.2,0.9,1.5,90s,90,198.98485130918777,16.15754078761786,5.385846929205954,9,2513
0.2,0.9,2.0,30s,30,180.07538593067193,9.96411721845222,3.32137240615074,9,970
0.2,0.9,2.0,60s,60,187.77719840954532,15.330276664288121,5.110092221429373,9,1729
0.2,0.9,2.0,90s,90,198.334341308734,15.799122369929014,5.266374123309672,9,2533
0.2,0.9,2.5,30s,30,181.7778227553446,9.8733706579436,3.2911235526478664,9,936
0.2,0.9,2.5,60s,60,192.6594202213032,19.820451033397795,6.606817011132598,9,1784
0.2,0.9,2.5,90s,90,195.43094126049573,19.889193684901684,6.629731228300561,9,2457
0.2,0.9,3.0,30s,30,181.7448916159409,6.721774083206277,2.240591361068759,9,969
0.2,0.9,3.0,60s,60,187.0257131355491,13.671606656811486,4.557202218937162,9,1734
0.2,0.9,3.0,90s,90,187.65809586598897,17.898611791398928,5.9662039304663095,9,2488
0.2,1.0,0.0,30s,30,191.84372360066888,23.460058303978244,7.8200194346594145,9,947
0.2,1.0,0.0,60s,60,197.85170176064997,15.204374321962376,5.068124773987459,9,1710
0.2,1.0,0.0,90s,90,206.12315623909387,21.514952119946162,7.1716507066487205,9,2505
0.2,1.0,0.5,30s,30,195.41990622762003,23.424339101497498,7.808113033832499,9,911
0.2,1.0,0.5,60s,60,201.3682577415634,16.226437273079437,5.408812424359812,9,1764
0.2,1.0,0.5,90s,90,207.82422078139533,20.874816946868137,6.958272315622712,9,2480
0.2,1.0,1.0,30s,30,193.5660624858191,13.61878363262747,4.539594544209156,9,918
0.2,1.0,1.0,60s,60,202.48082809575646,15.331131178141206,5.110377059380402,9,1745
0.2,1.0,1.0,90s,90,208.23121346448883,17.135215796919237,5.711738598973079,9,2485
0.2,1.0,1.5,30s,30,192.5132826188229,14.71339586478286,4.904465288260954,9,891
0.2,1.0,1.5,60s,60,202.56980542799178,17.522412649313893,5.840804216437964,9,1751
0.2,1.0,1.5,90s,90,209.59409914094155,18.23617375342749,6.07872458447583,9,2466
0.2,1.0,2.0,30s,30,190.9227248377025,11.070003243112387,3.690001081037462,9,982
0.2,1.0,2.0,60s,60,198.93813811111443,18.82407380512077,6.27469126837359,9,1745
0.2,1.0,2.0,90s,90,206.9837897516948,16.03678058050117,5.345593526833723,9,2478
0.2,1.0,2.5,30s,30,193.12810200270513,7.996987128656509,2.6656623762188363,9,927
0.2,1.0,2.5,60s,60,203.89236000691247,20.08899613652936,6.696332045509787,9,1746
0.2,1.0,2.5,90s,90,206.54678058187045,19.43485105095191,6.478283683650637,9,2532
0.2,1.0,3.0,30s,30,195.5065153915658,9.179580904162737,3.059860301387579,9,969
0.2,1.0,3.0,60s,60,200.86979523885068,16.549633049963198,5.516544349987733,9,1748
0.2,1.0,3.0,90s,90,199.86912802985964,16.910091568532454,5.636697189510818,9,2518
0.25,0.5,0.0,30s,30,133.86872454484123,18.24972780315526,6.0832426010517535,9,950
0.25,0.5,0.0,60s,60,127.14403068466716,10.201265144916603,3.4004217149722007,9,1720
0.25,0.5,0.0,90s,90,130.0342312557503,12.185263508896304,4.061754502965434,9,2481
0.25,0.5,0.5,30s,30,135.36635439000204,8.757288827233447,2.9190962757444825,9,995
0.25,0.5,0.5,60s,60,125.94288175169721,10.066951807207506,3.355650602402502,9,1721
0.25,0.5,0.5,90s,90,130.31283431814126,9.300287199097287,3.100095733032429,9,2482
0.25,0.5,1.0,30s,30,140.6688424037132,9.040420201859089,3.0134734006196964,9,925
0.25,0.5,1.0,60s,60,129.39394009112664,8.703611269369542,2.901203756456514,9,1743
0.25,0.5,1.0,90s,90,131.57126005221735,11.794271498720754,3.9314238329069178,9,2538
0.25,0.5,1.5,30s,30,136.91154739117133,10.520013571698836,3.5066711905662786,9,1004
0.25,0.5,1.5,60s,60,127.22719522029428,6.862357253127188,2.2874524177090625,9,1815
0.25,0.5,1.5,90s,90,131.7821227229765,12.677433128990382,4.225811042996794,9,2496
0.25,0.5,2.0,30s,30,133.96674743673563,7.705651353712136,2.5685504512373787,9,934
0.25,0.5,2.0,60s,60,127.09896114073818,6.78440208808822,2.2614673626960733,9,1778
0.25,0.5,2.0,90s,90,128.5366493316995,9.271244179432625,3.0904147264775417,9,2453
0.25,0.5,2.5,30s,30,131.70443297534058,7.257369837933522,2.419123279311174,9,930
0.25,0.5,2.5,60s,60,126.29861941168406,7.929042742017603,2.643014247339201,9,1741
0.25,0.5,2.5,90s,90,126.55415004731276,7.653045378735639,2.551015126245213,9,2513
0.25,0.5,3.0,30s,30,132.44058706346647,7.2273984426000935,2.409132814200031,9,937
0.25,0.5,3.0,60s,60,127.32549830370853,6.4867986994665605,2.16226623315552,9,1807
0.25,0.5,3.0,90s,90,125.40179731277479,8.312021345820122,2.7706737819400407,9,2458
0.25,0.6,0.0,30s,30,153.5958522314735,23.94136663228886,7.980455544096287,9,975
0.25,0.6,0.0,60s,60,142.55806382144826,14.110566393021445,4.703522131007149,9,1731
0.25,0.6,0.0,90s,90,146.22210354168976,14.646718137078565,4.882239379026188,9,2456
0.25,0.6,0.5,30s,30,155.06439868478614,15.097433102265645,5.032477700755215,9,941
0.25,0.6,0.5,60s,60,141.51299889555892,11.843466925664925,3.9478223085549753,9,1744
0.25,0.6,0.5,90s,90,145.44747607667756,11.95178806047846,3.98392935349282,9,2446
0.25,0.6,1.0,30s,30,152.23561531965683,8.96722424895355,2.989074749651183,9,957
0.25,0.6,1.0,60s,60,143.72059692695865,9.881461128405249,3.293820376135083,9,1748
0.25,0.6,1.0,90s,90,147.98389786083055,14.49796435014693,4.83265478338231,9,2537
0.25,0.6,1.1,30s,30,153.36289355565262,12.15272571497125,4.050908571657083,9,942
0.25,0.6,1.1,60s,60,145.13389197934316,9.162016948148416,3.0540056493828054,9,1729
0.25,0.6,1.1,90s,90,149.26193849669187,15.145611166337442,5.048537055445814,9,2434
0.25,0.6,1.2,30s,30,152.42132742627592,11.585644584233064,3.861881528077688,9,967
0.25,0.6,1.2,60s,60,143.6813720515831,9.973387641098794,3.3244625470329314,9,1710
0.25,0.6,1.2,90s,90,150.288058048278,14.637928482358596,4.879309494119532,9,2488
0.25,0.6,1.3,30s,30,152.40177359354902,12.005859163864399,4.001953054621466,9,888
0.25,0.6,1.3,60s,60,144.04891730115048,9.056049506886477,3.018683168962159,9,1661
0.25,0.6,1.3,90s,90,149.19638918959984,15.04534861529169,5.01511620509723,9,2550
0.25,0.6,1.4,30s,30,153.1747182709509,11.135501304051468,3.711833768017156,9,924
0.25,0.6,1.4,60s,60,142.79078404805293,10.071770800669626,3.357256933556542,9,1722
0.25,0.6,1.4,90s,90,147.82255769415121,13.482792562390543,4.494264187463514,9,2480
0.25,0.6,1.5,30s,30,150.0530918055416,10.805983320296201,3.601994440098734,9,950
0.25,0.6,1.5,60s,60,143.16045581189198,9.263420139268254,3.087806713089418,9,1697
0.25,0.6,1.5,90s,90,147.14591515787296,13.8500356889411,4.616678562980367,9,2413
0.25,0.6,1.6,30s,30,149.1134561534669,9.914599832173122,3.3048666107243743,9,944
0.25,0.6,1.6,60s,60,141.87482869526232,11.41374563104841,3.804581877016137,9,1728
0.25,0.6,1.6,90s,90,146.69915554528808,13.791939726737342,4.5973132422457805,9,2422
0.25,0.6,1.7,30s,30,149.61948574242072,8.608330505146611,2.869443501715537,9,912
0.25,0.6,1.7,60s,60,142.0266374905004,11.179222070150699,3.7264073567168996,9,1727
0.25,0.6,1.7,90s,90,147.24505303367192,13.813295364100888,4.604431788033629,9,2489
0.25,0.6,1.8,30s,30,148.78993964396918,6.73398057061421,2.2446601902047365,9,959
0.25,0.6,1.8,60s,60,140.40760874038898,9.447602454681327,3.149200818227109,9,1723
0.25,0.6,1.8,90s,90,145.7454080350747,11.563645820013138,3.8545486066710457,9,2416
0.25,0.6,1.9,30s,30,149.6998646935239,7.20357682208239,2.4011922740274634,9,949
0.25,0.6,1.9,60s,60,141.55138638901929,11.291366060868729,3.763788686956243,9,1719
0.25,0.6,1.9,90s,90,146.64445280099847,13.147893204147966,4.382631068049322,9,2470
0.25,0.6,2.0,30s,30,146.45148610155542,7.660882304939064,2.553627434979688,9,952
0.25,0.6,2.0,60s,60,141.55824143397325,11.609461956528305,3.869820652176102,9,1761
0.25,0.6,2.0,90s,90,146.68131663384867,13.472923587495659,4.49097452916522,9,2455
0.25,0.6,2.5,30s,30,143.51977874348697,8.313705197618031,2.771235065872677,9,968
0.25,0.6,2.5,60s,60,140.64369486580006,11.242502654824339,3.7475008849414464,9,1672
0.25,0.6,2.5,90s,90,142.32166224998824,11.391075296846697,3.797025098948899,9,2463
0.25,0.6,3.0,30s,30,144.36684823365692,9.487825306084506,3.162608435361502,9,925
0.25,0.6,3.0,60s,60,141.5802746582472,9.710279588365651,3.2367598627885505,9,1781
0.25,0.6,3.0,90s,90,140.62733735857555,10.674476211708289,3.5581587372360963,9,2475
0.25,0.61,1.0,30s,30,154.73347355070794,14.233660501569481,4.7445535005231605,9,933
0.25,0.61,1.0,60s,60,146.01214506478848,12.947987405713981,4.31599580190466,9,1674
0.25,0.61,1.0,90s,90,150.93092201726805,16.375447706003524,5.458482568667841,9,2425
0.25,0.61,1.1,30s,30,153.41185643739107,11.483823488999858,3.8279411629999527,9,919
0.25,0.61,1.1,60s,60,147.18373561318634,10.27690101397287,3.42563367132429,9,1728
0.25,0.61,1.1,90s,90,152.9201851354522,18.03255168736756,6.010850562455854,9,2471
0.25,0.61,1.2,30s,30,153.7489661414697,11.830474600796784,3.943491533598928,9,930
0.25,0.61,1.2,60s,60,144.54222719475027,9.413644743250432,3.137881581083477,9,1740
0.25,0.61,1.2,90s,90,152.6622728369604,16.340792161603964,5.446930720534655,9,2492
0.25,0.61,1.3,30s,30,153.09462764757288,13.709090896388007,4.569696965462669,9,984
0.25,0.61,1.3,60s,60,144.16586268553698,10.967521634854142,3.655840544951381,9,1684
0.25,0.61,1.3,90s,90,152.2368027260185,16.42482148338868,5.474940494462893,9,2465
0.25,0.61,1.4,30s,30,151.08527105461894,11.267265509604066,3.755755169868022,9,952
0.25,0.61,1.4,60s,60,143.4339885362888,9.309050601450956,3.1030168671503184,9,1724
0.25,0.61,1.4,90s,90,152.39961057192357,16.758308539676282,5.58610284655876,9,2412
0.25,0.61,1.5,30s,30,151.2755709997945,10.628299450931225,3.542766483643742,9,937
0.25,0.61,1.5,60s,60,143.27505584132018,10.693010181377504,3.5643367271258346,9,1733
0.25,0.61,1.5,90s,90,151.8699232710071,15.654116153982027,5.218038717994009,9,2498
0.25,0.61,1.6,30s,30,149.39458151686188,10.3089760176152,3.4363253392050663,9,953
0.25,0.61,1.6,60s,60,143.29978072699058,10.816634919828111,3.605544973276037,9,1736
0.25,0.61,1.6,90s,90,149.22618418118202,11.82182585481383,3.940608618271277,9,2459
0.25,0.61,1.7,30s,30,148.5249577925484,7.472198337015106,2.4907327790050355,9,945
0.25,0.61,1.7,60s,60,143.28394333734732,11.376898774089128,3.7922995913630424,9,1729
0.25,0.61,1.7,90s,90,150.55705095264895,13.705333734847498,4.5684445782825,9,2458
0.25,0.61,1.8,30s,30,149.78637451920395,8.731975026696428,2.910658342232143,9,912
0.25,0.61,1.8,60s,60,143.73059229844498,11.242133697209814,3.7473778990699382,9,1707
0.25,0.61,1.8,90s,90,150.736866207928,15.100803681524901,5.033601227174967,9,2468
0.25,0.61,1.9,30s,30,148.7863334953317,7.284919326705537,2.4283064422351788,9,965
0.25,0.61,1.9,60s,60,142.87850241089035,11.56718589048586,3.8557286301619533,9,1792
0.25,0.61,1.9,90s,90,150.06949955012112,13.889882669461969,4.629960889820656,9,2502
0.25,0.61,2.0,30s,30,147.6472722269878,7.219494125192455,2.4064980417308184,9,971
0.25,0.61,2.0,60s,60,141.95873512893576,11.518895964665889,3.839631988221963,9,1697
0.25,0.61,2.0,90s,90,148.59571663588343,12.382191296180762,4.127397098726921,9,2474
0.25,0.62,1.0,30s,30,156.03836147015082,15.158444581397491,5.052814860465831,9,945
0.25,0.62,1.0,60s,60,147.4900102796403,10.614849106334074,3.538283035444691,9,1717
0.25,0.62,1.0,90s,90,153.49570303778543,15.484120487177375,5.161373495725791,9,2452
0.25,0.62,1.1,30s,30,152.3401020898564,12.379727734429293,4.126575911476431,9,941
0.25,0.62,1.1,60s,60,149.09131063828366,10.845482716503227,3.615160905501076,9,1700
0.25,0.62,1.1,90s,90,153.89557865721352,14.783942694802333,4.927980898267444,9,2507
0.25,0.62,1.2,30s,30,153.74708281739132,9.773324408568998,3.2577748028563325,9,956
0.25,0.62,1.2,60s,60,147.9200246952558,10.918413301841788,3.6394711006139295,9,1706
0.25,0.62,1.2,90s,90,152.79634082606702,13.71329960139794,4.571099867132647,9,2413
0.25,0.62,1.3,30s,30,153.5919093379351,10.237201247810347,3.4124004159367822,9,906
0.25,0.62,1.3,60s,60,145.36511661022527,11.236522412233565,3.745507470744522,9,1732
0.25,0.62,1.3,90s,90,153.63245416548358,16.845420475820234,5.615140158606745,9,2467
0.25,0.62,1.4,30s,30,151.7790828736053,12.135535109643337,4.045178369881112,9,953
0.25,0.62,1.4,60s,60,145.01950660785602,13.001758111302697,4.3339193704342325,9,1681
0.25,0.62,1.4,90s,90,153.38521072547414,17.25267643920732,5.75089214640244,9,2515
0.25,0.62,1.5,30s,30,150.91624782600968,11.508587338857955,3.8361957796193185,9,951
0.25,0.62,1.5,60s,60,145.97668346978395,12.789686349191738,4.263228783063913,9,1714
0.25,0.62,1.5,90s,90,150.89625021105587,12.807273369909916,4.269091123303306,9,2477
0.25,0.62,1.6,30s,30,149.75086313148594,10.665766170066822,3.5552553900222743,9,947
0.25,0.62,1.6,60s,60,147.00078083273925,12.89069523465657,4.29689841155219,9,1699
0.25,0.62,1.6,90s,90,152.1097810989575,14.68120580811417,4.89373526937139,9,2500
0.25,0.62,1.7,30s,30,151.74460805816372,8.277975789023994,2.759325263007998,9,959
0.25,0.62,1.7,60s,60,145.74164020514434,12.409961098331284,4.1366536994437615,9,1701
0.25,0.62,1.7,90s,90,151.5123030200854,12.886401185727804,4.295467061909268,9,2473
0.25,0.62,1.8,30s,30,150.2967551386162,8.691147761416374,2.897049253805458,9,933
0.25,0.62,1.8,60s,60,146.37030696968148,12.0582626771085,4.0194208923695,9,1747
0.25,0.62,1.8,90s,90,151.64036563902755,14.88961209304381,4.9632040310146035,9,2497
0.25,0.62,1.9,30s,30,150.5189909157763,9.846158922621655,3.282052974207218,9,945
0.25,0.62,1.9,60s,60,145.65013240250022,12.883993877064077,4.294664625688026,9,1722
0.25,0.62,1.9,90s,90,149.63093380135345,12.509072984160916,4.169690994720305,9,2441
0.25,0.62,2.0,30s,30,147.4354873315511,7.410001468287506,2.4700004894291685,9,920
0.25,0.62,2.0,60s,60,146.2739550265054,13.829382207632895,4.609794069210965,9,1659
0.25,0.62,2.0,90s,90,148.2737349583007,10.840006662740679,3.613335554246893,9,2459
0.25,0.63,1.0,30s,30,156.89505823726068,15.80821871013464,5.269406236711546,9,944
0.25,0.63,1.0,60s,60,151.01201926926922,11.35106572328528,3.7836885744284268,9,1714
0.25,0.63,1.0,90s,90,153.19491983379947,12.691807411474274,4.230602470491425,9,2458
0.25,0.63,1.1,30s,30,155.7891717952722,13.325022325229833,4.441674108409944,9,976
0.25,0.63,1.1,60s,60,152.1991612581531,9.287549855184578,3.0958499517281926,9,1702
0.25,0.63,1.1,90s,90,155.77186745955694,16.87809189079833,5.6260306302661105,9,2467
0.25,0.63,1.2,30s,30,154.99145881520096,12.044333533098817,4.0147778443662725,9,928
0.25,0.63,1.2,60s,60,149.6587514522598,11.740325606844047,3.913441868948016,9,1674
0.25,0.63,1.2,90s,90,153.81228076561013,13.463060498586318,4.487686832862106,9,2447
0.25,0.63,1.3,30s,30,153.20769764668916,12.751559844432936,4.250519948144312,9,980
0.25,0.63,1.3,60s,60,149.36131307951416,12.301742316252712,4.100580772084237,9,1719
0.25,0.63,1.3,90s,90,154.43304858672457,15.50956938351789,5.16985646117263,9,2479
0.25,0.63,1.4,30s,30,152.00265421328484,12.270720955724249,4.090240318574749,9,972
0.25,0.63,1.4,60s,60,149.30752370079998,11.0252398712721,3.6750799570907002,9,1691
0.25,0.63,1.4,90s,90,153.968536536304,14.87934811738178,4.959782705793926,9,2434
0.25,0.63,1.5,30s,30,154.03830369908135,11.371204949752233,3.790401649917411,9,909
0.25,0.63,1.5,60s,60,148.5564167653365,12.77416705166208,4.25805568388736,9,1728
0.25,0.63,1.5,90s,90,154.31612458647544,15.652280027433877,5.217426675811292,9,2504
0.25,0.63,1.6,30s,30,152.43984857857393,10.757726777604725,3.585908925868242,9,937
0.25,0.63,1.6,60s,60,149.18633431171094,12.718471674502943,4.239490558167648,9,1672
0.25,0.63,1.6,90s,90,153.6166407857723,15.853364309466436,5.284454769822145,9,2497
0.25,0.63,1.7,30s,30,148.85764751512167,8.559400840607243,2.8531336135357477,9,888
0.25,0.63,1.7,60s,60,147.9851551936367,11.91055836444879,3.97018612148293,9,1758
0.25,0.63,1.7,90s,90,153.07230948778144,14.207697990751123,4.7358993302503745,9,2462
0.25,0.63,1.8,30s,30,150.33842316821392,8.468510005734364,2.8228366685781214,9,906
0.25,0.63,1.8,60s,60,148.37209641141044,12.422668485508174,4.140889495169391,9,1697
0.25,0.63,1.8,90s,90,153.49113664148365,12.996893835739451,4.332297945246483,9,2514
0.25,0.63,1.9,30s,30,151.36278719045146,9.702988534932881,3.234329511644294,9,913
0.25,0.63,1.9,60s,60,148.15740595086746,12.407042861796011,4.135680953932003,9,1691
0.25,0.63,1.9,90s,90,151.2593302279023,12.82162909711028,4.273876365703427,9,2424
0.25,0.63,2.0,30s,30,150.7292177775455,8.328259647334695,2.776086549111565,9,935
0.25,0.63,2.0,60s,60,147.36345831170567,13.202555374278079,4.400851791426026,9,1732
0.25,0.63,2.0,90s,90,149.37568369466575,11.247739488367953,3.7492464961226513,9,2444
0.25,0.64,1.0,30s,30,156.65064982736976,13.510915510582214,4.503638503527404,9,934
0.25,0.64,1.0,60s,60,153.0023727219895,9.344557608189826,3.114852536063275,9,1696
0.25,0.64,1.0,90s,90,157.6409366969729,16.837327426902185,5.612442475634062,9,2462
0.25,0.64,1.1,30s,30,157.244960171953,13.96961902626827,4.656539675422756,9,961
0.25,0.64,1.1,60s,60,151.85821340602837,10.27296639559858,3.424322131866193,9,1644
0.25,0.64,1.1,90s,90,158.3650811184317,15.894774719061278,5.298258239687093,9,2445
0.25,0.64,1.2,30s,30,154.61337224452106,13.589391062663905,4.529797020887968,9,930
0.25,0.64,1.2,60s,60,150.77160122704842,10.589283142865455,3.529761047621818,9,1704
0.25,0.64,1.2,90s,90,158.38475962886903,16.221754699880172,5.407251566626724,9,2405
0.25,0.64,1.3,30s,30,154.74172795758264,12.670986402495764,4.223662134165255,9,931
0.25,0.64,1.3,60s,60,151.7107908621532,9.461224660742579,3.1537415535808595,9,1685
0.25,0.64,1.3,90s,90,158.96850946110078,17.346759152265413,5.782253050755138,9,2387
0.25,0.64,1.4,30s,30,155.33566255944976,13.175751141698413,4.391917047232805,9,941
0.25,0.64,1.4,60s,60,152.02762931001322,10.613460466074882,3.5378201553582937,9,1742
0.25,0.64,1.4,90s,90,157.9405524991718,16.062197913863812,5.3540659712879375,9,2442
0.25,0.64,1.5,30s,30,156.120689964214,13.390460437490304,4.463486812496768,9,959
0.25,0.64,1.5,60s,60,151.46332558515925,13.86702634071075,4.62234211357025,9,1702
0.25,0.64,1.5,90s,90,158.1727672166777,17.00095813012964,5.666986043376546,9,2493
0.25,0.64,1.6,30s,30,155.1658021716555,11.416315943284692,3.805438647761564,9,940
0.25,0.64,1.6,60s,60,151.06581659687237,13.37462254920232,4.4582075164007735,9,1739
0.25,0.64,1.6,90s,90,155.95879710763654,14.02945143484941,4.67648381161647,9,2457
0.25,0.64,1.7,30s,30,153.3986484518725,8.027347114056559,2.675782371352186,9,910
0.25,0.64,1.7,60s,60,151.9622688345905,13.358007396544796,4.452669132181598,9,1723
0.25,0.64,1.7,90s,90,155.98939668367268,13.616482378543358,4.538827459514453,9,2488
0.25,0.64,1.8,30s,30,153.24848562224108,7.601891587075307,2.5339638623584357,9,925
0.25,0.64,1.8,60s,60,150.7326166750495,13.406126506885306,4.468708835628435,9,1695
0.25,0.64,1.8,90s,90,156.6972038342428,15.916442839457684,5.305480946485894,9,2454
0.25,0.64,1.9,30s,30,150.45535937765678,7.127407775629612,2.3758025918765373,9,916
0.25,0.64,1.9,60s,60,149.3372635724483,13.234829562128793,4.411609854042931,9,1682
0.25,0.64,1.9,90s,90,155.75860982479227,14.258431093056279,4.752810364352093,9,2463
0.25,0.64,2.0,30s,30,152.09964735162626,9.07363215557558,3.024544051858527,9,884
0.25,0.64,2.0,60s,60,149.2156902518973,12.700932864100647,4.233644288033549,9,1660
0.25,0.64,2.0,90s,90,155.87694078435808,14.348020216037506,4.782673405345835,9,2465
0.25,0.65,1.0,30s,30,156.54911826466676,14.288668488045104,4.762889496015035,9,954
0.25,0.65,1.0,60s,60,155.07750541571806,10.757765817054738,3.5859219390182457,9,1721
0.25,0.65,1.0,90s,90,160.2747351853424,15.482388914499932,5.160796304833311,9,2492
0.25,0.65,1.1,30s,30,155.83785955392656,12.045628987505218,4.015209662501739,9,934
0.25,0.65,1.1,60s,60,151.99012822958724,12.593794395590656,4.197931465196885,9,1644
0.25,0.65,1.1,90s,90,161.24989975374427,15.559458807879743,5.186486269293248,9,2458
0.25,0.65,1.2,30s,30,157.10938080143595,11.087905999387113,3.6959686664623708,9,938
0.25,0.65,1.2,60s,60,153.90797526279485,10.334044707416053,3.4446815691386843,9,1723
0.25,0.65,1.2,90s,90,159.59982022487608,13.332404072814741,4.444134690938247,9,2455
0.25,0.65,1.3,30s,30,156.40884150801784,13.565759984115667,4.521919994705223,9,963
0.25,0.65,1.3,60s,60,152.23155639477596,10.240966821505014,3.4136556071683377,9,1723
0.25,0.65,1.3,90s,90,160.57987107731614,16.26164808143395,5.420549360477984,9,2419
0.25,0.65,1.4,30s,30,155.77516280775157,14.650580101216791,4.883526700405597,9,939
0.25,0.65,1.4,60s,60,150.84338262086627,11.324904277076115,3.774968092358705,9,1740
0.25,0.65,1.4,90s,90,161.07659815582772,16.26075414635246,5.420251382117487,9,2453
0.25,0.65,1.5,30s,30,155.96580031941096,11.399351094448873,3.7997836981496245,9,953
0.25,0.65,1.5,60s,60,152.18665892059425,11.381024062528326,3.793674687509442,9,1755
0.25,0.65,1.5,90s,90,159.48065858039269,14.443862333212968,4.814620777737656,9,2453
0.25,0.65,1.6,30s,30,153.48788175497222,10.999438407901296,3.666479469300432,9,922
0.25,0.65,1.6,60s,60,151.34687002098363,10.94578992978808,3.6485966432626937,9,1743
0.25,0.65,1.6,90s,90,160.46135993495315,16.098936965778762,5.366312321926254,9,2503
0.25,0.65,1.7,30s,30,153.9192643204108,8.853654024062065,2.9512180080206885,9,936
0.25,0.65,1.7,60s,60,151.20886290358706,10.573833645271476,3.524611215090492,9,1722
0.25,0.65,1.7,90s,90,159.41407601020322,15.169348850700732,5.056449616900244,9,2421
0.25,0.65,1.8,30s,30,155.4520466585333,10.312793324383552,3.4375977747945172,9,935
0.25,0.65,1.8,60s,60,150.73665067612018,11.471823440148729,3.8239411467162427,9,1685
0.25,0.65,1.8,90s,90,155.93878953820607,11.481053893998874,3.8270179646662914,9,2435
0.25,0.65,1.9,30s,30,153.72461801293886,8.4153705496301,2.805123516543367,9,928
0.25,0.65,1.9,60s,60,151.40318942987605,11.42443870056491,3.8081462335216365,9,1660
0.25,0.65,1.9,90s,90,157.5252201816986,14.714793792855149,4.904931264285049,9,2449
0.25,0.65,2.0,30s,30,151.26871263597985,8.329758678218617,2.7765862260728724,9,929
0.25,0.65,2.0,60s,60,150.55831118076244,11.163711050773982,3.7212370169246607,9,1702
0.25,0.65,2.0,90s,90,157.67288838487605,13.635306325439556,4.545102108479852,9,2437
0.25,0.66,1.0,30s,30,160.01745838828563,15.145974729553444,5.048658243184481,9,942
0.25,0.66,1.0,60s,60,155.86133427641184,9.46700252090747,3.155667506969157,9,1704
0.25,0.66,1.0,90s,90,162.44421838167486,17.260504825359867,5.753501608453289,9,2428
0.25,0.66,1.1,30s,30,157.6905812652324,12.01097191255156,4.003657304183853,9,913
0.25,0.66,1.1,60s,60,154.64165303553403,9.443810503074545,3.1479368343581817,9,1715
0.25,0.66,1.1,90s,90,163.86774253742536,14.25178554104286,4.75059518034762,9,2432
0.25,0.66,1.2,30s,30,158.3325185271766,11.219300542055397,3.739766847351799,9,919
0.25,0.66,1.2,60s,60,156.08996271423985,8.657387957592249,2.885795985864083,9,1705
0.25,0.66,1.2,90s,90,164.08179869351696,15.53637730054111,5.178792433513704,9,2488
0.25,0.66,1.3,30s,30,158.80058364716805,13.552275458853,4.517425152951,9,932
0.25,0.66,1.3,60s,60,154.4295332061538,11.439153430876825,3.8130511436256085,9,1694
0.25,0.66,1.3,90s,90,165.3206218632135,16.168603168712018,5.389534389570673,9,2460
0.25,0.66,1.4,30s,30,156.2688580885433,11.36063856204923,3.7868795206830765,9,924
0.25,0.66,1.4,60s,60,153.74339101786362,10.55119472224668,3.5170649074155604,9,1698
0.25,0.66,1.4,90s,90,162.72853926073128,15.165291858611342,5.055097286203781,9,2433
0.25,0.66,1.5,30s,30,154.77348757967133,9.431829725796966,3.143943241932322,9,930
0.25,0.66,1.5,60s,60,153.1523839787484,10.382259101080408,3.4607530336934693,9,1658
0.25,0.66,1.5,90s,90,162.032337595081,13.105003044779895,4.368334348259965,9,2450
0.25,0.66,1.6,30s,30,157.81148774356768,10.190945109950695,3.3969817033168983,9,934
0.25,0.66,1.6,60s,60,152.8369749076747,10.887467678694865,3.629155892898288,9,1673
0.25,0.66,1.6,90s,90,162.32921189112506,14.892320461221189,4.964106820407063,9,2467
0.25,0.66,1.7,30s,30,156.89145478704117,8.528826488837554,2.8429421629458513,9,883
0.25,0.66,1.7,60s,60,153.61615594374,9.921961889689209,3.307320629896403,9,1726
0.25,0.66,1.7,90s,90,161.65783830927418,12.763694395508285,4.254564798502762,9,2532
0.25,0.66,1.8,30s,30,155.11494391146653,7.0447914708517585,2.348263823617253,9,876
0.25,0.66,1.8,60s,60,152.6922963033924,11.671841880788465,3.890613960262822,9,1730
0.25,0.66,1.8,90s,90,161.10145266878126,13.659239526870032,4.5530798422900105,9,2466
0.25,0.66,1.9,30s,30,155.2382427762752,8.284708043137902,2.761569347712634,9,931
0.25,0.66,1.9,60s,60,153.4791490451405,11.485473379396074,3.8284911264653583,9,1711
0.25,0.66,1.9,90s,90,160.60427953139867,14.457436500508077,4.819145500169359,9,2504
0.25,0.66,2.0,30s,30,152.63445885082177,8.659711187863735,2.8865703959545783,9,913
0.25,0.66,2.0,60s,60,150.7640083707048,11.381075082494844,3.793691694164948,9,1685
0.25,0.66,2.0,90s,90,158.6432585794629,11.996629960971795,3.998876653657265,9,2454
0.25,0.67,1.0,30s,30,161.0264211376469,15.370560825975643,5.123520275325214,9,932
0.25,0.67,1.0,60s,60,156.51100645816192,8.540589678336552,2.846863226112184,9,1660
0.25,0.67,1.0,90s,90,165.30275077860477,14.437011566617182,4.812337188872394,9,2477
0.25,0.67,1.1,30s,30,156.20075934667835,9.029238890171312,3.0097462967237707,9,983
0.25,0.67,1.1,60s,60,157.7509677361627,8.507953858667339,2.8359846195557794,9,1697
0.25,0.67,1.1,90s,90,166.38455968260828,16.471214522448886,5.4904048408162955,9,2490
0.25,0.67,1.2,30s,30,155.77825899909982,10.42375585789472,3.4745852859649067,9,955
0.25,0.67,1.2,60s,60,156.77705803108205,8.8991028677468,2.9663676225822666,9,1728
0.25,0.67,1.2,90s,90,168.32822776743652,17.341036002436553,5.780345334145518,9,2476
0.25,0.67,1.3,30s,30,157.62735423310036,11.549530102353064,3.849843367451021,9,933
0.25,0.67,1.3,60s,60,158.6127840400764,10.339990219928469,3.446663406642823,9,1703
0.25,0.67,1.3,90s,90,164.3957835598205,15.171396260585938,5.057132086861979,9,2465
0.25,0.67,1.4,30s,30,158.8211234131556,13.287450457660016,4.429150152553339,9,924
0.25,0.67,1.4,60s,60,155.1169963274484,9.324972265462694,3.108324088487565,9,1733
0.25,0.67,1.4,90s,90,166.00496629828683,15.41115918389031,5.13705306129677,9,2522
0.25,0.67,1.5,30s,30,158.68032779399292,11.280714599425613,3.7602381998085375,9,945
0.25,0.67,1.5,60s,60,153.7674160280942,11.056772913753475,3.6855909712511585,9,1680
0.25,0.67,1.5,90s,90,166.0042235795375,16.928240948921495,5.642746982973832,9,2413
0.25,0.67,1.6,30s,30,159.11685118685807,8.524907947052878,2.8416359823509594,9,929
0.25,0.67,1.6,60s,60,154.82747807860375,11.48885207996034,3.82961735998678,9,1660
0.25,0.67,1.6,90s,90,164.61523204100615,16.096069154514588,5.365356384838196,9,2420
0.25,0.67,1.7,30s,30,156.02229809352536,10.456251287904118,3.4854170959680393,9,926
0.25,0.67,1.7,60s,60,154.9716773150509,11.87712722696671,3.9590424089889034,9,1709
0.25,0.67,1.7,90s,90,163.38015586586522,14.245940595403829,4.748646865134609,9,2439
0.25,0.67,1.8,30s,30,156.06655752208505,8.286842532846249,2.762280844282083,9,920
0.25,0.67,1.8,60s,60,153.99636302374222,10.920302014306523,3.640100671435508,9,1736
0.25,0.67,1.8,90s,90,164.17242632341083,15.235811314145147,5.078603771381716,9,2442
0.25,0.67,1.9,30s,30,154.99917026470877,8.438499693400196,2.8128332311333986,9,874
0.25,0.67,1.9,60s,60,153.90717816658142,11.770048337249351,3.9233494457497837,9,1705
0.25,0.67,1.9,90s,90,161.33599053074843,13.287786686883143,4.429262228961048,9,2442
0.25,0.67,2.0,30s,30,154.44222393350665,6.761286461713502,2.2537621539045007,9,874
0.25,0.67,2.0,60s,60,154.30727804637883,11.797793750296654,3.9325979167655514,9,1710
0.25,0.67,2.0,90s,90,160.32267997291882,12.681401844782508,4.227133948260836,9,2382
0.25,0.68,1.0,30s,30,160.80229876617562,11.298303870789628,3.7661012902632094,9,939
0.25,0.68,1.0,60s,60,159.92134581486877,9.881838147475838,3.2939460491586128,9,1714
0.25,0.68,1.0,90s,90,167.8575160671499,18.099142592647286,6.0330475308824285,9,2453
0.25,0.68,1.1,30s,30,159.0755278428336,12.274866180777375,4.091622060259125,9,942
0.25,0.68,1.1,60s,60,158.76123378103264,8.429738015469491,2.8099126718231635,9,1738
0.25,0.68,1.1,90s,90,168.45512347781067,15.880469363258984,5.2934897877529945,9,2431
0.25,0.68,1.2,30s,30,159.6369531167871,11.86443493234935,3.9548116441164503,9,933
0.25,0.68,1.2,60s,60,158.55491275509274,9.887947519061742,3.295982506353914,9,1757
0.25,0.68,1.2,90s,90,166.57061839213395,14.372312449128218,4.790770816376073,9,2500
0.25,0.68,1.3,30s,30,158.57365326999863,11.750419624071574,3.9168065413571913,9,947
0.25,0.68,1.3,60s,60,156.56777382063376,8.14314553139965,2.7143818437998832,9,1698
0.25,0.68,1.3,90s,90,168.75177052075867,18.309011659839232,6.103003886613077,9,2447
0.25,0.68,1.4,30s,30,160.42623882715577,12.576644185251538,4.19221472841718,9,932
0.25,0.68,1.4,60s,60,156.23743515902547,11.688167658782485,3.8960558862608283,9,1763
0.25,0.68,1.4,90s,90,167.50281756443707,16.37266326870572,5.457554422901906,9,2487
0.25,0.68,1.5,30s,30,158.49879566314084,12.28441694501444,4.094805648338147,9,915
0.25,0.68,1.5,60s,60,156.7684680244944,13.410049638749443,4.4700165462498145,9,1708
0.25,0.68,1.5,90s,90,169.3706576142469,17.413040713829158,5.804346904609719,9,2505
0.25,0.68,1.6,30s,30,157.39608739718125,11.012783563900276,3.6709278546334256,9,953
0.25,0.68,1.6,60s,60,155.86338206966718,11.769586426999513,3.9231954756665046,9,1675
0.25,0.68,1.6,90s,90,166.97592206874018,16.826570000555602,5.608856666851867,9,2427
0.25,0.68,1.7,30s,30,158.768417185697,9.700175092063649,3.23339169735455,9,942
0.25,0.68,1.7,60s,60,155.68087848792212,11.216029338288148,3.7386764460960493,9,1749
0.25,0.68,1.7,90s,90,167.33955215099328,18.25829689615195,6.086098965383983,9,2471
0.25,0.68,1.8,30s,30,158.34657136370345,8.248777102490505,2.749592367496835,9,930
0.25,0.68,1.8,60s,60,157.9180792957778,14.20479439999031,4.734931466663437,9,1740
0.25,0.68,1.8,90s,90,166.8564666853238,18.353246515327925,6.117748838442641,9,2418
0.25,0.68,1.9,30s,30,157.29174072056745,7.094891298210911,2.3649637660703036,9,911
0.25,0.68,1.9,60s,60,155.92265126535239,11.808187511524471,3.9360625038414905,9,1705
0.25,0.68,1.9,90s,90,164.72405024964752,17.158185372702143,5.7193951242340475,9,2390
0.25,0.68,2.0,30s,30,155.00032898831302,6.745560390347075,2.2485201301156916,9,933
0.25,0.68,2.0,60s,60,156.21260422707266,12.295528426882024,4.098509475627341,9,1739
0.25,0.68,2.0,90s,90,164.9632103444045,15.645794845945835,5.215264948648612,9,2431
0.25,0.69,1.0,30s,30,161.91623234452766,16.09719478865354,5.365731596217846,9,931
0.25,0.69,1.0,60s,60,160.81996627319,9.59706033091168,3.199020110303893,9,1726
0.25,0.69,1.0,90s,90,169.19260449009815,16.861017423334435,5.6203391411114785,9,2456
0.25,0.69,1.1,30s,30,161.4219556343032,13.889434178933284,4.629811392977762,9,930
0.25,0.69,1.1,60s,60,159.27971340807755,8.9804660588802,2.9934886862934,9,1692
0.25,0.69,1.1,90s,90,168.53098585343483,14.550670498810495,4.850223499603499,9,2482
0.25,0.69,1.2,30s,30,162.88236510892548,13.498822292636897,4.4996074308789655,9,892
0.25,0.69,1.2,60s,60,159.5466966581929,9.715463532398319,3.238487844132773,9,1746
0.25,0.69,1.2,90s,90,171.09064535688856,22.671124071079557,7.557041357026519,9,2461
0.25,0.69,1.3,30s,30,162.3458036739226,12.098504005416915,4.032834668472305,9,960
0.25,0.69,1.3,60s,60,158.4022048280948,9.519590163377362,3.1731967211257874,9,1688
0.25,0.69,1.3,90s,90,168.94926499808278,16.93396559823947,5.644655199413157,9,2447
0.25,0.69,1.4,30s,30,160.44952198466927,13.559744764996818,4.519914921665606,9,926
0.25,0.69,1.4,60s,60,157.8139377709498,10.336464314962694,3.4454881049875645,9,1729
0.25,0.69,1.4,90s,90,169.7313215054263,19.291701055418763,6.430567018472921,9,2439
0.25,0.69,1.5,30s,30,161.5989633059457,12.158371737489134,4.0527905791630445,9,919
0.25,0.69,1.5,60s,60,157.39388339741112,11.131839215012194,3.7106130716707315,9,1674
0.25,0.69,1.5,90s,90,168.1010757128705,14.979992839262787,4.993330946420929,9,2504
0.25,0.69,1.6,30s,30,160.40351098519946,10.727340080394036,3.575780026798012,9,898
0.25,0.69,1.6,60s,60,159.15790920177818,12.167817590459137,4.055939196819712,9,1751
0.25,0.69,1.6,90s,90,168.4392777194119,17.454438382904318,5.818146127634773,9,2431
0.25,0.69,1.7,30s,30,159.54540985420897,10.006609269156158,3.335536423052053,9,886
0.25,0.69,1.7,60s,60,158.3352881375583,12.50655517647383,4.168851725491277,9,1724
0.25,0.69,1.7,90s,90,167.69950409808723,16.933766167165057,5.644588722388352,9,2454
0.25,0.69,1.8,30s,30,159.3294308896476,9.421274876703825,3.1404249589012747,9,981
0.25,0.69,1.8,60s,60,158.60862293659446,11.609645308331318,3.8698817694437726,9,1751
0.25,0.69,1.8,90s,90,168.32691837475343,18.342694266833462,6.114231422277821,9,2443
0.25,0.69,1.9,30s,30,159.88645466740599,8.479908942631257,2.8266363142104187,9,938
0.25,0.69,1.9,60s,60,158.77984400336067,11.02355509653776,3.6745183655125864,9,1728
0.25,0.69,1.9,90s,90,165.53436993429705,15.913065470000777,5.304355156666926,9,2471
0.25,0.69,2.0,30s,30,156.5546772605935,7.110561926477472,2.370187308825824,9,925
0.25,0.69,2.0,60s,60,157.53581743708497,13.042600876969157,4.347533625656386,9,1687
0.25,0.69,2.0,90s,90,164.5377962644144,14.591627288663005,4.863875762887669,9,2450
0.25,0.7,0.0,30s,30,165.5619129282237,28.809165423506,9.603055141168666,9,924
0.25,0.7,0.0,60s,60,157.41085259993454,17.933363658547876,5.977787886182625,9,1632
0.25,0.7,0.0,90s,90,165.64460352118036,17.066353926300394,5.688784642100131,9,2384
0.25,0.7,0.5,30s,30,166.48274742731903,17.098216119081727,5.6994053730272425,9,904
0.25,0.7,0.5,60s,60,163.76412922335064,11.255635783565683,3.7518785945218944,9,1727
0.25,0.7,0.5,90s,90,169.00737243886863,15.749606407429548,5.249868802476516,9,2467
0.25,0.7,1.0,30s,30,165.12595455387927,15.34858257680268,5.11619419226756,9,941
0.25,0.7,1.0,60s,60,160.30913347153918,10.35023818958032,3.4500793965267733,9,1661
0.25,0.7,1.0,90s,90,170.63878812154772,14.733435945873003,4.911145315291001,9,2406
0.25,0.7,1.1,30s,30,162.2200270170839,13.844233690423541,4.614744563474514,9,944
0.25,0.7,1.1,60s,60,160.85932529951,10.328894889230037,3.442964963076679,9,1674
0.25,0.7,1.1,90s,90,171.7026634137688,15.368101569203708,5.122700523067903,9,2502
0.25,0.7,1.2,30s,30,164.63146112439307,16.141995821398655,5.3806652737995515,9,941
0.25,0.7,1.2,60s,60,161.8250655325697,12.828395980228214,4.276131993409405,9,1687
0.25,0.7,1.2,90s,90,173.99570680181944,18.283905167613273,6.094635055871091,9,2460
0.25,0.7,1.3,30s,30,163.77828269966616,12.320076092585339,4.10669203086178,9,947
0.25,0.7,1.3,60s,60,159.56092749021425,12.429158899307739,4.143052966435913,9,1723
0.25,0.7,1.3,90s,90,170.87908866077265,15.180713514675611,5.060237838225204,9,2409
0.25,0.7,1.4,30s,30,166.44153344090373,15.372315298456622,5.124105099485541,9,906
0.25,0.7,1.4,60s,60,158.738224599758,11.17838611548336,3.72612870516112,9,1716
0.25,0.7,1.4,90s,90,173.57990514398796,18.469250330080747,6.1564167766935824,9,2488
0.25,0.7,1.5,30s,30,163.9169397212098,13.74039363545689,4.580131211818963,9,933
0.25,0.7,1.5,60s,60,158.26895763329918,11.66414885341729,3.888049617805763,9,1642
0.25,0.7,1.5,90s,90,171.37797163969435,16.060444440544174,5.353481480181391,9,2432
0.25,0.7,1.6,30s,30,161.6796244317187,11.68806059169845,3.896020197232817,9,912
0.25,0.7,1.6,60s,60,159.27435059131506,12.145854271960147,4.048618090653382,9,1712
0.25,0.7,1.6,90s,90,170.68572120317197,16.495645311787907,5.498548437262635,9,2481
0.25,0.7,1.7,30s,30,161.56304373611474,8.114480817258544,2.7048269390861814,9,899
0.25,0.7,1.7,60s,60,160.20312238445723,13.054680982716999,4.351560327572333,9,1710
0.25,0.7,1.7,90s,90,171.9334798713915,18.58576157998142,6.195253859993806,9,2442
0.25,0.7,1.8,30s,30,160.83117371605536,10.38474936262692,3.46158312087564,9,934
0.25,0.7,1.8,60s,60,158.40795427903333,12.60715404794335,4.202384682647783,9,1699
0.25,0.7,1.8,90s,90,171.19138381888942,16.94669987327404,5.648899957758013,9,2482
0.25,0.7,1.9,30s,30,157.66599097367822,8.205099841077836,2.7350332803592785,9,921
0.25,0.7,1.9,60s,60,158.84813637622378,12.443907612497343,4.147969204165781,9,1719
0.25,0.7,1.9,90s,90,170.10414218557096,15.505669469233412,5.1685564897444705,9,2472
0.25,0.7,2.0,30s,30,158.87823985360626,8.997671532098272,2.999223844032757,9,906
0.25,0.7,2.0,60s,60,157.01522352337668,12.861504799536037,4.287168266512013,9,1649
0.25,0.7,2.0,90s,90,167.95361833296914,16.50532607564112,5.5017753585470395,9,2413
0.25,0.7,2.5,30s,30,157.16223276774838,6.128629293215753,2.042876431071918,9,909
0.25,0.7,2.5,60s,60,158.92738620699265,12.14112706439106,4.0470423547970205,9,1722
0.25,0.7,2.5,90s,90,165.7217083982334,18.313354430336656,6.104451476778885,9,2514
0.25,0.7,3.0,30s,30,158.02868322983784,7.792939778875665,2.597646592958555,9,907
0.25,0.7,3.0,60s,60,156.73866555087753,12.339476745102456,4.113158915034152,9,1742
0.25,0.7,3.0,90s,90,160.11426948775008,13.546516000652424,4.515505333550808,9,2442
0.25,0.71,1.0,30s,30,165.39063443762012,12.036596445231861,4.012198815077287,9,947
0.25,0.71,1.0,60s,60,161.91892343057054,9.754104613046168,3.2513682043487226,9,1752
0.25,0.71,1.0,90s,90,173.66420756994972,16.19803868459794,5.399346228199313,9,2420
0.25,0.71,1.1,30s,30,167.6500933860192,16.44490952107704,5.48163650702568,9,929
0.25,0.71,1.1,60s,60,161.29012032047208,8.552281111471942,2.8507603704906472,9,1690
0.25,0.71,1.1,90s,90,172.38953128980611,17.055145489322342,5.685048496440781,9,2376
0.25,0.71,1.2,30s,30,166.79862894251565,16.252555847178346,5.417518615726116,9,879
0.25,0.71,1.2,60s,60,162.19101834774122,10.966023698647739,3.6553412328825794,9,1637
0.25,0.71,1.2,90s,90,173.4762665774259,16.02204918960868,5.340683063202893,9,2467
0.25,0.71,1.3,30s,30,163.27439294488738,15.936677947403512,5.3122259824678375,9,915
0.25,0.71,1.3,60s,60,161.24427921604462,12.52024890205257,4.17341630068419,9,1735
0.25,0.71,1.3,90s,90,173.65004759452643,18.430195321983287,6.1433984406610955,9,2369
0.25,0.71,1.4,30s,30,166.44075612525694,13.395561509379274,4.465187169793091,9,937
0.25,0.71,1.4,60s,60,159.75835659391254,12.15042053835219,4.05014017945073,9,1678
0.25,0.71,1.4,90s,90,172.524742496954,14.450447406633348,4.816815802211116,9,2419
0.25,0.71,1.5,30s,30,166.4477140669322,12.341910547965421,4.11397018265514,9,897
0.25,0.71,1.5,60s,60,159.74860945447986,10.646241700183424,3.5487472333944745,9,1668
0.25,0.71,1.5,90s,90,173.03614096985734,16.331117830735963,5.443705943578654,9,2465
0.25,0.71,1.6,30s,30,163.6092279621613,10.516277503267622,3.5054258344225406,9,893
0.25,0.71,1.6,60s,60,159.85043529455703,11.187478383629795,3.7291594612099317,9,1681
0.25,0.71,1.6,90s,90,172.78519374895927,16.45048534078209,5.483495113594031,9,2418
0.25,0.71,1.7,30s,30,163.1750297750013,10.203619193665942,3.401206397888647,9,878
0.25,0.71,1.7,60s,60,160.69205019668502,11.8578964597887,3.9526321532629,9,1727
0.25,0.71,1.7,90s,90,171.7838808218447,17.591621272324833,5.863873757441611,9,2440
0.25,0.71,1.8,30s,30,165.25250345963084,10.120378425220494,3.373459475073498,9,918
0.25,0.71,1.8,60s,60,159.77210242207954,11.94580551658434,3.9819351721947798,9,1725
0.25,0.71,1.8,90s,90,171.8268838208722,16.797728298293315,5.599242766097771,9,2407
0.25,0.71,1.9,30s,30,161.10869297676516,8.93669242839077,2.978897476130257,9,913
0.25,0.71,1.9,60s,60,162.21003552205823,13.882534110578812,4.627511370192937,9,1716
0.25,0.71,1.9,90s,90,169.4885756878946,14.95953821252088,4.98651273750696,9,2478
0.25,0.71,2.0,30s,30,162.10223412828645,10.545757628155457,3.5152525427184855,9,917
0.25,0.71,2.0,60s,60,159.1831055815083,12.533147471123486,4.177715823707829,9,1642
0.25,0.71,2.0,90s,90,169.36809457654067,16.05664545025918,5.352215150086393,9,2401
0.25,0.72,1.0,30s,30,166.9919147023062,16.651425114944942,5.550475038314981,9,924
0.25,0.72,1.0,60s,60,166.2821932285514,6.66066741495704,2.2202224716523467,9,1712
0.25,0.72,1.0,90s,90,174.98178361831089,18.422029332229638,6.140676444076546,9,2404
0.25,0.72,1.1,30s,30,168.09859782635306,13.135068415436933,4.378356138478978,9,881
0.25,0.72,1.1,60s,60,163.12340294349133,9.05384508680249,3.0179483622674965,9,1687
0.25,0.72,1.1,90s,90,174.13050237287757,18.449571871249585,6.149857290416528,9,2421
0.25,0.72,1.2,30s,30,166.22466022619662,14.664979314900119,4.88832643830004,9,928
0.25,0.72,1.2,60s,60,164.06807820902722,8.323919813118284,2.7746399377060946,9,1693
0.25,0.72,1.2,90s,90,176.1642298818674,19.091082903008054,6.363694301002685,9,2452
0.25,0.72,1.3,30s,30,162.88974643301734,15.60118165067462,5.200393883558207,9,952
0.25,0.72,1.3,60s,60,163.5933209048186,11.664335825080416,3.888111941693472,9,1715
0.25,0.72,1.3,90s,90,176.15418432685965,19.206558133586142,6.402186044528714,9,2457
0.25,0.72,1.4,30s,30,165.33616849574136,12.852195439873483,4.284065146624495,9,933
0.25,0.72,1.4,60s,60,162.58347481833815,11.741042159543394,3.913680719847798,9,1729
0.25,0.72,1.4,90s,90,172.45710652179994,15.412532658341656,5.137510886113885,9,2402
0.25,0.72,1.5,30s,30,166.35797680079733,15.861663691224713,5.287221230408238,9,933
0.25,0.72,1.5,60s,60,162.50295507580594,10.159109003904678,3.3863696679682262,9,1669
0.25,0.72,1.5,90s,90,175.6162629564024,19.086134543567987,6.362044847855995,9,2419
0.25,0.72,1.6,30s,30,164.88477782604784,11.872875026825819,3.9576250089419394,9,909
0.25,0.72,1.6,60s,60,162.54272203833796,10.976243438570672,3.6587478128568907,9,1697
0.25,0.72,1.6,90s,90,173.4199825838167,16.77688729469034,5.59229576489678,9,2443
0.25,0.72,1.7,30s,30,164.26361306440674,12.335549137432027,4.111849712477342,9,909
0.25,0.72,1.7,60s,60,163.37941093958574,10.694790865594609,3.5649302885315364,9,1702
0.25,0.72,1.7,90s,90,172.96071037694935,17.001077916124785,5.667025972041595,9,2424
0.25,0.72,1.8,30s,30,163.2401211444016,10.49631092215168,3.4987703073838934,9,846
0.25,0.72,1.8,60s,60,162.2431686721742,11.560132637583399,3.853377545861133,9,1784
0.25,0.72,1.8,90s,90,173.7338808125414,18.75155911064007,6.25051970354669,9,2410
0.25,0.72,1.9,30s,30,160.69999139017222,10.341828512874034,3.4472761709580113,9,929
0.25,0.72,1.9,60s,60,160.7269056058979,11.627529839452931,3.875843279817644,9,1691
0.25,0.72,1.9,90s,90,169.87765672228159,15.498727488832028,5.166242496277342,9,2380
0.25,0.72,2.0,30s,30,163.12617913329075,9.6311480491016,3.210382683033867,9,949
0.25,0.72,2.0,60s,60,161.87449494922208,10.944740911088799,3.648246970362933,9,1717
0.25,0.72,2.0,90s,90,169.18941389040836,16.200749929705154,5.400249976568385,9,2490
0.25,0.73,1.0,30s,30,165.57313098639756,13.249999727681903,4.416666575893967,9,936
0.25,0.73,1.0,60s,60,166.03984454865056,9.539325905307768,3.179775301769256,9,1636
0.25,0.73,1.0,90s,90,176.1016104261635,17.205859270227446,5.735286423409149,9,2437
0.25,0.73,1.1,30s,30,167.75592142600493,13.793341631246175,4.597780543748725,9,949
0.25,0.73,1.1,60s,60,166.28317416633848,9.47559668361562,3.1585322278718735,9,1683
0.25,0.73,1.1,90s,90,177.63305991382333,16.354993692897608,5.451664564299203,9,2402
0.25,0.73,1.2,30s,30,164.36286977258285,13.00055874531324,4.33351958177108,9,924
0.25,0.73,1.2,60s,60,163.97262351760457,11.736878423370705,3.912292807790235,9,1722
0.25,0.73,1.2,90s,90,178.98727287852583,19.003438800399447,6.334479600133149,9,2417
0.25,0.73,1.3,30s,30,167.10932833209915,12.872021067321985,4.2906736891073285,9,902
0.25,0.73,1.3,60s,60,165.64210541086734,10.77003924929802,3.5900130830993398,9,1692
0.25,0.73,1.3,90s,90,179.13553505691243,20.084168599328354,6.694722866442785,9,2409
0.25,0.73,1.4,30s,30,169.06257965128336,12.92810139585078,4.3093671319502596,9,928
0.25,0.73,1.4,60s,60,163.74852116882226,13.238575664319178,4.412858554773059,9,1719
0.25,0.73,1.4,90s,90,177.77815308250803,20.45578577234692,6.818595257448973,9,2422
0.25,0.73,1.5,30s,30,166.27879225462812,11.996156254577203,3.9987187515257343,9,877
0.25,0.73,1.5,60s,60,164.94809451662707,12.589280034617405,4.1964266782058015,9,1731
0.25,0.73,1.5,90s,90,178.35197121146916,21.017404304184062,7.005801434728021,9,2454
0.25,0.73,1.6,30s,30,166.8669607337925,14.60525619931815,4.86841873310605,9,901
0.25,0.73,1.6,60s,60,164.6170955485003,12.114233625011812,4.038077875003937,9,1708
0.25,0.73,1.6,90s,90,178.0347478081611,18.899764461353445,6.299921487117815,9,2444
0.25,0.73,1.7,30s,30,164.62071652799762,11.031781015846553,3.677260338615518,9,905
0.25,0.73,1.7,60s,60,166.00175898015905,12.639302551473625,4.213100850491208,9,1729
0.25,0.73,1.7,90s,90,174.28500319676985,14.808263162723478,4.9360877209078255,9,2371
0.25,0.73,1.8,30s,30,164.11343415807826,11.300267022997282,3.7667556743324275,9,879
0.25,0.73,1.8,60s,60,165.39130072631917,13.63541704904168,4.5451390163472265,9,1702
0.25,0.73,1.8,90s,90,175.74126327552437,19.462867288733435,6.4876224295778115,9,2450
0.25,0.73,1.9,30s,30,162.31272690768972,11.1972328899878,3.732410963329267,9,901
0.25,0.73,1.9,60s,60,163.29582393152754,12.153446900442123,4.051148966814041,9,1680
0.25,0.73,1.9,90s,90,174.23504628137414,15.932646271504423,5.310882090501474,9,2462
0.25,0.73,2.0,30s,30,164.1303330111635,12.125850520206338,4.041950173402113,9,918
0.25,0.73,2.0,60s,60,164.448944079507,12.474536523457182,4.158178841152394,9,1710
0.25,0.73,2.0,90s,90,175.0003241677215,17.22696955705895,5.742323185686317,9,2392
0.25,0.74,1.0,30s,30,168.50796691960218,12.65980719319519,4.219935731065063,9,951
0.25,0.74,1.0,60s,60,168.8322384737958,11.082049464145085,3.6940164880483617,9,1711
0.25,0.74,1.0,90s,90,176.51932452538844,14.921994574540307,4.973998191513435,9,2431
0.25,0.74,1.1,30s,30,166.5634492240581,14.84074486076861,4.946914953589537,9,924
0.25,0.74,1.1,60s,60,171.74971016279414,14.88016337537849,4.9600544584594966,9,1693
0.25,0.74,1.1,90s,90,179.30152339477718,17.665941576430036,5.888647192143345,9,2431
0.25,0.74,1.2,30s,30,169.34894056344137,13.948629537667992,4.649543179222664,9,925
0.25,0.74,1.2,60s,60,167.31786746758198,11.983339483246986,3.994446494415662,9,1651
0.25,0.74,1.2,90s,90,178.79686522396221,20.241068910191377,6.747022970063792,9,2447
0.25,0.74,1.3,30s,30,167.2156034232455,15.917696156273157,5.305898718757719,9,928
0.25,0.74,1.3,60s,60,168.8273819960586,12.969804460739052,4.323268153579684,9,1690
0.25,0.74,1.3,90s,90,175.98158562914364,13.567182303057749,4.522394101019249,9,2391
0.25,0.74,1.4,30s,30,167.73182597727507,14.844433575635787,4.948144525211929,9,917
0.25,0.74,1.4,60s,60,168.49465845369306,12.378911583552034,4.126303861184011,9,1659
0.25,0.74,1.4,90s,90,178.6473510750502,19.23640015220977,6.412133384069924,9,2410
0.25,0.74,1.5,30s,30,167.3699711304884,12.813536311897854,4.271178770632618,9,897
0.25,0.74,1.5,60s,60,167.3798136157579,13.576529702638961,4.525509900879654,9,1673
0.25,0.74,1.5,90s,90,176.6660520065804,17.399328236754176,5.799776078918058,9,2426
0.25,0.74,1.6,30s,30,166.8414784766326,10.681139494146924,3.560379831382308,9,919
0.25,0.74,1.6,60s,60,168.00930012843077,12.882917841949999,4.2943059473166665,9,1695
0.25,0.74,1.6,90s,90,179.40250734427053,20.053843598904823,6.684614532968275,9,2395
0.25,0.74,1.7,30s,30,166.83956515318548,10.385557833911122,3.461852611303707,9,904
0.25,0.74,1.7,60s,60,168.5998105160662,13.95063315295177,4.650211050983923,9,1749
0.25,0.74,1.7,90s,90,176.0481849112675,15.672305500206644,5.224101833402215,9,2465
0.25,0.74,1.8,30s,30,165.2645019780396,9.266186323069626,3.0887287743565417,9,903
0.25,0.74,1.8,60s,60,167.12389449072427,13.420778897561021,4.4735929658536735,9,1721
0.25,0.74,1.8,90s,90,178.77165591523743,19.829078398795556,6.609692799598519,9,2434
0.25,0.74,1.9,30s,30,164.87226238905157,10.380910141408627,3.4603033804695422,9,906
0.25,0.74,1.9,60s,60,168.33547716254628,13.701324534031482,4.567108178010494,9,1732
0.25,0.74,1.9,90s,90,175.31252001646698,16.13864659429553,5.379548864765177,9,2401
0.25,0.74,2.0,30s,30,164.66115150441607,10.934354283785792,3.644784761261931,9,908
0.25,0.74,2.0,60s,60,167.01061702492495,13.467576815512661,4.489192271837553,9,1715
0.25,0.74,2.0,90s,90,173.24084341553646,14.777441999428579,4.9258139998095265,9,2416
0.25,0.75,1.0,30s,30,173.34129273850192,16.750259841941684,5.583419947313895,9,895
0.25,0.75,1.0,60s,60,170.97944728170899,13.107504666094243,4.369168222031415,9,1672
0.25,0.75,1.0,90s,90,179.36672909211833,16.338208531206167,5.446069510402055,9,2419
0.25,0.75,1.1,30s,30,170.4662983684806,13.015383341140428,4.338461113713476,9,895
0.25,0.75,1.1,60s,60,169.10585605291215,11.611367069398394,3.870455689799465,9,1691
0.25,0.75,1.1,90s,90,177.66213631903648,14.963735053600466,4.987911684533489,9,2411
0.25,0.75,1.2,30s,30,169.66703914644674,14.43765248401268,4.812550828004227,9,895
0.25,0.75,1.2,60s,60,170.32677660404573,12.035808183994865,4.011936061331622,9,1719
0.25,0.75,1.2,90s,90,180.52776518470648,20.331615563011848,6.777205187670616,9,2466
0.25,0.75,1.3,30s,30,169.58253874607396,12.878037287051093,4.292679095683698,9,899
0.25,0.75,1.3,60s,60,169.24445296666147,12.764355611552258,4.254785203850752,9,1676
0.25,0.75,1.3,90s,90,179.89992680927514,16.22729582835268,5.4090986094508935,9,2466
0.25,0.75,1.4,30s,30,168.58214183629002,15.464997460876132,5.154999153625377,9,963
0.25,0.75,1.4,60s,60,169.55660020074018,13.627396769889756,4.5424655899632524,9,1712
0.25,0.75,1.4,90s,90,178.3164797863346,15.617036896380508,5.205678965460169,9,2409
0.25,0.75,1.5,30s,30,168.10956661600113,11.339271361802812,3.7797571206009373,9,898
0.25,0.75,1.5,60s,60,168.79567983086295,13.122170705179673,4.374056901726558,9,1695
0.25,0.75,1.5,90s,90,176.2021742372526,14.660641371184997,4.8868804570616655,9,2409
0.25,0.75,1.6,30s,30,169.1235144140149,11.456016072874752,3.8186720242915837,9,874
0.25,0.75,1.6,60s,60,169.39327346362205,12.53181226843612,4.177270756145373,9,1666
0.25,0.75,1.6,90s,90,179.17360141318014,18.10562449997094,6.03520816665698,9,2424
0.25,0.75,1.7,30s,30,167.9257556419001,10.39185452744816,3.463951509149387,9,918
0.25,0.75,1.7,60s,60,168.94964756360008,13.21027003815816,4.40342334605272,9,1680
0.25,0.75,1.7,90s,90,179.58253852091954,18.85268558845181,6.284228529483936,9,2430
0.25,0.75,1.8,30s,30,167.2068283735427,8.650387415699448,2.8834624718998163,9,900
0.25,0.75,1.8,60s,60,169.32686756646257,13.688468196789477,4.562822732263159,9,1711
0.25,0.75,1.8,90s,90,176.856494280942,15.12522006129095,5.041740020430317,9,2438
0.25,0.75,1.9,30s,30,165.97555631113042,10.261547868383493,3.420515956127831,9,914
0.25,0.75,1.9,60s,60,168.8819764818553,14.730298209501607,4.9100994031672025,9,1670
0.25,0.75,1.9,90s,90,179.37242478364882,21.046953366816652,7.015651122272217,9,2446
0.25,0.75,2.0,30s,30,165.98508796544078,9.792325486618134,3.264108495539378,9,911
0.25,0.75,2.0,60s,60,168.90366689792927,14.683076170246977,4.894358723415659,9,1705
0.25,0.75,2.0,90s,90,175.05299466169188,14.92933493430085,4.976444978100283,9,2463
0.25,0.76,1.0,30s,30,171.27100160195667,15.558734604186554,5.186244868062185,9,929
0.25,0.76,1.0,60s,60,169.95834753071586,13.904014056797388,4.634671352265796,9,1647
0.25,0.76,1.0,90s,90,182.40050356651335,19.77292440806429,6.590974802688097,9,2426
0.25,0.76,1.1,30s,30,168.81378757509208,12.002899251474886,4.0009664171582955,9,930
0.25,0.76,1.1,60s,60,170.19736782956184,14.66602496462594,4.888674988208646,9,1666
0.25,0.76,1.1,90s,90,183.07701907541428,17.884942350261785,5.961647450087262,9,2403
0.25,0.76,1.2,30s,30,172.2971714803364,11.871897360700599,3.957299120233533,9,893
0.25,0.76,1.2,60s,60,170.27437403966255,13.28060800364699,4.4268693345489964,9,1704
0.25,0.76,1.2,90s,90,181.07237709525006,15.911581688292587,5.3038605627641955,9,2446
0.25,0.76,1.3,30s,30,168.91301841089157,14.258779058100393,4.752926352700131,9,889
0.25,0.76,1.3,60s,60,169.78436050209552,13.55343278730603,4.517810929102009,9,1682
0.25,0.76,1.3,90s,90,181.1799489381971,16.43577811035615,5.47859270345205,9,2433
0.25,0.76,1.4,30s,30,169.37324618100288,12.756448809036044,4.252149603012015,9,897
0.25,0.76,1.4,60s,60,170.21498454371033,13.736294811124042,4.578764937041347,9,1723
0.25,0.76,1.4,90s,90,180.69377701383272,17.469347034425077,5.823115678141693,9,2352
0.25,0.76,1.5,30s,30,169.56893630676143,10.676896316651876,3.5589654388839587,9,891
0.25,0.76,1.5,60s,60,171.48727506819122,14.694438817282286,4.898146272427429,9,1675
0.25,0.76,1.5,90s,90,181.58461186262272,18.911343538479453,6.303781179493151,9,2501
0.25,0.76,1.6,30s,30,168.28740308979616,12.377738895467289,4.125912965155763,9,897
0.25,0.76,1.6,60s,60,171.60951748815484,15.373929113876233,5.124643037958744,9,1682
0.25,0.76,1.6,90s,90,182.82164089780287,20.477136871506254,6.825712290502085,9,2488
0.25,0.76,1.7,30s,30,167.98430503933946,7.9860599145696956,2.662019971523232,9,879
0.25,0.76,1.7,60s,60,170.1184737232192,14.770277555993026,4.923425851997675,9,1661
0.25,0.76,1.7,90s,90,180.53451238314796,18.82365684911984,6.274552283039946,9,2463
0.25,0.76,1.8,30s,30,167.51620904394088,9.688784817560107,3.2295949391867023,9,903
0.25,0.76,1.8,60s,60,170.15605143136003,13.74953684948329,4.583178949827763,9,1666
0.25,0.76,1.8,90s,90,182.33742200456325,20.19455149426228,6.731517164754094,9,2441
0.25,0.76,1.9,30s,30,167.6156831763052,10.733568555870606,3.577856185290202,9,921
0.25,0.76,1.9,60s,60,168.20304459702695,14.06587779616439,4.688625932054797,9,1686
0.25,0.76,1.9,90s,90,179.39684544517476,17.772655550742744,5.924218516914248,9,2459
0.25,0.76,2.0,30s,30,165.7190558879414,10.1537125086324,3.3845708362108002,9,893
0.25,0.76,2.0,60s,60,169.28859924897446,15.40694813711074,5.135649379036914,9,1693
0.25,0.76,2.0,90s,90,177.84917478057994,14.85705809850261,4.95235269950087,9,2439
0.25,0.77,1.0,30s,30,170.34525456699558,14.86516684424331,4.95505561474777,9,905
0.25,0.77,1.0,60s,60,173.32429451936338,13.304315541966055,4.434771847322018,9,1673
0.25,0.77,1.0,90s,90,179.51036366402272,14.995448379226156,4.998482793075385,9,2455
0.25,0.77,1.1,30s,30,171.71593287535725,12.948230041504731,4.316076680501577,9,972
0.25,0.77,1.1,60s,60,171.38240839966,13.532257778292543,4.510752592764181,9,1687
0.25,0.77,1.1,90s,90,185.13420038511498,19.897127147684916,6.632375715894972,9,2417
0.25,0.77,1.2,30s,30,172.29859898085644,12.470043225818669,4.15668107527289,9,880
0.25,0.77,1.2,60s,60,171.53039207457726,14.658904631444424,4.886301543814808,9,1708
0.25,0.77,1.2,90s,90,183.87545310515947,19.08004271921096,6.360014239736987,9,2415
0.25,0.77,1.3,30s,30,170.0634026319826,10.088374231320715,3.3627914104402383,9,915
0.25,0.77,1.3,60s,60,173.35626980627032,17.50599728273544,5.8353324275784795,9,1721
0.25,0.77,1.3,90s,90,183.22692248461945,16.912317765844048,5.6374392552813495,9,2411
0.25,0.77,1.4,30s,30,170.28523833422435,14.572444202299616,4.857481400766539,9,897
0.25,0.77,1.4,60s,60,171.06664467361045,15.12962019569796,5.04320673189932,9,1689
0.25,0.77,1.4,90s,90,181.18738165947244,14.376658852548523,4.792219617516174,9,2446
0.25,0.77,1.5,30s,30,170.49313475420286,13.349493123358387,4.449831041119462,9,914
0.25,0.77,1.5,60s,60,169.8659920349505,14.15497859776042,4.7183261992534735,9,1661
0.25,0.77,1.5,90s,90,181.94849615263763,16.735851457999047,5.578617152666349,9,2429
0.25,0.77,1.6,30s,30,170.2967642111363,10.870887452488413,3.623629150829471,9,900
0.25,0.77,1.6,60s,60,169.94041322685922,15.11351173571611,5.037837245238703,9,1673
0.25,0.77,1.6,90s,90,181.86116446780417,16.279695281187657,5.426565093729219,9,2433
0.25,0.77,1.7,30s,30,171.03626709268138,10.92073007960339,3.6402433598677963,9,916
0.25,0.77,1.7,60s,60,171.68131889337317,16.28149411681614,5.427164705605381,9,1685
0.25,0.77,1.7,90s,90,179.45602283536562,14.937166784699642,4.97905559489988,9,2416
0.25,0.77,1.8,30s,30,169.4231886575203,9.067052443873001,3.0223508146243336,9,896
0.25,0.77,1.8,60s,60,169.92834854782956,14.498091246923282,4.832697082307761,9,1704
0.25,0.77,1.8,90s,90,182.31815099302082,20.437450701469196,6.812483567156399,9,2450
0.25,0.77,1.9,30s,30,169.41856546775887,6.986924628143186,2.3289748760477287,9,922
0.25,0.77,1.9,60s,60,169.74004300872673,14.062457839450236,4.687485946483412,9,1674
0.25,0.77,1.9,90s,90,181.50288219368136,15.969276180652752,5.323092060217584,9,2408
0.25,0.77,2.0,30s,30,169.74800524687373,7.6874232882137,2.5624744294045665,9,886
0.25,0.77,2.0,60s,60,169.74167280884708,15.055009603224418,5.01833653440814,9,1709
0.25,0.77,2.0,90s,90,179.68752727792165,15.504545078547064,5.168181692849021,9,2487
0.25,0.78,1.0,30s,30,169.0865243325985,10.854308298980785,3.618102766326928,9,934
0.25,0.78,1.0,60s,60,171.91260320130803,15.0616267067745,5.0205422355915,9,1688
0.25,0.78,1.0,90s,90,182.3274270520643,16.320102958118667,5.440034319372889,9,2440
0.25,0.78,1.1,30s,30,169.97841137350815,12.280427277027727,4.093475759009242,9,906
0.25,0.78,1.1,60s,60,171.0266671220653,15.79481874979946,5.264939583266487,9,1704
0.25,0.78,1.1,90s,90,184.65094661977264,19.57299605463556,6.524332018211854,9,2445
0.25,0.78,1.2,30s,30,171.6641376857002,10.339665908361567,3.446555302787189,9,924
0.25,0.78,1.2,60s,60,173.14558490970083,15.999102091381832,5.3330340304606105,9,1722
0.25,0.78,1.2,90s,90,183.82152525670892,16.67702650864141,5.5590088362138035,9,2414
0.25,0.78,1.3,30s,30,169.7998288874167,12.131079183563799,4.043693061187933,9,900
0.25,0.78,1.3,60s,60,172.63773027221637,16.806866110601582,5.602288703533861,9,1719
0.25,0.78,1.3,90s,90,183.36793684414414,17.977332673741923,5.992444224580641,9,2433
0.25,0.78,1.4,30s,30,170.50429301554212,11.462014577493992,3.820671525831331,9,922
0.25,0.78,1.4,60s,60,171.81957192382862,15.204291318392052,5.068097106130684,9,1655
0.25,0.78,1.4,90s,90,182.18547138412546,16.646954233164184,5.548984744388061,9,2465
0.25,0.78,1.5,30s,30,170.7405472048611,12.408794418234516,4.136264806078172,9,899
0.25,0.78,1.5,60s,60,170.8373247852885,17.317809852883236,5.772603284294412,9,1698
0.25,0.78,1.5,90s,90,182.85304765544075,18.857295062315536,6.285765020771845,9,2403
0.25,0.78,1.6,30s,30,169.93051430524795,9.954506857180451,3.3181689523934836,9,872
0.25,0.78,1.6,60s,60,171.54006893580245,16.129018705283475,5.376339568427825,9,1672
0.25,0.78,1.6,90s,90,182.7580203410448,17.515693864909213,5.838564621636404,9,2434
0.25,0.78,1.7,30s,30,169.98668938387053,8.976017587726348,2.9920058625754495,9,920
0.25,0.78,1.7,60s,60,171.2333528999953,14.644923185174488,4.881641061724829,9,1660
0.25,0.78,1.7,90s,90,181.64454881502272,17.813564162512904,5.937854720837635,9,2449
0.25,0.78,1.8,30s,30,169.74833375391094,8.841262109756949,2.947087369918983,9,916
0.25,0.78,1.8,60s,60,172.6861785765922,16.519405561785618,5.506468520595206,9,1712
0.25,0.78,1.8,90s,90,182.8298546793558,19.153351776231837,6.384450592077279,9,2400
0.25,0.78,1.9,30s,30,168.81120583896558,8.711773406246317,2.9039244687487726,9,892
0.25,0.78,1.9,60s,60,172.25676868497527,16.76646507456541,5.588821691521804,9,1702
0.25,0.78,1.9,90s,90,179.72485468897645,16.765142036524914,5.588380678841638,9,2388
0.25,0.78,2.0,30s,30,167.69182966386632,9.764942617643305,3.2549808725477685,9,867
0.25,0.78,2.0,60s,60,170.99387046957156,15.18811522924966,5.062705076416553,9,1697
0.25,0.78,2.0,90s,90,182.14836494982472,15.506461244549524,5.168820414849841,9,2468
0.25,0.79,1.0,30s,30,171.33878263522058,13.242416931303724,4.414138977101241,9,911
0.25,0.79,1.0,60s,60,176.15631506109733,17.295148517685508,5.76504950589517,9,1692
0.25,0.79,1.0,90s,90,186.189364549116,16.52548529677385,5.508495098924617,9,2463
0.25,0.79,1.1,30s,30,171.8320181800984,11.625994865824355,3.8753316219414518,9,911
0.25,0.79,1.1,60s,60,174.23778065090175,16.093510356677672,5.3645034522258905,9,1710
0.25,0.79,1.1,90s,90,184.57466426401984,15.895719301579906,5.298573100526635,9,2411
0.25,0.79,1.2,30s,30,172.6823252593672,11.190587097575156,3.7301956991917185,9,917
0.25,0.79,1.2,60s,60,176.1867317332929,15.244349496967986,5.0814498323226625,9,1727
0.25,0.79,1.2,90s,90,186.17497008273074,17.84216415450777,5.94738805150259,9,2434
0.25,0.79,1.3,30s,30,174.4103395534768,12.016866923436913,4.005622307812304,9,916
0.25,0.79,1.3,60s,60,174.08763817660326,15.792145895420267,5.264048631806756,9,1696
0.25,0.79,1.3,90s,90,185.19488704586675,16.56760771452355,5.522535904841184,9,2411
0.25,0.79,1.4,30s,30,173.05728408349654,11.917273570198718,3.9724245233995727,9,897
0.25,0.79,1.4,60s,60,173.2172854670779,16.007775695756383,5.335925231918794,9,1715
0.25,0.79,1.4,90s,90,184.17763919682753,15.14300090221823,5.047666967406077,9,2440
0.25,0.79,1.5,30s,30,173.20590335609927,12.188872866154476,4.062957622051492,9,909
0.25,0.79,1.5,60s,60,172.30674866034187,16.648166518622993,5.549388839540998,9,1679
0.25,0.79,1.5,90s,90,186.06131950825772,18.29988696130945,6.099962320436483,9,2489
0.25,0.79,1.6,30s,30,170.658751281811,12.506824285885184,4.168941428628394,9,856
0.25,0.79,1.6,60s,60,173.43466353386071,17.060471109612045,5.686823703204015,9,1719
0.25,0.79,1.6,90s,90,185.05877398617554,17.19858041623875,5.7328601387462506,9,2418
0.25,0.79,1.7,30s,30,170.84375411030126,10.664653056590774,3.554884352196925,9,909
0.25,0.79,1.7,60s,60,172.45908315351699,16.069774402227463,5.356591467409154,9,1723
0.25,0.79,1.7,90s,90,183.74110166016374,16.640673337231203,5.546891112410401,9,2515
0.25,0.79,1.8,30s,30,172.81046129159225,9.051189441778085,3.017063147259362,9,890
0.25,0.79,1.8,60s,60,172.5152680510004,15.956095145546067,5.318698381848689,9,1663
0.25,0.79,1.8,90s,90,184.7371077778592,17.959310583288232,5.986436861096077,9,2467
0.25,0.79,1.9,30s,30,169.81852423000316,8.927897839340481,2.975965946446827,9,878
0.25,0.79,1.9,60s,60,172.56001154870887,16.797873458096205,5.5992911526987355,9,1735
0.25,0.79,1.9,90s,90,182.73594788217613,17.87677922852683,5.958926409508943,9,2437
0.25,0.79,2.0,30s,30,171.15472003781247,10.579234940396425,3.5264116467988083,9,876
0.25,0.79,2.0,60s,60,172.0319031901853,17.545690445473358,5.848563481824453,9,1717
0.25,0.79,2.0,90s,90,182.63637912644415,15.339692893244345,5.1132309644147815,9,2460
0.25,0.8,0.0,30s,30,175.99518003399896,25.643495736151774,8.547831912050592,9,930
0.25,0.8,0.0,60s,60,170.98813590926176,17.65783813105563,5.88594604368521,9,1675
0.25,0.8,0.0,90s,90,181.86160567581896,14.829583524654828,4.9431945082182756,9,2397
0.25,0.8,0.5,30s,30,180.66952499716984,20.59641107776883,6.865470359256277,9,916
0.25,0.8,0.5,60s,60,177.55698557770137,15.059628281326178,5.019876093775393,9,1687
0.25,0.8,0.5,90s,90,187.12132192696478,19.087759794105313,6.362586598035104,9,2418
0.25,0.8,1.0,30s,30,176.08874971277737,16.141692463813463,5.380564154604488,9,854
0.25,0.8,1.0,60s,60,177.8599868431112,15.181849944460836,5.060616648153612,9,1689
0.25,0.8,1.0,90s,90,186.6467165322472,17.628450785276662,5.876150261758887,9,2447
0.25,0.8,1.1,30s,30,175.22969944492561,11.916738985149406,3.9722463283831355,9,904
0.25,0.8,1.1,60s,60,176.40812787499206,14.562485706751843,4.854161902250614,9,1670
0.25,0.8,1.1,90s,90,188.90253741681056,17.037390328114785,5.679130109371595,9,2428
0.25,0.8,1.2,30s,30,174.07410271529085,10.693602320198643,3.564534106732881,9,886
0.25,0.8,1.2,60s,60,175.92324593306364,15.323968235098878,5.107989411699626,9,1729
0.25,0.8,1.2,90s,90,187.38150234224835,16.141047732287102,5.380349244095701,9,2432
0.25,0.8,1.3,30s,30,174.20041006047646,12.921297615397359,4.307099205132453,9,925
0.25,0.8,1.3,60s,60,177.06888418039853,15.33378840891311,5.111262802971036,9,1670
0.25,0.8,1.3,90s,90,191.65725560841742,21.070166213038913,7.023388737679638,9,2441
0.25,0.8,1.4,30s,30,173.33665124278428,12.679224260716866,4.226408086905622,9,960
0.25,0.8,1.4,60s,60,174.02406406776046,16.519011377868328,5.506337125956109,9,1702
0.25,0.8,1.4,90s,90,189.1841286141915,17.8638840307732,5.954628010257733,9,2436
0.25,0.8,1.5,30s,30,174.73144566768156,12.31535954441022,4.105119848136741,9,890
0.25,0.8,1.5,60s,60,174.65625003074234,16.507223157406152,5.502407719135384,9,1699
0.25,0.8,1.5,90s,90,186.68160482949818,16.90414599009279,5.63471533003093,9,2386
0.25,0.8,1.6,30s,30,172.96935902767416,12.465444871815343,4.155148290605115,9,870
0.25,0.8,1.6,60s,60,174.38255212458367,15.077884487052234,5.025961495684078,9,1679
0.25,0.8,1.6,90s,90,187.9595165925882,18.055356252539816,6.0184520841799385,9,2433
0.25,0.8,1.7,30s,30,172.56307034553285,8.625138659914573,2.8750462199715243,9,899
0.25,0.8,1.7,60s,60,174.72789765440314,16.586091486908884,5.5286971623029615,9,1683
0.25,0.8,1.7,90s,90,190.49952012113778,20.059929618496383,6.686643206165461,9,2471
0.25,0.8,1.8,30s,30,173.8447388282134,9.685694570704543,3.228564856901514,9,949
0.25,0.8,1.8,60s,60,174.15053157164732,15.97069717139481,5.3235657237982705,9,1680
0.25,0.8,1.8,90s,90,188.08909797649656,17.456143059408223,5.818714353136074,9,2441
0.25,0.8,1.9,30s,30,170.30712029913855,8.624640987465586,2.874880329155195,9,865
0.25,0.8,1.9,60s,60,173.99268333682164,16.40078200118659,5.466927333728864,9,1656
0.25,0.8,1.9,90s,90,184.49053651359407,15.831785116330142,5.27726170544338,9,2484
0.25,0.8,2.0,30s,30,169.1474166140051,8.088821827352234,2.6962739424507447,9,866
0.25,0.8,2.0,60s,60,173.00503658221163,15.3548369695843,5.118278989861433,9,1635
0.25,0.8,2.0,90s,90,184.1184365771896,16.147555559591417,5.3825185198638055,9,2439
0.25,0.8,2.5,30s,30,169.09538979393477,8.911355358020456,2.970451786006819,9,841
0.25,0.8,2.5,60s,60,177.43575719424913,14.900240604218883,4.966746868072961,9,1685
0.25,0.8,2.5,90s,90,183.74556260268207,18.638197626928555,6.212732542309518,9,2413
0.25,0.8,3.0,30s,30,173.25652657045293,10.549702879038954,3.5165676263463177,9,866
0.25,0.8,3.0,60s,60,172.22105415643503,15.800910542637103,5.266970180879034,9,1707
0.25,0.8,3.0,90s,90,177.12605662915274,15.758843349220601,5.252947783073534,9,2439
0.25,0.9,0.0,30s,30,181.39616940689285,27.930843016473464,9.310281005491154,9,929
0.25,0.9,0.0,60s,60,189.32937430850606,13.076957368233652,4.358985789411217,9,1648
0.25,0.9,0.0,90s,90,194.17355244136945,17.02896995207701,5.676323317359003,9,2357
0.25,0.9,0.5,30s,30,188.2094968183202,20.142657517271864,6.714219172423955,9,881
0.25,0.9,0.5,60s,60,192.6755338164295,12.191034515901693,4.063678171967231,9,1706
0.25,0.9,0.5,90s,90,197.49955837644924,14.462324349695464,4.820774783231822,9,2363
0.25,0.9,1.0,30s,30,181.65497067973902,9.877774778270615,3.2925915927568714,9,885
0.25,0.9,1.0,60s,60,191.64507796397044,10.00420514084541,3.3347350469484702,9,1617
0.25,0.9,1.0,90s,90,200.2306881327849,15.644776584229328,5.214925528076443,9,2341
0.25,0.9,1.5,30s,30,184.10092907464454,10.31808960705937,3.4393632023531233,9,909
0.25,0.9,1.5,60s,60,186.37168016708145,16.4368962095131,5.478965403171034,9,1714
0.25,0.9,1.5,90s,90,200.47864064705172,16.85884653250003,5.619615510833344,9,2366
0.25,0.9,2.0,30s,30,178.84599528581575,8.87860184086268,2.959533946954227,9,876
0.25,0.9,2.0,60s,60,186.51130755430927,14.224114434993734,4.741371478331245,9,1628
0.25,0.9,2.0,90s,90,198.1514210805206,15.65886343666955,5.219621145556517,9,2410
0.25,0.9,2.5,30s,30,179.71333744467483,6.139258811097304,2.046419603699101,9,893
0.25,0.9,2.5,60s,60,187.67462685455618,15.34244482673239,5.114148275577463,9,1688
0.25,0.9,2.5,90s,90,194.84536863575224,18.34603110752711,6.115343702509037,9,2352
0.25,0.9,3.0,30s,30,182.16355298066196,6.474185481658812,2.158061827219604,9,885
0.25,0.9,3.0,60s,60,186.76090562429826,14.796523125837693,4.932174375279231,9,1646
0.25,0.9,3.0,90s,90,190.33300734902525,13.715421965922861,4.571807321974287,9,2348
0.25,1.0,0.0,30s,30,192.30862002330275,25.830147783359056,8.610049261119686,9,874
0.25,1.0,0.0,60s,60,197.35614706796565,17.88539579681351,5.961798598937836,9,1694
0.25,1.0,0.0,90s,90,204.95109785811124,19.6118546458943,6.537284881964767,9,2312
0.25,1.0,0.5,30s,30,194.9300048886131,17.88988368553541,5.963294561845136,9,919
0.25,1.0,0.5,60s,60,201.405415438398,16.62648973152857,5.5421632438428565,9,1669
0.25,1.0,0.5,90s,90,207.7286040306298,17.64270159793946,5.8809005326464865,9,2338
0.25,1.0,1.0,30s,30,191.25379548746724,13.839861028527906,4.613287009509302,9,863
0.25,1.0,1.0,60s,60,201.16956246562688,14.943135656123259,4.981045218707753,9,1695
0.25,1.0,1.0,90s,90,211.08894437371507,15.745071315526761,5.248357105175587,9,2383
0.25,1.0,1.5,30s,30,192.422475367975,16.596989431696482,5.532329810565494,9,903
0.25,1.0,1.5,60s,60,198.5167940059588,17.804083755569497,5.934694585189832,9,1660
0.25,1.0,1.5,90s,90,209.9859202446709,15.95374452212607,5.31791484070869,9,2388
0.25,1.0,2.0,30s,30,190.02931154302598,10.867218845988972,3.6224062819963243,9,913
0.25,1.0,2.0,60s,60,198.75352070827782,16.256746995707665,5.418915665235889,9,1626
0.25,1.0,2.0,90s,90,208.4161938158742,16.286352546617834,5.428784182205945,9,2397
0.25,1.0,2.5,30s,30,194.42441855674267,6.45881386639457,2.1529379554648567,9,920
0.25,1.0,2.5,60s,60,202.62905612096168,18.3619956346578,6.120665211552599,9,1700
0.25,1.0,2.5,90s,90,204.23099096333314,18.86958257200387,6.289860857334624,9,2353
0.25,1.0,3.0,30s,30,196.09691068822096,6.862501670122421,2.2875005567074735,9,866
0.25,1.0,3.0,60s,60,196.8873552089024,15.626460463435372,5.208820154478457,9,1640
0.25,1.0,3.0,90s,90,199.102339462819,14.634552039707431,4.878184013235811,9,2371
0.26,0.6,1.0,30s,30,150.89289673647448,11.235255985586143,3.7450853285287145,9,930
0.26,0.6,1.0,60s,60,143.95988736025254,10.354916827791023,3.4516389425970075,9,1724
0.26,0.6,1.0,90s,90,147.5862752392673,13.279938116897721,4.426646038965907,9,2455
0.26,0.6,1.1,30s,30,153.31424806983273,12.120407571523396,4.040135857174465,9,935
0.26,0.6,1.1,60s,60,144.4748519253534,8.501996315568249,2.833998771856083,9,1731
0.26,0.6,1.1,90s,90,149.20095095826255,16.801701826552463,5.600567275517488,9,2434
0.26,0.6,1.2,30s,30,149.93117392132365,9.974272124534538,3.3247573748448462,9,901
0.26,0.6,1.2,60s,60,143.96840947358595,9.636597828645142,3.2121992762150473,9,1722
0.26,0.6,1.2,90s,90,148.70591031091305,14.702694451405458,4.900898150468486,9,2463
0.26,0.6,1.3,30s,30,152.4856592735716,12.438837869767138,4.146279289922379,9,956
0.26,0.6,1.3,60s,60,142.5735428648422,9.309141134520912,3.103047044840304,9,1693
0.26,0.6,1.3,90s,90,148.9010149479311,15.82971196108854,5.27657065369618,9,2473
0.26,0.6,1.4,30s,30,152.41121126861924,11.721593392086524,3.9071977973621745,9,904
0.26,0.6,1.4,60s,60,142.9131246133891,9.865070571757679,3.2883568572525594,9,1703
0.26,0.6,1.4,90s,90,148.22706594663998,13.722404636086901,4.5741348786956335,9,2463
0.26,0.6,1.5,30s,30,150.49497347713861,12.84178129718334,4.28059376572778,9,961
0.26,0.6,1.5,60s,60,143.16137404693748,10.557067810025815,3.5190226033419383,9,1784
0.26,0.6,1.5,90s,90,148.92351078427,15.623718821318999,5.207906273772999,9,2455
0.26,0.6,1.6,30s,30,148.73227733594774,10.7632779574311,3.5877593191437,9,943
0.26,0.6,1.6,60s,60,141.76042594667908,11.006233251964316,3.6687444173214385,9,1694
0.26,0.6,1.6,90s,90,146.08886073434704,12.779670904558236,4.259890301519412,9,2411
0.26,0.6,1.7,30s,30,148.76997804449604,7.576303324641308,2.5254344415471026,9,918
0.26,0.6,1.7,60s,60,141.36260620111204,10.641499409932385,3.5471664699774617,9,1680
0.26,0.6,1.7,90s,90,147.8998790331092,15.701249994760799,5.233749998253599,9,2418
0.26,0.6,1.8,30s,30,150.2614921781066,9.275571456409702,3.0918571521365674,9,938
0.26,0.6,1.8,60s,60,143.20301658339187,11.35248379955227,3.784161266517423,9,1765
0.26,0.6,1.8,90s,90,146.66910373637367,13.896739070571613,4.6322463568572045,9,2451
0.26,0.6,1.9,30s,30,147.98192606561707,6.866392753965676,2.2887975846552253,9,954
0.26,0.6,1.9,60s,60,140.94103859159338,11.813111060452409,3.9377036868174695,9,1736
0.26,0.6,1.9,90s,90,144.971871165453,11.997067313949167,3.9990224379830557,9,2398
0.26,0.6,2.0,30s,30,145.26776625968094,6.983590010213004,2.327863336737668,9,934
0.26,0.6,2.0,60s,60,141.21976475378727,11.969506318815245,3.989835439605082,9,1702
0.26,0.6,2.0,90s,90,144.0798504490842,10.785430284003109,3.595143428001036,9,2474
0.26,0.61,1.0,30s,30,152.61669541251106,13.8775293575033,4.625843119167767,9,932
0.26,0.61,1.0,60s,60,145.4953647474483,10.015995996319,3.3386653321063338,9,1687
0.26,0.61,1.0,90s,90,150.79840761093735,15.54279949711395,5.1809331657046505,9,2401
0.26,0.61,1.1,30s,30,151.7455839387228,11.461594626085331,3.820531542028444,9,937
0.26,0.61,1.1,60s,60,144.38926832162963,9.856034359625685,3.285344786541895,9,1644
0.26,0.61,1.1,90s,90,152.81920239348813,17.821911599588386,5.940637199862795,9,2458
0.26,0.61,1.2,30s,30,153.20712581859775,12.010436590974706,4.003478863658235,9,947
0.26,0.61,1.2,60s,60,145.37432548361647,10.557163833642173,3.5190546112140577,9,1701
0.26,0.61,1.2,90s,90,150.4192870845462,13.402417337701705,4.467472445900568,9,2451
0.26,0.61,1.3,30s,30,150.20146226078822,12.83527489482836,4.278424964942787,9,932
0.26,0.61,1.3,60s,60,143.9867676157174,10.078226461854952,3.359408820618317,9,1657
0.26,0.61,1.3,90s,90,151.55860900454147,15.756220378124176,5.252073459374725,9,2419
0.26,0.61,1.4,30s,30,151.25645197172562,12.508599456479901,4.169533152159967,9,926
0.26,0.61,1.4,60s,60,144.40428616081826,10.330657439994154,3.443552479998051,9,1668
0.26,0.61,1.4,90s,90,150.55301471823444,14.897842947617905,4.965947649205968,9,2416
0.26,0.61,1.5,30s,30,153.8075163274669,10.371188526219433,3.457062842073144,9,915
0.26,0.61,1.5,60s,60,142.50523646413498,10.626507770633998,3.542169256877999,9,1675
0.26,0.61,1.5,90s,90,151.37793610342283,16.01583070779459,5.3386102359315295,9,2459
0.26,0.61,1.6,30s,30,148.77194711793038,8.340459344666849,2.78015311488895,9,955
0.26,0.61,1.6,60s,60,143.74822358546075,10.750647050332875,3.5835490167776247,9,1684
0.26,0.61,1.6,90s,90,150.72500931230664,15.067547130714562,5.022515710238188,9,2433
0.26,0.61,1.7,30s,30,149.97448227927822,9.241573332596543,3.0805244441988475,9,962
0.26,0.61,1.7,60s,60,144.1476518371557,12.251578366902732,4.0838594556342445,9,1693
0.26,0.61,1.7,90s,90,149.89304135406667,14.373615430505446,4.7912051435018155,9,2404
0.26,0.61,1.8,30s,30,148.91824943861113,7.457068009527395,2.485689336509132,9,944
0.26,0.61,1.8,60s,60,143.47972993168545,11.222460662771459,3.7408202209238195,9,1738
0.26,0.61,1.8,90s,90,148.3416646567475,12.73031683835764,4.2434389461192135,9,2405
0.26,0.61,1.9,30s,30,148.267771857632,8.440646747402834,2.813548915800945,9,932
0.26,0.61,1.9,60s,60,142.62519922368534,11.860402552499059,3.953467517499686,9,1734
0.26,0.61,1.9,90s,90,148.98288741627843,12.863123212238408,4.287707737412803,9,2429
0.26,0.61,2.0,30s,30,146.87721276134613,8.429718614368126,2.809906204789375,9,935
0.26,0.61,2.0,60s,60,143.43605162675092,11.365198713599138,3.788399571199713,9,1722
0.26,0.61,2.0,90s,90,147.88481856979504,11.535019419911519,3.84500647330384,9,2444
0.26,0.62,1.0,30s,30,156.01868507600255,15.327853328709129,5.109284442903043,9,941
0.26,0.62,1.0,60s,60,148.31602991074723,10.671495709667052,3.5571652365556843,9,1714
0.26,0.62,1.0,90s,90,153.35666503508293,16.461356493297064,5.487118831099021,9,2442
0.26,0.62,1.1,30s,30,154.22304329303586,12.927096948873215,4.309032316291072,9,935
0.26,0.62,1.1,60s,60,148.2399811897402,11.511351634875584,3.837117211625195,9,1753
0.26,0.62,1.1,90s,90,155.11825867071153,17.432388301459845,5.810796100486615,9,2501
0.26,0.62,1.2,30s,30,153.35740535669132,12.150546083484409,4.050182027828137,9,932
0.26,0.62,1.2,60s,60,147.35595396383096,10.33759817901613,3.4458660596720434,9,1676
0.26,0.62,1.2,90s,90,152.81158712079986,15.710668138431673,5.236889379477224,9,2402
0.26,0.62,1.3,30s,30,150.16293108140687,12.100551700710856,4.033517233570286,9,918
0.26,0.62,1.3,60s,60,148.4481865857594,11.39255415059474,3.797518050198247,9,1709
0.26,0.62,1.3,90s,90,151.19417048020966,12.700819374719579,4.233606458239859,9,2379
0.26,0.62,1.4,30s,30,152.21653761140237,10.687425098100615,3.562475032700205,9,939
0.26,0.62,1.4,60s,60,145.5137787177445,12.203897028620757,4.067965676206919,9,1687
0.26,0.62,1.4,90s,90,151.33820150440644,13.10609529889571,4.368698432965236,9,2438
0.26,0.62,1.5,30s,30,150.7640204085251,10.758671955756991,3.5862239852523303,9,974
0.26,0.62,1.5,60s,60,146.89809188838018,11.446045350253566,3.8153484500845223,9,1719
0.26,0.62,1.5,90s,90,151.71033612489015,14.04308115221567,4.681027050738557,9,2388
0.26,0.62,1.6,30s,30,151.5514103977546,11.467702704298816,3.8225675680996054,9,927
0.26,0.62,1.6,60s,60,146.16116854064137,12.217724305476766,4.072574768492255,9,1703
0.26,0.62,1.6,90s,90,152.6118329750718,16.724036193672717,5.574678731224239,9,2442
0.26,0.62,1.7,30s,30,150.05229605724105,9.605286420209746,3.201762140069915,9,959
0.26,0.62,1.7,60s,60,147.79888467933228,13.028373886618743,4.342791295539581,9,1753
0.26,0.62,1.7,90s,90,148.83762583067664,10.9938896667348,3.6646298889116,9,2400
0.26,0.62,1.8,30s,30,151.01394888274223,8.4006307668959,2.8002102556319666,9,912
0.26,0.62,1.8,60s,60,145.6592887024209,12.633817623570486,4.211272541190162,9,1706
0.26,0.62,1.8,90s,90,150.30727095750598,13.853497546398877,4.617832515466293,9,2412
0.26,0.62,1.9,30s,30,149.22966251746024,6.712289149391467,2.2374297164638226,9,920
0.26,0.62,1.9,60s,60,144.29378398413417,13.388754346596725,4.462918115532242,9,1715
0.26,0.62,1.9,90s,90,150.203869787343,13.735760724972739,4.5785869083242465,9,2383
0.26,0.62,2.0,30s,30,147.75155578995236,7.131742525641114,2.377247508547038,9,893
0.26,0.62,2.0,60s,60,145.5473414834614,13.182815438395632,4.394271812798544,9,1675
0.26,0.62,2.0,90s,90,148.58230524361767,10.633416402873372,3.5444721342911243,9,2431
0.26,0.63,1.0,30s,30,157.29212988574147,14.825949738513698,4.941983246171232,9,900
0.26,0.63,1.0,60s,60,152.19718038438566,11.251765917150944,3.750588639050315,9,1715
0.26,0.63,1.0,90s,90,155.0635684153221,16.919982481041906,5.639994160347302,9,2422
0.26,0.63,1.1,30s,30,154.17493191319474,13.437746642667673,4.479248880889224,9,942
0.26,0.63,1.1,60s,60,150.06858098468376,8.318541291484273,2.7728470971614243,9,1723
0.26,0.63,1.1,90s,90,154.83307448344692,14.714158324302097,4.9047194414340325,9,2437
0.26,0.63,1.2,30s,30,154.68030789479806,13.164030266052764,4.388010088684255,9,905
0.26,0.63,1.2,60s,60,150.47522825283443,11.070070889001874,3.6900236296672912,9,1746
0.26,0.63,1.2,90s,90,155.67295394977245,15.507107491033489,5.169035830344496,9,2478
0.26,0.63,1.3,30s,30,155.80202718166262,13.97349721937405,4.6578324064580165,9,914
0.26,0.63,1.3,60s,60,150.9893311158212,10.960556030380406,3.653518676793469,9,1703
0.26,0.63,1.3,90s,90,155.957479057019,17.16201994415989,5.7206733147199635,9,2443
0.26,0.63,1.4,30s,30,154.7461032366438,12.670780954144403,4.223593651381468,9,900
0.26,0.63,1.4,60s,60,150.05714984602392,10.525645459809278,3.5085484866030927,9,1685
0.26,0.63,1.4,90s,90,154.3500494985098,15.29825769485514,5.09941923161838,9,2443
0.26,0.63,1.5,30s,30,151.63348829844995,11.036578729301077,3.6788595764336924,9,923
0.26,0.63,1.5,60s,60,149.0158746713793,11.23742264379011,3.7458075479300366,9,1739
0.26,0.63,1.5,90s,90,154.82963634333203,18.08859502372223,6.029531674574077,9,2456
0.26,0.63,1.6,30s,30,153.57019507282408,11.304991785037078,3.7683305950123596,9,921
0.26,0.63,1.6,60s,60,148.26948912640094,12.400704627320762,4.133568209106921,9,1708
0.26,0.63,1.6,90s,90,154.6113846437492,17.331917370687577,5.777305790229192,9,2412
0.26,0.63,1.7,30s,30,150.55690512438787,9.651127303191062,3.2170424343970208,9,934
0.26,0.63,1.7,60s,60,147.65402186231796,10.186573849457396,3.395524616485799,9,1658
0.26,0.63,1.7,90s,90,151.578004902187,12.980662429915533,4.326887476638511,9,2452
0.26,0.63,1.8,30s,30,152.1197856734034,10.091819355318634,3.3639397851062114,9,963
0.26,0.63,1.8,60s,60,147.74982780743832,12.84565209265827,4.28188403088609,9,1733
0.26,0.63,1.8,90s,90,153.08242499511374,13.51574598635624,4.505248662118746,9,2421
0.26,0.63,1.9,30s,30,151.16729754837422,10.038328416051618,3.346109472017206,9,904
0.26,0.63,1.9,60s,60,148.36846725371367,13.640430202696422,4.546810067565474,9,1662
0.26,0.63,1.9,90s,90,152.22230654120415,13.423078890804291,4.474359630268097,9,2429
0.26,0.63,2.0,30s,30,148.22506468189138,8.939964288377302,2.9799880961257674,9,931
0.26,0.63,2.0,60s,60,147.56661072958892,13.605642426085002,4.535214142028334,9,1704
0.26,0.63,2.0,90s,90,153.52669569923194,15.677929000780654,5.225976333593551,9,2421
0.26,0.64,1.0,30s,30,157.23483333895925,15.768159481205188,5.25605316040173,9,920
0.26,0.64,1.0,60s,60,153.09210872088013,11.348922919847267,3.7829743066157557,9,1664
0.26,0.64,1.0,90s,90,157.46336939833498,16.28378423985212,5.427928079950707,9,2423
0.26,0.64,1.1,30s,30,157.42129974614102,12.333318084389573,4.111106028129858,9,916
0.26,0.64,1.1,60s,60,153.41146027212065,11.371358935017858,3.7904529783392857,9,1678
0.26,0.64,1.1,90s,90,159.45303726628458,16.843252487893736,5.614417495964578,9,2464
0.26,0.64,1.2,30s,30,157.24356410290846,13.942978629162768,4.647659543054256,9,964
0.26,0.64,1.2,60s,60,151.95125992199908,10.691535772361462,3.5638452574538206,9,1706
0.26,0.64,1.2,90s,90,157.57224866868046,16.328206817989855,5.442735605996618,9,2413
0.26,0.64,1.3,30s,30,158.41638773657795,12.827102454298595,4.275700818099532,9,925
0.26,0.64,1.3,60s,60,150.8603512462725,12.971825376422721,4.323941792140907,9,1758
0.26,0.64,1.3,90s,90,158.09020809233763,16.085760782919884,5.361920260973295,9,2456
0.26,0.64,1.4,30s,30,152.92482013119198,12.330106138297749,4.110035379432583,9,933
0.26,0.64,1.4,60s,60,151.35162374399403,11.973238141294422,3.991079380431474,9,1707
0.26,0.64,1.4,90s,90,158.7141941779366,18.171656540754967,6.057218846918322,9,2454
0.26,0.64,1.5,30s,30,155.58637313237992,10.157211511191084,3.3857371703970283,9,958
0.26,0.64,1.5,60s,60,150.84066090922653,11.811751686772777,3.937250562257592,9,1664
0.26,0.64,1.5,90s,90,157.40632493771844,15.892398094852506,5.297466031617502,9,2453
0.26,0.64,1.6,30s,30,156.4679690227125,9.954369127075887,3.318123042358629,9,951
0.26,0.64,1.6,60s,60,150.07281093472093,13.004895165830826,4.334965055276942,9,1722
0.26,0.64,1.6,90s,90,155.08390549959643,13.756735202475443,4.585578400825148,9,2367
0.26,0.64,1.7,30s,30,153.62227125737078,10.553937506175314,3.517979168725105,9,937
0.26,0.64,1.7,60s,60,151.3402189457645,12.527358127664899,4.175786042554966,9,1741
0.26,0.64,1.7,90s,90,154.79475385872612,13.426034194907453,4.4753447316358175,9,2438
0.26,0.64,1.8,30s,30,153.906498766952,9.31732291460773,3.1057743048692434,9,895
0.26,0.64,1.8,60s,60,151.40577976579908,11.327451241804194,3.775817080601398,9,1664
0.26,0.64,1.8,90s,90,155.46736373656782,14.014167235654304,4.671389078551434,9,2522
0.26,0.64,1.9,30s,30,153.66819476678538,7.671931233136054,2.5573104110453513,9,941
0.26,0.64,1.9,60s,60,150.34087467571106,13.191240360605832,4.397080120201944,9,1730
0.26,0.64,1.9,90s,90,155.15562375233685,13.407665109172836,4.469221703057612,9,2453
0.26,0.64,2.0,30s,30,150.99385509515147,8.521937857559502,2.840645952519834,9,972
0.26,0.64,2.0,60s,60,149.7973527965931,12.554053712119488,4.184684570706496,9,1702
0.26,0.64,2.0,90s,90,154.2907506291599,13.491318584991545,4.497106194997182,9,2428
0.26,0.65,1.0,30s,30,158.22985884820204,13.704512821468988,4.568170940489662,9,934
0.26,0.65,1.0,60s,60,154.7406237000583,8.833342983885197,2.9444476612950656,9,1647
0.26,0.65,1.0,90s,90,159.69148908360683,14.65905026974202,4.886350089914006,9,2415
0.26,0.65,1.1,30s,30,155.55014893668852,13.34591713750371,4.44863904583457,9,939
0.26,0.65,1.1,60s,60,155.16538428881927,9.085188879342079,3.0283962931140262,9,1742
0.26,0.65,1.1,90s,90,159.75612382876875,15.047960896311961,5.01598696543732,9,2399
0.26,0.65,1.2,30s,30,156.02638603919164,12.693462039423318,4.231154013141106,9,921
0.26,0.65,1.2,60s,60,154.64543848634617,8.915007559359001,2.9716691864530005,9,1752
0.26,0.65,1.2,90s,90,161.68101004409235,15.993489492690408,5.331163164230136,9,2423
0.26,0.65,1.3,30s,30,158.01120882007066,13.909474793073468,4.636491597691156,9,933
0.26,0.65,1.3,60s,60,150.58811606632975,11.246000658824299,3.748666886274766,9,1731
0.26,0.65,1.3,90s,90,159.2890873277409,14.906263122030003,4.968754374010001,9,2511
0.26,0.65,1.4,30s,30,155.55411820962138,11.917035344352007,3.972345114784002,9,921
0.26,0.65,1.4,60s,60,152.0237092517891,9.081557221106486,3.0271857403688287,9,1706
0.26,0.65,1.4,90s,90,160.62044964930826,17.189432966763672,5.729810988921224,9,2387
0.26,0.65,1.5,30s,30,156.0301032019114,13.029008265956639,4.34300275531888,9,908
0.26,0.65,1.5,60s,60,152.8804878570429,12.302796733401857,4.100932244467286,9,1668
0.26,0.65,1.5,90s,90,159.89222487101043,16.768668381177847,5.589556127059282,9,2383
0.26,0.65,1.6,30s,30,156.04155157377758,11.169114409946724,3.723038136648908,9,931
0.26,0.65,1.6,60s,60,151.7346211243216,11.580733975725122,3.860244658575041,9,1627
0.26,0.65,1.6,90s,90,159.89287999382057,15.190467760751607,5.063489253583869,9,2439
0.26,0.65,1.7,30s,30,154.17648930537132,7.242323916268143,2.414107972089381,9,918
0.26,0.65,1.7,60s,60,150.38704215567574,10.223152166710776,3.407717388903592,9,1684
0.26,0.65,1.7,90s,90,158.19566569063176,16.18970714820686,5.396569049402287,9,2381
0.26,0.65,1.8,30s,30,153.36313868587686,9.017908560553785,3.005969520184595,9,888
0.26,0.65,1.8,60s,60,150.8373661455106,12.387719843739388,4.129239947913129,9,1652
0.26,0.65,1.8,90s,90,159.01101608768948,15.073323486831166,5.024441162277055,9,2408
0.26,0.65,1.9,30s,30,154.17522598663186,8.699874886060943,2.8999582953536476,9,926
0.26,0.65,1.9,60s,60,150.34429970104526,12.085639619608964,4.028546539869654,9,1669
0.26,0.65,1.9,90s,90,156.028080576906,12.150072976731632,4.050024325577211,9,2443
0.26,0.65,2.0,30s,30,152.0342383446996,9.099254784698495,3.0330849282328316,9,929
0.26,0.65,2.0,60s,60,150.7441366517211,11.150668511478866,3.716889503826289,9,1701
0.26,0.65,2.0,90s,90,157.97308441337634,13.22766913470664,4.409223044902213,9,2395
0.26,0.66,1.0,30s,30,158.05429710922988,14.064021684643846,4.688007228214615,9,940
0.26,0.66,1.0,60s,60,155.26136892176476,10.785844534060061,3.595281511353354,9,1735
0.26,0.66,1.0,90s,90,163.8258230208146,15.535148031552101,5.178382677184033,9,2538
0.26,0.66,1.1,30s,30,157.80661671814562,12.035895969402437,4.011965323134146,9,926
0.26,0.66,1.1,60s,60,157.10907639323645,10.38732954171302,3.462443180571007,9,1735
0.26,0.66,1.1,90s,90,164.929172405885,16.153899698242906,5.384633232747635,9,2415
0.26,0.66,1.2,30s,30,158.02774618029176,13.829120754811647,4.6097069182705495,9,937
0.26,0.66,1.2,60s,60,153.80236030072183,9.998616716240283,3.332872238746761,9,1675
0.26,0.66,1.2,90s,90,164.71543747394986,17.089276517797163,5.696425505932388,9,2417
0.26,0.66,1.3,30s,30,156.3593513033871,12.22396791044914,4.074655970149713,9,948
0.26,0.66,1.3,60s,60,155.3311714606399,7.726627657195132,2.5755425523983773,9,1749
0.26,0.66,1.3,90s,90,163.69532342198946,15.2762156356048,5.0920718785349335,9,2420
0.26,0.66,1.4,30s,30,155.6203695751088,11.729526364918858,3.909842121639619,9,914
0.26,0.66,1.4,60s,60,153.16043093261894,11.868109017148043,3.956036339049348,9,1742
0.26,0.66,1.4,90s,90,164.42415781897927,16.824284221612682,5.6080947405375605,9,2436
0.26,0.66,1.5,30s,30,157.1097589098054,10.653550050153726,3.5511833500512417,9,925
0.26,0.66,1.5,60s,60,153.6382421582518,10.378728422906123,3.4595761409687076,9,1707
0.26,0.66,1.5,90s,90,162.20390524311952,12.648412603413648,4.216137534471216,9,2416
0.26,0.66,1.6,30s,30,155.30007057191324,9.9167552236733,3.305585074557767,9,915
0.26,0.66,1.6,60s,60,153.08258184632916,10.850673452787248,3.616891150929083,9,1690
0.26,0.66,1.6,90s,90,162.61007243642442,16.463536904707865,5.487845634902622,9,2422
0.26,0.66,1.7,30s,30,156.12724981261877,9.4392439475058,3.1464146491686,9,897
0.26,0.66,1.7,60s,60,152.77854594667323,10.91949948592607,3.6398331619753566,9,1742
0.26,0.66,1.7,90s,90,159.79839626084674,11.842026057293175,3.947342019097725,9,2429
0.26,0.66,1.8,30s,30,154.48363176561082,8.147160527028262,2.7157201756760876,9,907
0.26,0.66,1.8,60s,60,151.97637101595424,11.869458864798482,3.9564862882661607,9,1685
0.26,0.66,1.8,90s,90,161.2108004283501,15.082103401701094,5.027367800567031,9,2487
0.26,0.66,1.9,30s,30,156.5668860989673,9.802362697520556,3.267454232506852,9,926
0.26,0.66,1.9,60s,60,152.39921346598743,12.330731230390057,4.110243743463353,9,1693
0.26,0.66,1.9,90s,90,160.34198897900762,12.564749348379136,4.188249782793045,9,2410
0.26,0.66,2.0,30s,30,153.77644331941124,5.752872198398353,1.9176240661327844,9,908
0.26,0.66,2.0,60s,60,153.06422310021645,11.728034850174994,3.9093449500583315,9,1690
0.26,0.66,2.0,90s,90,158.94688775627165,11.71155663185372,3.9038522106179063,9,2439
0.26,0.67,1.0,30s,30,159.81486134476418,14.638070331956234,4.879356777318745,9,930
0.26,0.67,1.0,60s,60,157.5599556118889,9.547163447953228,3.1823878159844092,9,1662
0.26,0.67,1.0,90s,90,165.02942194639343,15.522553148917577,5.174184382972526,9,2392
0.26,0.67,1.1,30s,30,158.3535261620525,11.120817737468,3.706939245822667,9,929
0.26,0.67,1.1,60s,60,157.11209075505403,8.47496005751791,2.824986685839303,9,1693
0.26,0.67,1.1,90s,90,166.59687413778406,16.497761658498696,5.499253886166232,9,2398
0.26,0.67,1.2,30s,30,158.19175144139217,11.645573882473494,3.881857960824498,9,909
0.26,0.67,1.2,60s,60,157.53600504387208,7.533449978239142,2.5111499927463807,9,1673
0.26,0.67,1.2,90s,90,165.77210287345363,16.696253703474547,5.565417901158182,9,2404
0.26,0.67,1.3,30s,30,156.849961596929,11.242716846340759,3.747572282113586,9,921
0.26,0.67,1.3,60s,60,155.45587055120848,9.454272897385424,3.151424299128475,9,1729
0.26,0.67,1.3,90s,90,166.94029569099774,16.65324427518478,5.551081425061593,9,2456
0.26,0.67,1.4,30s,30,158.6241180466824,12.292792223686218,4.097597407895406,9,917
0.26,0.67,1.4,60s,60,154.49723851050624,10.187130350908854,3.3957101169696178,9,1718
0.26,0.67,1.4,90s,90,166.34171464651115,16.737741549494455,5.579247183164818,9,2429
0.26,0.67,1.5,30s,30,155.7137877600445,12.781942795052583,4.260647598350861,9,931
0.26,0.67,1.5,60s,60,155.37253073791575,11.493210952255415,3.831070317418472,9,1719
0.26,0.67,1.5,90s,90,165.0006753929931,15.19623652531437,5.0654121751047905,9,2462
0.26,0.67,1.6,30s,30,157.56108633493966,9.33059227313908,3.1101974243796935,9,910
0.26,0.67,1.6,60s,60,153.93213699898433,10.828428105078158,3.6094760350260526,9,1709
0.26,0.67,1.6,90s,90,164.86244051685463,15.554009190268143,5.184669730089381,9,2438
0.26,0.67,1.7,30s,30,157.65237455340534,8.484500513077023,2.8281668376923412,9,950
0.26,0.67,1.7,60s,60,154.02376140394918,11.488526736450474,3.829508912150158,9,1687
0.26,0.67,1.7,90s,90,164.01566601978442,15.688962665858968,5.229654221952989,9,2401
0.26,0.67,1.8,30s,30,156.4222775217967,6.221116277266151,2.0737054257553837,9,935
0.26,0.67,1.8,60s,60,154.4073928259916,11.831596478307711,3.943865492769237,9,1696
0.26,0.67,1.8,90s,90,164.44629448444067,16.273059680306456,5.424353226768819,9,2373
0.26,0.67,1.9,30s,30,156.27018479134694,9.638610221216585,3.2128700737388614,9,898
0.26,0.67,1.9,60s,60,154.52733035722065,12.262657367737058,4.087552455912353,9,1713
0.26,0.67,1.9,90s,90,161.45577001463775,13.188654888121745,4.396218296040582,9,2467
0.26,0.67,2.0,30s,30,155.79812941204713,9.64189047542208,3.2139634918073603,9,918
0.26,0.67,2.0,60s,60,154.83550584727539,11.313520907204712,3.771173635734904,9,1659
0.26,0.67,2.0,90s,90,160.90115514904838,14.569677361918377,4.856559120639459,9,2440
0.26,0.68,1.0,30s,30,159.60889930797785,14.929127975178897,4.976375991726299,9,986
0.26,0.68,1.0,60s,60,159.07906949544486,9.58206532771533,3.19402177590511,9,1696
0.26,0.68,1.0,90s,90,169.0748107892473,19.112908200959684,6.370969400319894,9,2429
0.26,0.68,1.1,30s,30,158.48056598428997,14.251097956826005,4.750365985608668,9,922
0.26,0.68,1.1,60s,60,157.90174603063144,9.051782458751267,3.017260819583756,9,1693
0.26,0.68,1.1,90s,90,167.28432876420143,16.018577316154833,5.339525772051611,9,2419
0.26,0.68,1.2,30s,30,158.57609130119903,11.998758713909057,3.9995862379696856,9,936
0.26,0.68,1.2,60s,60,157.64042716307623,8.81043461288995,2.9368115376299833,9,1701
0.26,0.68,1.2,90s,90,168.61963300292967,17.406844691505956,5.802281563835319,9,2424
0.26,0.68,1.3,30s,30,158.6841891719606,10.388954813720071,3.46298493790669,9,928
0.26,0.68,1.3,60s,60,155.0938832911781,11.283260046080422,3.761086682026807,9,1702
0.26,0.68,1.3,90s,90,166.9177509869652,17.06050647142781,5.686835490475937,9,2427
0.26,0.68,1.4,30s,30,160.00455520892385,12.899691042041303,4.299897014013768,9,907
0.26,0.68,1.4,60s,60,156.54699263259045,10.749382965775963,3.583127655258654,9,1713
0.26,0.68,1.4,90s,90,168.2435679474789,18.830832416125045,6.276944138708348,9,2380
0.26,0.68,1.5,30s,30,158.13395031553512,10.868391058190753,3.6227970193969177,9,894
0.26,0.68,1.5,60s,60,156.2597385409711,11.014263283528397,3.6714210945094656,9,1665
0.26,0.68,1.5,90s,90,166.42628644554236,16.717429921586234,5.572476640528745,9,2436
0.26,0.68,1.6,30s,30,158.59198976237982,10.31463051671965,3.438210172239883,9,896
0.26,0.68,1.6,60s,60,155.985904478728,11.178053984195591,3.7260179947318637,9,1686
0.26,0.68,1.6,90s,90,167.6872005503369,17.665098383129216,5.888366127709738,9,2469
0.26,0.68,1.7,30s,30,155.8892583339013,9.184847025752482,3.0616156752508275,9,902
0.26,0.68,1.7,60s,60,156.4987867605848,11.39749650873674,3.799165502912247,9,1690
0.26,0.68,1.7,90s,90,166.17992402359198,16.789268240176632,5.596422746725544,9,2390
0.26,0.68,1.8,30s,30,155.61543577963337,10.656372912520455,3.552124304173485,9,877
0.26,0.68,1.8,60s,60,156.5994986803767,11.809713349079983,3.9365711163599943,9,1751
0.26,0.68,1.8,90s,90,167.15044939725632,17.10453469392369,5.70151156464123,9,2421
0.26,0.68,1.9,30s,30,156.92502672179646,11.069729819993553,3.6899099399978508,9,893
0.26,0.68,1.9,60s,60,156.46228342022528,11.737239651261374,3.9124132170871246,9,1798
0.26,0.68,1.9,90s,90,163.5095943445111,14.719616680912466,4.906538893637489,9,2409
0.26,0.68,2.0,30s,30,155.5741230312433,8.491730674095773,2.830576891365258,9,940
0.26,0.68,2.0,60s,60,155.99276249444242,12.25388975662418,4.084629918874726,9,1704
0.26,0.68,2.0,90s,90,161.85658985848121,13.330689574199905,4.443563191399968,9,2451
0.26,0.69,1.0,30s,30,164.06892805596894,15.875169912224603,5.291723304074868,9,947
0.26,0.69,1.0,60s,60,160.19292099377066,9.86411095387081,3.2880369846236035,9,1660
0.26,0.69,1.0,90s,90,171.03450358353973,19.186173100972802,6.3953910336576,9,2422
0.26,0.69,1.1,30s,30,163.45317969073193,14.26461402025735,4.754871340085783,9,937
0.26,0.69,1.1,60s,60,158.5529136010956,9.339517366390119,3.113172455463373,9,1705
0.26,0.69,1.1,90s,90,170.6949426666404,18.23395443345813,6.07798481115271,9,2409
0.26,0.69,1.2,30s,30,164.8109096785229,13.268785347953148,4.422928449317716,9,921
0.26,0.69,1.2,60s,60,159.26443767436808,11.817718291427845,3.9392394304759484,9,1652
0.26,0.69,1.2,90s,90,169.4233967492718,19.241845692826058,6.413948564275352,9,2381
0.26,0.69,1.3,30s,30,161.4824369892352,15.803750882502792,5.267916960834264,9,925
0.26,0.69,1.3,60s,60,158.87431372744362,8.625443422943972,2.875147807647991,9,1642
0.26,0.69,1.3,90s,90,171.40389020756325,18.500789928413482,6.166929976137827,9,2439
0.26,0.69,1.4,30s,30,163.28391276645468,13.71537908320428,4.57179302773476,9,953
0.26,0.69,1.4,60s,60,158.35656888321924,9.70437250680064,3.2347908356002133,9,1613
0.26,0.69,1.4,90s,90,169.1675082718154,15.663733679533264,5.221244559844421,9,2458
0.26,0.69,1.5,30s,30,161.30972605681166,12.309954323698474,4.103318107899491,9,890
0.26,0.69,1.5,60s,60,158.4781875101771,11.018592288358827,3.672864096119609,9,1659
0.26,0.69,1.5,90s,90,168.83384720291807,17.575988404252886,5.858662801417629,9,2400
0.26,0.69,1.6,30s,30,161.88229918337763,10.488609296737454,3.496203098912485,9,924
0.26,0.69,1.6,60s,60,157.09865767775622,11.660400835873745,3.8868002786245817,9,1674
0.26,0.69,1.6,90s,90,167.98077865247186,16.740465797472467,5.580155265824156,9,2399
0.26,0.69,1.7,30s,30,160.1724706096245,7.938918305280474,2.646306101760158,9,901
0.26,0.69,1.7,60s,60,158.40416256192375,11.418608783252548,3.8062029277508493,9,1717
0.26,0.69,1.7,90s,90,167.02996991896927,15.60688161049563,5.20229387016521,9,2423
0.26,0.69,1.8,30s,30,160.91585388454317,8.150678259562536,2.716892753187512,9,902
0.26,0.69,1.8,60s,60,158.61038931040184,13.223759063507998,4.407919687835999,9,1632
0.26,0.69,1.8,90s,90,167.36063612742845,16.710091062013838,5.570030354004612,9,2439
0.26,0.69,1.9,30s,30,159.05240863973046,5.368743216623964,1.7895810722079881,9,912
0.26,0.69,1.9,60s,60,156.45472135253294,10.638026718266552,3.5460089060888507,9,1682
0.26,0.69,1.9,90s,90,168.26273946142064,18.964941739047312,6.321647246349104,9,2384
0.26,0.69,2.0,30s,30,157.00378711412853,7.469854603648986,2.489951534549662,9,883
0.26,0.69,2.0,60s,60,157.42680487759375,12.378422029102529,4.12614067636751,9,1691
0.26,0.69,2.0,90s,90,165.49937387640168,16.150575645116295,5.383525215038765,9,2401
0.26,0.7,1.0,30s,30,165.53267280650562,17.926156969713727,5.975385656571242,9,889
0.26,0.7,1.0,60s,60,161.962441960331,9.853798803368651,3.2845996011228835,9,1677
0.26,0.7,1.0,90s,90,171.26291929406665,14.13916125605847,4.71305375201949,9,2473
0.26,0.7,1.1,30s,30,165.9216550216839,15.163269208603673,5.0544230695345576,9,911
0.26,0.7,1.1,60s,60,161.99286654199753,9.833450731232087,3.277816910410696,9,1688
0.26,0.7,1.1,90s,90,174.00431851749192,19.29734411639136,6.43244803879712,9,2412
0.26,0.7,1.2,30s,30,163.03192898067854,12.896646416803993,4.2988821389346645,9,929
0.26,0.7,1.2,60s,60,160.14822085341552,10.354664889304205,3.4515549631014015,9,1697
0.26,0.7,1.2,90s,90,171.29144369201697,16.054530552971997,5.351510184323999,9,2418
0.26,0.7,1.3,30s,30,163.20562084790132,11.808951330317543,3.9363171101058474,9,910
0.26,0.7,1.3,60s,60,162.25921798451375,13.302085792153797,4.434028597384599,9,1677
0.26,0.7,1.3,90s,90,172.98791201621836,16.01329511265841,5.337765037552804,9,2407
0.26,0.7,1.4,30s,30,163.4968460691165,12.83788911903952,4.279296373013174,9,927
0.26,0.7,1.4,60s,60,158.6518722110645,10.44818382104736,3.48272794034912,9,1659
0.26,0.7,1.4,90s,90,171.29457030582992,15.35174503538373,5.11724834512791,9,2428
0.26,0.7,1.5,30s,30,164.33245744524805,13.020332964264929,4.34011098808831,9,942
0.26,0.7,1.5,60s,60,159.42620720345175,10.988352705509705,3.6627842351699016,9,1676
0.26,0.7,1.5,90s,90,172.99485465178952,18.234518412939302,6.078172804313101,9,2426
0.26,0.7,1.6,30s,30,160.263545980895,11.004357911293546,3.6681193037645152,9,905
0.26,0.7,1.6,60s,60,159.2255638822918,12.659084260026615,4.219694753342205,9,1727
0.26,0.7,1.6,90s,90,170.42848792054093,17.109167495933452,5.703055831977817,9,2413
0.26,0.7,1.7,30s,30,160.6393108797589,9.295185833158426,3.0983952777194754,9,895
0.26,0.7,1.7,60s,60,159.23539336052323,12.831222621828008,4.277074207276002,9,1634
0.26,0.7,1.7,90s,90,171.11027792873904,16.889390077352648,5.629796692450882,9,2399
0.26,0.7,1.8,30s,30,162.7171891209775,11.552644902724463,3.8508816342414875,9,901
0.26,0.7,1.8,60s,60,157.94399676118513,11.632057912321912,3.8773526374406373,9,1723
0.26,0.7,1.8,90s,90,169.70655078898164,16.50795218012197,5.502650726707323,9,2399
0.26,0.7,1.9,30s,30,159.8906634505339,9.283193924315029,3.094397974771676,9,888
0.26,0.7,1.9,60s,60,158.9733311191801,12.272730518441524,4.0909101728138415,9,1672
0.26,0.7,1.9,90s,90,169.9079000330129,18.295417712233387,6.0984725707444625,9,2421
0.26,0.7,2.0,30s,30,158.46942822220672,8.344447655009859,2.781482551669953,9,937
0.26,0.7,2.0,60s,60,158.1283739900888,13.585642234440035,4.5285474114800115,9,1639
0.26,0.7,2.0,90s,90,168.4747704909864,15.196614935866906,5.065538311955636,9,2458
0.26,0.71,1.0,30s,30,168.15579758365908,16.771310749030302,5.590436916343434,9,943
0.26,0.71,1.0,60s,60,162.76052537347053,9.098720408576117,3.032906802858706,9,1656
0.26,0.71,1.0,90s,90,171.77907611902276,15.995608631479469,5.33186954382649,9,2405
0.26,0.71,1.1,30s,30,166.20306178546633,13.14391015346026,4.3813033844867535,9,890
0.26,0.71,1.1,60s,60,164.24600031444737,9.705450949404343,3.2351503164681144,9,1643
0.26,0.71,1.1,90s,90,172.79908302598287,16.057919888841973,5.3526399629473245,9,2369
0.26,0.71,1.2,30s,30,164.47081520984162,14.88425706155993,4.961419020519977,9,909
0.26,0.71,1.2,60s,60,162.90893603483403,10.453227949342178,3.4844093164473926,9,1692
0.26,0.71,1.2,90s,90,172.81499124264536,16.31082546936657,5.43694182312219,9,2413
0.26,0.71,1.3,30s,30,163.80553405725593,11.851660461600666,3.950553487200222,9,938
0.26,0.71,1.3,60s,60,161.92762721067982,8.659155355312587,2.886385118437529,9,1663
0.26,0.71,1.3,90s,90,171.9938310598885,14.578738408425004,4.859579469475001,9,2358
0.26,0.71,1.4,30s,30,165.48362761756024,11.563027285953027,3.854342428651009,9,926
0.26,0.71,1.4,60s,60,161.03294068339181,11.658707882048422,3.886235960682807,9,1671
0.26,0.71,1.4,90s,90,171.14487927754874,13.013664701723558,4.337888233907853,9,2462
0.26,0.71,1.5,30s,30,166.39643170219486,12.458708267174613,4.152902755724871,9,954
0.26,0.71,1.5,60s,60,163.50884290394012,15.567803603970718,5.18926786799024,9,1703
0.26,0.71,1.5,90s,90,173.4889107030927,17.401301026030108,5.80043367534337,9,2425
0.26,0.71,1.6,30s,30,164.4145664578261,10.550941756129353,3.516980585376451,9,901
0.26,0.71,1.6,60s,60,160.33942391789495,11.610473684437862,3.8701578948126207,9,1650
0.26,0.71,1.6,90s,90,171.97437937624957,17.981046204894078,5.993682068298026,9,2350
0.26,0.71,1.7,30s,30,162.02022869475957,10.617835335548575,3.5392784451828585,9,901
0.26,0.71,1.7,60s,60,159.18709751435807,11.401656013423468,3.8005520044744894,9,1736
0.26,0.71,1.7,90s,90,170.05295146863534,14.059487802117388,4.6864959340391295,9,2434
0.26,0.71,1.8,30s,30,162.95241129214097,10.556504344839992,3.5188347816133305,9,880
0.26,0.71,1.8,60s,60,159.97299744969183,11.64207081998398,3.880690273327993,9,1711
0.26,0.71,1.8,90s,90,170.29331530003577,15.259431980903669,5.08647732696789,9,2377
0.26,0.71,1.9,30s,30,162.40070014886038,10.36589610147366,3.45529870049122,9,861
0.26,0.71,1.9,60s,60,159.16158685317862,12.268260151627231,4.089420050542411,9,1683
0.26,0.71,1.9,90s,90,171.50077502255365,17.349560142877934,5.783186714292644,9,2448
0.26,0.71,2.0,30s,30,161.5555611950664,8.225736836756253,2.741912278918751,9,914
0.26,0.71,2.0,60s,60,160.19604779006687,12.211862225181356,4.070620741727119,9,1719
0.26,0.71,2.0,90s,90,168.81395519106894,13.7925437942651,4.597514598088367,9,2401
0.26,0.72,1.0,30s,30,164.82199046800713,14.41666587591791,4.805555291972637,9,918
0.26,0.72,1.0,60s,60,164.06060243676401,8.890416112192277,2.9634720373974255,9,1754
0.26,0.72,1.0,90s,90,170.23898819085775,12.731407755041204,4.243802585013735,9,2400
0.26,0.72,1.1,30s,30,168.22243848804976,16.489127218507363,5.496375739502454,9,922
0.26,0.72,1.1,60s,60,163.00055875793436,8.356250897342383,2.785416965780794,9,1635
0.26,0.72,1.1,90s,90,175.73651873203735,18.145874944780836,6.048624981593612,9,2413
0.26,0.72,1.2,30s,30,165.1151925388167,14.51594316473367,4.83864772157789,9,891
0.26,0.72,1.2,60s,60,161.9998655793921,11.6616593480159,3.8872197826719668,9,1686
0.26,0.72,1.2,90s,90,173.20306542516732,15.193870036767992,5.064623345589331,9,2447
0.26,0.72,1.3,30s,30,165.48323036424296,17.10276749047218,5.7009224968240595,9,939
0.26,0.72,1.3,60s,60,164.2454430284777,11.911111541859825,3.970370513953275,9,1698
0.26,0.72,1.3,90s,90,176.55404575215664,20.626808998527466,6.875602999509155,9,2426
0.26,0.72,1.4,30s,30,165.949262870964,13.98245873884512,4.66081957961504,9,913
0.26,0.72,1.4,60s,60,161.04868129474926,9.49237339816062,3.16412446605354,9,1627
0.26,0.72,1.4,90s,90,173.27911359173447,17.70795969474243,5.9026532315808105,9,2442
0.26,0.72,1.5,30s,30,166.57965903320007,13.883315924838062,4.627771974946021,9,882
0.26,0.72,1.5,60s,60,162.22782908022901,10.923447583113884,3.6411491943712946,9,1686
0.26,0.72,1.5,90s,90,175.41456051984198,19.53224115645094,6.510747052150314,9,2381
0.26,0.72,1.6,30s,30,163.9183613203829,12.28387469104358,4.094624897014527,9,927
0.26,0.72,1.6,60s,60,161.64223424077696,10.33765581320221,3.4458852710674033,9,1660
0.26,0.72,1.6,90s,90,173.05659421272793,15.745588637287858,5.2485295457626195,9,2376
0.26,0.72,1.7,30s,30,164.41117345379587,9.241481816577735,3.080493938859245,9,894
0.26,0.72,1.7,60s,60,163.98735719178316,12.194473455336615,4.064824485112205,9,1663
0.26,0.72,1.7,90s,90,174.60953269023915,17.48947841598573,5.82982613866191,9,2417
0.26,0.72,1.8,30s,30,161.1906289797402,10.929190966005274,3.6430636553350912,9,900
0.26,0.72,1.8,60s,60,163.71053690221493,11.653059158638616,3.8843530528795385,9,1713
0.26,0.72,1.8,90s,90,173.24744885158103,18.194207952352635,6.0647359841175446,9,2433
0.26,0.72,1.9,30s,30,160.74373117381387,9.968789002153802,3.3229296673846007,9,916
0.26,0.72,1.9,60s,60,160.6328238896594,10.856387785316354,3.6187959284387845,9,1648
0.26,0.72,1.9,90s,90,172.66900560326354,16.903866108231753,5.634622036077251,9,2414
0.26,0.72,2.0,30s,30,162.22331655779317,11.325821741643441,3.775273913881147,9,879
0.26,0.72,2.0,60s,60,161.46038718653946,11.195679636407625,3.731893212135875,9,1691
0.26,0.72,2.0,90s,90,170.0830503497669,14.869705170218433,4.956568390072811,9,2422
0.26,0.73,1.0,30s,30,172.45010272097545,19.843649471042568,6.614549823680856,9,897
0.26,0.73,1.0,60s,60,166.88434204900278,8.987815354058622,2.995938451352874,9,1663
0.26,0.73,1.0,90s,90,176.44777262163876,16.49930100740773,5.499767002469244,9,2406
0.26,0.73,1.1,30s,30,168.21086478933103,13.094567008888541,4.364855669629514,9,959
0.26,0.73,1.1,60s,60,165.30990621581498,9.281512337235196,3.093837445745065,9,1665
0.26,0.73,1.1,90s,90,175.24769591226993,15.56495616336278,5.188318721120926,9,2396
0.26,0.73,1.2,30s,30,166.66293968688993,13.210962618137966,4.403654206045989,9,925
0.26,0.73,1.2,60s,60,167.0587839066692,10.466499172464106,3.4888330574880353,9,1678
0.26,0.73,1.2,90s,90,176.751996263364,19.245269838944033,6.415089946314677,9,2375
0.26,0.73,1.3,30s,30,166.72734738447272,15.148772193648629,5.04959073121621,9,897
0.26,0.73,1.3,60s,60,166.05086478411297,14.151037574071648,4.717012524690549,9,1719
0.26,0.73,1.3,90s,90,179.17459323106823,19.55960983480837,6.519869944936123,9,2403
0.26,0.73,1.4,30s,30,166.83786619210713,13.899460153635577,4.633153384545192,9,930
0.26,0.73,1.4,60s,60,164.33621787881933,12.265806870506346,4.088602290168782,9,1709
0.26,0.73,1.4,90s,90,178.2934423118388,19.59161488727211,6.5305382957573705,9,2391
0.26,0.73,1.5,30s,30,166.08500867436072,14.546036578286005,4.848678859428668,9,936
0.26,0.73,1.5,60s,60,164.8625655193217,12.406103741175038,4.135367913725013,9,1716
0.26,0.73,1.5,90s,90,175.03765652252116,16.470520657964283,5.490173552654761,9,2404
0.26,0.73,1.6,30s,30,164.79766438992874,12.2290605288513,4.0763535096171,9,875
0.26,0.73,1.6,60s,60,165.76633895482948,11.094898127869648,3.6982993759565495,9,1647
0.26,0.73,1.6,90s,90,176.13628681694615,18.534018243213442,6.178006081071147,9,2429
0.26,0.73,1.7,30s,30,164.59519062816443,12.190887029979955,4.063629009993318,9,901
0.26,0.73,1.7,60s,60,165.87813473441955,12.95613955932946,4.318713186443153,9,1720
0.26,0.73,1.7,90s,90,176.63812427877804,18.867405175765867,6.289135058588623,9,2398
0.26,0.73,1.8,30s,30,163.96992288686053,11.605119293332136,3.8683730977773787,9,890
0.26,0.73,1.8,60s,60,163.63511900491358,11.650474003263707,3.8834913344212354,9,1668
0.26,0.73,1.8,90s,90,176.63992656889627,18.731308445576158,6.2437694818587195,9,2425
0.26,0.73,1.9,30s,30,164.34837180593453,11.670779885194275,3.890259961731425,9,910
0.26,0.73,1.9,60s,60,163.43835653946147,11.365589814463243,3.7885299381544146,9,1698
0.26,0.73,1.9,90s,90,174.0937922385657,17.057574914431452,5.685858304810484,9,2416
0.26,0.73,2.0,30s,30,164.63143799010373,12.280367091060892,4.093455697020297,9,899
0.26,0.73,2.0,60s,60,165.34350597399305,14.01414715990323,4.67138238663441,9,1767
0.26,0.73,2.0,90s,90,173.93234283685317,18.02664256802727,6.00888085600909,9,2453
0.26,0.74,1.0,30s,30,171.09265751540903,16.52340286383043,5.507800954610143,9,921
0.26,0.74,1.0,60s,60,169.10433031313642,11.98521067872931,3.995070226243103,9,1687
0.26,0.74,1.0,90s,90,179.08736998468436,18.515746072277274,6.171915357425758,9,2435
0.26,0.74,1.1,30s,30,168.06841693454768,13.982846589272398,4.660948863090799,9,947
0.26,0.74,1.1,60s,60,168.76975899722265,11.122829333041574,3.7076097776805246,9,1666
0.26,0.74,1.1,90s,90,176.5709889951313,16.02100199799036,5.34033399933012,9,2406
0.26,0.74,1.2,30s,30,168.04299159213244,19.88426463390609,6.628088211302029,9,895
0.26,0.74,1.2,60s,60,168.31954151370795,13.270480337443757,4.423493445814586,9,1642
0.26,0.74,1.2,90s,90,178.77166778839634,17.846204454779404,5.948734818259801,9,2469
0.26,0.74,1.3,30s,30,167.79723777849566,14.939057680602222,4.979685893534074,9,926
0.26,0.74,1.3,60s,60,166.67053491553074,11.623356543363068,3.8744521811210224,9,1630
0.26,0.74,1.3,90s,90,178.33063139941314,18.559094160163745,6.1863647200545815,9,2425
0.26,0.74,1.4,30s,30,166.74127645581655,16.828900063200493,5.609633354400164,9,903
0.26,0.74,1.4,60s,60,167.1780929196497,13.499296308557597,4.499765436185865,9,1651
0.26,0.74,1.4,90s,90,178.28857902994815,18.96830673213734,6.322768910712447,9,2373
0.26,0.74,1.5,30s,30,167.18992825279648,14.293076178622863,4.764358726207621,9,905
0.26,0.74,1.5,60s,60,168.2306165801288,11.6561431678482,3.8853810559494,9,1671
0.26,0.74,1.5,90s,90,179.20170093064593,19.210753314930056,6.403584438310019,9,2340
0.26,0.74,1.6,30s,30,167.23019654591283,12.392553618989648,4.130851206329883,9,895
0.26,0.74,1.6,60s,60,167.0842578973112,13.429615994599615,4.476538664866538,9,1677
0.26,0.74,1.6,90s,90,178.76421917612004,18.557418739918894,6.185806246639632,9,2392
0.26,0.74,1.7,30s,30,165.21633744929113,11.263485831777967,3.754495277259322,9,883
0.26,0.74,1.7,60s,60,167.79727885784828,11.878706947333972,3.9595689824446576,9,1636
0.26,0.74,1.7,90s,90,177.5551554615273,16.936296973401458,5.645432324467152,9,2418
0.26,0.74,1.8,30s,30,168.03148856028665,10.563070401647478,3.521023467215826,9,890
0.26,0.74,1.8,60s,60,170.00469357247982,15.745927753136225,5.248642584378742,9,1687
0.26,0.74,1.8,90s,90,176.2544947097953,18.01543532168079,6.00514510722693,9,2413
0.26,0.74,1.9,30s,30,163.11374466078374,9.090938817104853,3.030312939034951,9,866
0.26,0.74,1.9,60s,60,167.60945677904613,12.90598423978929,4.3019947465964306,9,1665
0.26,0.74,1.9,90s,90,174.03282168266387,14.278546683431951,4.759515561143984,9,2450
0.26,0.74,2.0,30s,30,164.1808837335017,12.076852165579991,4.025617388526664,9,864
0.26,0.74,2.0,60s,60,167.1451397718077,12.886799425291414,4.295599808430471,9,1674
0.26,0.74,2.0,90s,90,173.0382486918964,15.282456202372623,5.094152067457541,9,2395
0.26,0.75,1.0,30s,30,169.0885108836731,13.402036063073727,4.467345354357909,9,953
0.26,0.75,1.0,60s,60,170.68479084746915,11.328204486240747,3.7760681620802488,9,1678
0.26,0.75,1.0,90s,90,180.7073291072553,21.117301888932364,7.039100629644121,9,2428
0.26,0.75,1.1,30s,30,169.67852524871722,12.895239814335293,4.2984132714450975,9,952
0.26,0.75,1.1,60s,60,169.60316049954275,11.971498043603436,3.990499347867812,9,1705
0.26,0.75,1.1,90s,90,181.40316488782355,19.77398524379481,6.59132841459827,9,2386
0.26,0.75,1.2,30s,30,169.20858843501665,12.749477359075696,4.249825786358565,9,950
0.26,0.75,1.2,60s,60,169.3506537035046,13.310837113091605,4.436945704363868,9,1681
0.26,0.75,1.2,90s,90,177.5369598844979,15.94240919018476,5.314136396728253,9,2352
0.26,0.75,1.3,30s,30,167.9263805380928,13.378573845063165,4.4595246150210555,9,926
0.26,0.75,1.3,60s,60,169.59474672011027,13.485418011565264,4.495139337188421,9,1665
0.26,0.75,1.3,90s,90,182.4483961354704,20.496402756064224,6.832134252021408,9,2387
0.26,0.75,1.4,30s,30,169.38964744093383,14.203801652827217,4.734600550942406,9,920
0.26,0.75,1.4,60s,60,170.59452649672187,14.506589021360558,4.835529673786852,9,1650
0.26,0.75,1.4,90s,90,176.93193052414819,14.314642700290586,4.7715475667635285,9,2422
0.26,0.75,1.5,30s,30,167.96996280423213,12.735460771164762,4.245153590388254,9,885
0.26,0.75,1.5,60s,60,168.72606396466946,13.338651170870687,4.446217056956896,9,1707
0.26,0.75,1.5,90s,90,179.67882118669536,18.81385400042367,6.27128466680789,9,2402
0.26,0.75,1.6,30s,30,168.0897293983717,11.14686767273149,3.7156225575771633,9,907
0.26,0.75,1.6,60s,60,168.92753657098703,13.498785891876238,4.499595297292079,9,1698
0.26,0.75,1.6,90s,90,180.25708435616193,22.02722756802557,7.342409189341857,9,2451
0.26,0.75,1.7,30s,30,166.62947249445742,11.79487737590575,3.9316257919685835,9,915
0.26,0.75,1.7,60s,60,169.26462149521663,12.773192704580653,4.257730901526885,9,1655
0.26,0.75,1.7,90s,90,178.07749908054265,17.251402783769073,5.750467594589691,9,2432
0.26,0.75,1.8,30s,30,166.68466275764797,10.511173836046094,3.5037246120153647,9,891
0.26,0.75,1.8,60s,60,169.24080473675744,14.238990561382236,4.746330187127412,9,1751
0.26,0.75,1.8,90s,90,175.30448408793666,15.404563201615561,5.13485440053852,9,2417
0.26,0.75,1.9,30s,30,166.42180020877814,8.357409763250175,2.785803254416725,9,920
0.26,0.75,1.9,60s,60,169.3872976597755,14.349841269663365,4.783280423221122,9,1717
0.26,0.75,1.9,90s,90,176.35125513371858,15.477395660489039,5.159131886829679,9,2383
0.26,0.75,2.0,30s,30,165.3429489016184,8.57003420999352,2.8566780699978396,9,875
0.26,0.75,2.0,60s,60,169.51551775911796,14.299574044190768,4.766524681396922,9,1653
0.26,0.75,2.0,90s,90,174.89888145054218,16.139932367307313,5.3799774557691045,9,2370
0.26,0.76,1.0,30s,30,174.4234689580985,18.961405787228912,6.3204685957429705,9,901
0.26,0.76,1.0,60s,60,170.46029011091366,12.983132934716549,4.32771097823885,9,1670
0.26,0.76,1.0,90s,90,179.9307475885404,15.830450018036325,5.276816672678775,9,2368
0.26,0.76,1.1,30s,30,169.54493326014077,13.830470917012352,4.6101569723374505,9,917
0.26,0.76,1.1,60s,60,173.22078028422317,14.089866663532733,4.696622221177578,9,1707
0.26,0.76,1.1,90s,90,180.85328103726843,16.092095870531164,5.364031956843721,9,2439
0.26,0.76,1.2,30s,30,169.04219683119376,13.842937346032098,4.614312448677366,9,920
0.26,0.76,1.2,60s,60,169.77804484635084,12.927753919589517,4.309251306529839,9,1659
0.26,0.76,1.2,90s,90,180.22222262666776,15.537391162231076,5.179130387410359,9,2381
0.26,0.76,1.3,30s,30,167.9993575172402,12.178440046656574,4.059480015552191,9,867
0.26,0.76,1.3,60s,60,168.8461209824269,12.96045513517108,4.320151711723693,9,1651
0.26,0.76,1.3,90s,90,182.1335978381165,19.71681451100925,6.57227150366975,9,2417
0.26,0.76,1.4,30s,30,168.71530188181995,11.377311045190012,3.7924370150633373,9,887
0.26,0.76,1.4,60s,60,168.0223825858269,11.728470750836928,3.909490250278976,9,1635
0.26,0.76,1.4,90s,90,181.76599500312057,17.595381906137835,5.865127302045945,9,2387
0.26,0.76,1.5,30s,30,170.39577665787323,11.954495641588274,3.9848318805294247,9,916
0.26,0.76,1.5,60s,60,168.21491034326993,14.332015594512306,4.777338531504102,9,1695
0.26,0.76,1.5,90s,90,182.25305081079847,20.145824547990838,6.715274849330279,9,2397
0.26,0.76,1.6,30s,30,169.43897995459147,11.349834908537288,3.7832783028457624,9,896
0.26,0.76,1.6,60s,60,169.4538547955445,12.854814978273861,4.284938326091287,9,1662
0.26,0.76,1.6,90s,90,180.61843527423517,18.02467545516897,6.00822515172299,9,2387
0.26,0.76,1.7,30s,30,168.31992454299706,10.419957825617239,3.4733192752057462,9,894
0.26,0.76,1.7,60s,60,171.45139598577342,14.535424917766111,4.84514163925537,9,1654
0.26,0.76,1.7,90s,90,178.08171600505432,16.05589607746734,5.3519653591557805,9,2377
0.26,0.76,1.8,30s,30,168.8086285969951,10.253215268978002,3.417738422992667,9,900
0.26,0.76,1.8,60s,60,169.33462082247348,14.261058528449679,4.753686176149893,9,1743
0.26,0.76,1.8,90s,90,180.33288997533,19.324996982100703,6.4416656607002345,9,2353
0.26,0.76,1.9,30s,30,168.1784375655854,9.767777203608972,3.255925734536324,9,903
0.26,0.76,1.9,60s,60,168.59499839499603,14.708060192024103,4.902686730674701,9,1699
0.26,0.76,1.9,90s,90,179.4559361455696,18.223577206752026,6.074525735584008,9,2404
0.26,0.76,2.0,30s,30,166.33205320553077,8.312520312909049,2.770840104303016,9,913
0.26,0.76,2.0,60s,60,168.80244321009843,14.850168683723084,4.9500562279076945,9,1715
0.26,0.76,2.0,90s,90,176.4778007679016,15.636456583415935,5.212152194471979,9,2376
0.26,0.77,1.0,30s,30,175.0544735384714,18.780846351077056,6.260282117025685,9,904
0.26,0.77,1.0,60s,60,171.77226373191868,12.151761991363356,4.050587330454452,9,1683
0.26,0.77,1.0,90s,90,182.26116607365194,18.915093959570235,6.305031319856745,9,2343
0.26,0.77,1.1,30s,30,172.00020557207935,12.162716116046774,4.054238705348925,9,900
0.26,0.77,1.1,60s,60,170.16187110787192,13.010345810013716,4.336781936671239,9,1651
0.26,0.77,1.1,90s,90,182.95436906742643,16.73391941288365,5.577973137627883,9,2489
0.26,0.77,1.2,30s,30,171.09729578555533,11.438122728804622,3.8127075762682074,9,908
0.26,0.77,1.2,60s,60,172.12701593441662,14.529271403799745,4.843090467933249,9,1684
0.26,0.77,1.2,90s,90,182.1895220312452,16.248655391221725,5.416218463740575,9,2374
0.26,0.77,1.3,30s,30,171.02929882242572,14.282184238067723,4.760728079355908,9,946
0.26,0.77,1.3,60s,60,170.71509785052143,14.444112456515903,4.814704152171967,9,1719
0.26,0.77,1.3,90s,90,181.74260422905047,17.259950494819705,5.753316831606568,9,2404
0.26,0.77,1.4,30s,30,171.60517345091017,13.453008160778769,4.484336053592923,9,865
0.26,0.77,1.4,60s,60,171.60818291775368,13.831816798499126,4.610605599499709,9,1668
0.26,0.77,1.4,90s,90,183.09050838425813,19.64342821306047,6.54780940435349,9,2433
0.26,0.77,1.5,30s,30,171.9596433153843,10.216984535476385,3.405661511825462,9,869
0.26,0.77,1.5,60s,60,169.78966502532387,15.059118155753607,5.019706051917869,9,1688
0.26,0.77,1.5,90s,90,181.27862021718556,17.079584204594536,5.6931947348648455,9,2343
0.26,0.77,1.6,30s,30,171.30126267295913,10.24088456927253,3.4136281897575103,9,914
0.26,0.77,1.6,60s,60,169.17211787421851,14.642615871063091,4.88087195702103,9,1672
0.26,0.77,1.6,90s,90,182.50861539901715,17.315639200476394,5.771879733492131,9,2413
0.26,0.77,1.7,30s,30,170.46001400035206,9.719107870443521,3.2397026234811737,9,928
0.26,0.77,1.7,60s,60,171.2908022189157,14.425505138109923,4.808501712703308,9,1679
0.26,0.77,1.7,90s,90,180.83160592434314,18.07267305500983,6.024224351669943,9,2415
0.26,0.77,1.8,30s,30,169.25413680263887,9.279532268990009,3.0931774229966695,9,914
0.26,0.77,1.8,60s,60,170.70232825924916,14.726561515399311,4.908853838466437,9,1713
0.26,0.77,1.8,90s,90,182.77387374508385,18.695644460385335,6.231881486795111,9,2371
0.26,0.77,1.9,30s,30,168.31209721135136,6.900216775028961,2.300072258342987,9,879
0.26,0.77,1.9,60s,60,169.95823341424855,15.593536756038128,5.197845585346043,9,1665
0.26,0.77,1.9,90s,90,181.5324350678372,18.118970114698172,6.03965670489939,9,2340
0.26,0.77,2.0,30s,30,168.44432206603594,11.178609673680628,3.726203224560209,9,892
0.26,0.77,2.0,60s,60,169.07320841354556,14.088010417190619,4.696003472396873,9,1687
0.26,0.77,2.0,90s,90,178.6679948527468,14.438930504003148,4.812976834667716,9,2317
0.26,0.78,1.0,30s,30,172.77888530039408,15.18619821621975,5.06206607207325,9,938
0.26,0.78,1.0,60s,60,171.62523122014602,14.995553773399212,4.998517924466404,9,1654
0.26,0.78,1.0,90s,90,181.92591828127024,16.673602521225593,5.557867507075198,9,2362
0.26,0.78,1.1,30s,30,169.57369854539135,11.31456017598697,3.771520058662323,9,925
0.26,0.78,1.1,60s,60,170.89988792739962,15.288098104292539,5.096032701430846,9,1632
0.26,0.78,1.1,90s,90,182.50500664177287,17.60743270972953,5.86914423657651,9,2372
0.26,0.78,1.2,30s,30,170.9257156724909,11.960160794180362,3.9867202647267876,9,900
0.26,0.78,1.2,60s,60,172.26131333066868,15.59440495780092,5.19813498593364,9,1702
0.26,0.78,1.2,90s,90,183.0015808077038,17.347657619325624,5.782552539775208,9,2421
0.26,0.78,1.3,30s,30,170.60137364348262,11.41809805767779,3.8060326858925966,9,907
0.26,0.78,1.3,60s,60,172.1622848828472,16.27732006231282,5.425773354104273,9,1678
0.26,0.78,1.3,90s,90,184.66904135447646,19.149612420496954,6.383204140165652,9,2413
0.26,0.78,1.4,30s,30,173.04576213873264,14.707486641111714,4.902495547037238,9,877
0.26,0.78,1.4,60s,60,170.64057641707805,14.608492803542742,4.869497601180914,9,1650
0.26,0.78,1.4,90s,90,182.78154069001005,17.477149491500334,5.825716497166778,9,2444
0.26,0.78,1.5,30s,30,170.19129234821062,12.783193303784351,4.2610644345947835,9,909
0.26,0.78,1.5,60s,60,173.69319952841633,17.65947224992364,5.886490749974546,9,1663
0.26,0.78,1.5,90s,90,181.92361897727835,16.022085801955622,5.340695267318541,9,2361
0.26,0.78,1.6,30s,30,170.27743735773996,11.851404651731706,3.950468217243902,9,914
0.26,0.78,1.6,60s,60,170.9805821724429,15.678171646311826,5.226057215437275,9,1710
0.26,0.78,1.6,90s,90,183.53118862321426,18.833496557737774,6.277832185912591,9,2374
0.26,0.78,1.7,30s,30,167.8369929918082,9.72192833597969,3.240642778659897,9,897
0.26,0.78,1.7,60s,60,172.08042581393659,15.796676201638952,5.265558733879651,9,1703
0.26,0.78,1.7,90s,90,181.4452335157252,18.174320618843986,6.058106872947995,9,2389
0.26,0.78,1.8,30s,30,170.5616610149938,9.04715172598548,3.01571724199516,9,893
0.26,0.78,1.8,60s,60,170.26329286817634,15.102564126294094,5.034188042098031,9,1653
0.26,0.78,1.8,90s,90,182.54783797184254,21.33475082220251,7.111583607400836,9,2365
0.26,0.78,1.9,30s,30,168.2081737913542,10.255052736575905,3.4183509121919684,9,908
0.26,0.78,1.9,60s,60,170.70704036460404,15.486969494976705,5.162323164992235,9,1647
0.26,0.78,1.9,90s,90,179.93997796331777,18.14037490251355,6.046791634171183,9,2433
0.26,0.78,2.0,30s,30,167.33510418374556,10.840912581182346,3.613637527060782,9,900
0.26,0.78,2.0,60s,60,171.90583112829503,15.620715839918567,5.2069052799728555,9,1691
0.26,0.78,2.0,90s,90,177.56378988398217,15.628079878602707,5.209359959534235,9,2375
0.26,0.79,1.0,30s,30,173.35938748833027,12.080140154105017,4.026713384701672,9,925
0.26,0.79,1.0,60s,60,173.86241128293986,15.231682620412231,5.07722754013741,9,1695
0.26,0.79,1.0,90s,90,187.1320369081892,18.930323487590318,6.310107829196773,9,2397
0.26,0.79,1.1,30s,30,174.15835598902316,12.77548272309866,4.258494241032887,9,888
0.26,0.79,1.1,60s,60,172.9609547462643,15.912766591552288,5.3042555305174295,9,1707
0.26,0.79,1.1,90s,90,187.2087087681739,17.173824641334257,5.724608213778086,9,2410
0.26,0.79,1.2,30s,30,173.21099522984542,10.808538166815602,3.6028460556052004,9,924
0.26,0.79,1.2,60s,60,173.05710798366533,17.09903131222083,5.6996771040736105,9,1718
0.26,0.79,1.2,90s,90,186.81536544706347,17.108770966994072,5.702923655664691,9,2373
0.26,0.79,1.3,30s,30,172.8032103325617,12.728130588516114,4.242710196172038,9,920
0.26,0.79,1.3,60s,60,173.09792448002472,16.160170296146447,5.386723432048815,9,1707
0.26,0.79,1.3,90s,90,183.84109654666952,13.707500920601392,4.569166973533798,9,2441
0.26,0.79,1.4,30s,30,171.17357028395827,13.273138536601213,4.424379512200404,9,882
0.26,0.79,1.4,60s,60,173.51664420938047,15.587084917238657,5.195694972412886,9,1674
0.26,0.79,1.4,90s,90,184.90675562994105,16.530829891812928,5.510276630604309,9,2378
0.26,0.79,1.5,30s,30,174.4801173607598,9.823285774942008,3.274428591647336,9,866
0.26,0.79,1.5,60s,60,173.16630420073903,16.237810296994496,5.412603432331498,9,1667
0.26,0.79,1.5,90s,90,185.60491225912446,17.965881838267613,5.988627279422538,9,2410
0.26,0.79,1.6,30s,30,171.16713928876848,11.084945242954001,3.6949817476513336,9,892
0.26,0.79,1.6,60s,60,172.71592243541082,15.266078902987928,5.0886929676626425,9,1687
0.26,0.79,1.6,90s,90,187.64252417795876,20.312216614747967,6.7707388715826555,9,2394
0.26,0.79,1.7,30s,30,171.9815648468954,9.893332136373239,3.29777737879108,9,900
0.26,0.79,1.7,60s,60,173.7219646340009,16.076079405124556,5.358693135041519,9,1699
0.26,0.79,1.7,90s,90,182.72516758562156,16.095860207448165,5.365286735816055,9,2412
0.26,0.79,1.8,30s,30,171.02907683686558,12.101085600255622,4.033695200085208,9,882
0.26,0.79,1.8,60s,60,172.56898465070125,15.239968860597141,5.079989620199047,9,1705
0.26,0.79,1.8,90s,90,184.37856346882924,18.44359865871969,6.14786621957323,9,2403
0.26,0.79,1.9,30s,30,170.82638330240076,8.926244944592055,2.975414981530685,9,876
0.26,0.79,1.9,60s,60,172.33992805641,16.130302420356138,5.376767473452046,9,1708
0.26,0.79,1.9,90s,90,182.95399990672593,16.172397138192405,5.390799046064135,9,2459
0.26,0.79,2.0,30s,30,169.63651410203283,10.91532826870362,3.63844275623454,9,906
0.26,0.79,2.0,60s,60,172.3266072391344,16.143753556928786,5.381251185642928,9,1639
0.26,0.79,2.0,90s,90,183.01596978454688,16.471785166966946,5.490595055655649,9,2406
0.26,0.8,1.0,30s,30,175.5399737594169,11.181007964253256,3.7270026547510855,9,919
0.26,0.8,1.0,60s,60,176.4110285442196,13.82062819817167,4.606876066057223,9,1662
0.26,0.8,1.0,90s,90,189.62047863469044,18.425358412051967,6.141786137350656,9,2391
0.26,0.8,1.1,30s,30,173.7996324648821,10.7911696482793,3.5970565494264335,9,930
0.26,0.8,1.1,60s,60,178.23483361264564,13.625412763464054,4.541804254488018,9,1640
0.26,0.8,1.1,90s,90,187.7001068071644,16.670337015041156,5.556779005013719,9,2357
0.26,0.8,1.2,30s,30,174.57296536949258,14.100845055556883,4.700281685185628,9,917
0.26,0.8,1.2,60s,60,175.33665906043166,14.279510478514407,4.759836826171469,9,1683
0.26,0.8,1.2,90s,90,191.40917540985276,19.524027143083813,6.508009047694604,9,2411
0.26,0.8,1.3,30s,30,173.26432008175667,12.915874002203681,4.305291334067894,9,929
0.26,0.8,1.3,60s,60,176.7275148667564,15.303486173383066,5.1011620577943555,9,1671
0.26,0.8,1.3,90s,90,189.5117975507204,18.08797598675881,6.029325328919604,9,2405
0.26,0.8,1.4,30s,30,175.27940404751013,11.452064753025935,3.8173549176753117,9,933
0.26,0.8,1.4,60s,60,175.32677780337679,15.615087991342198,5.2050293304474,9,1709
0.26,0.8,1.4,90s,90,190.28207912017393,19.87205773220942,6.624019244069807,9,2364
0.26,0.8,1.5,30s,30,175.90024829670836,10.80209465996999,3.600698219989997,9,887
0.26,0.8,1.5,60s,60,175.0566879100046,15.181102321342808,5.060367440447602,9,1677
0.26,0.8,1.5,90s,90,187.63109718203515,18.864444133956717,6.288148044652239,9,2415
0.26,0.8,1.6,30s,30,174.58936662297535,11.588638623719577,3.862879541239859,9,863
0.26,0.8,1.6,60s,60,174.85078391253649,14.889280723749343,4.963093574583114,9,1628
0.26,0.8,1.6,90s,90,189.61031027478157,21.625494399059583,7.208498133019861,9,2431
0.26,0.8,1.7,30s,30,173.41171858078218,8.85010794374282,2.950035981247607,9,875
0.26,0.8,1.7,60s,60,174.73445345590133,15.69424320167102,5.231414400557006,9,1697
0.26,0.8,1.7,90s,90,185.7930862037887,16.11311272206929,5.371037574023096,9,2375
0.26,0.8,1.8,30s,30,172.64957601129794,10.781476299523884,3.593825433174628,9,883
0.26,0.8,1.8,60s,60,173.59467876311183,14.798691350704669,4.9328971169015565,9,1677
0.26,0.8,1.8,90s,90,186.74530993373352,22.071863572622586,7.357287857540862,9,2409
0.26,0.8,1.9,30s,30,172.32875433788882,9.599015283354673,3.1996717611182244,9,856
0.26,0.8,1.9,60s,60,174.4678716632564,15.857969165589754,5.285989721863252,9,1698
0.26,0.8,1.9,90s,90,188.40985991137293,21.3074640777431,7.102488025914366,9,2433
0.26,0.8,2.0,30s,30,170.69876443747322,9.435985357302192,3.145328452434064,9,904
0.26,0.8,2.0,60s,60,174.7826493012881,16.714769113254967,5.571589704418322,9,1703
0.26,0.8,2.0,90s,90,184.28821685333529,16.852504787988398,5.617501595996132,9,2417
0.27,0.6,1.0,30s,30,154.16192046420437,12.815868315242234,4.271956105080744,9,875
0.27,0.6,1.0,60s,60,144.02932181475387,9.778232353946892,3.259410784648964,9,1651
0.27,0.6,1.0,90s,90,147.80212306175306,13.82333626445612,4.607778754818707,9,2415
0.27,0.6,1.1,30s,30,152.14720943408827,10.60905996144835,3.5363533204827835,9,899
0.27,0.6,1.1,60s,60,143.79862306393497,8.666783059954502,2.888927686651501,9,1706
0.27,0.6,1.1,90s,90,147.44281362242472,14.254703092656522,4.751567697552174,9,2399
0.27,0.6,1.2,30s,30,151.34579284186518,10.762514089984855,3.587504696661618,9,937
0.27,0.6,1.2,60s,60,144.1467312061053,9.065378625367806,3.021792875122602,9,1688
0.27,0.6,1.2,90s,90,149.49392532914968,15.518482795329048,5.172827598443016,9,2471
0.27,0.6,1.3,30s,30,150.54057989109614,8.475526628163818,2.8251755427212726,9,917
0.27,0.6,1.3,60s,60,142.62661448185102,9.612124086710589,3.204041362236863,9,1655
0.27,0.6,1.3,90s,90,148.29974002123095,14.825496406531489,4.941832135510496,9,2363
0.27,0.6,1.4,30s,30,152.2706195683487,11.835179283009657,3.9450597610032188,9,923
0.27,0.6,1.4,60s,60,142.69352192474463,8.257257287688654,2.7524190958962182,9,1681
0.27,0.6,1.4,90s,90,145.427769482938,10.252379983314697,3.4174599944382322,9,2369
0.27,0.6,1.5,30s,30,151.28256283386588,11.193276127679141,3.731092042559714,9,906
0.27,0.6,1.5,60s,60,142.02371317683645,9.999210498910847,3.3330701663036155,9,1722
0.27,0.6,1.5,90s,90,148.10897645479065,14.698887666526462,4.899629222175487,9,2396
0.27,0.6,1.6,30s,30,149.54753417005347,9.774910395351439,3.2583034651171463,9,951
0.27,0.6,1.6,60s,60,141.84906638951716,10.970716214007194,3.6569054046690646,9,1680
0.27,0.6,1.6,90s,90,147.50720405502693,15.030515328874657,5.0101717762915525,9,2385
0.27,0.6,1.7,30s,30,149.04537127734818,8.986866864783378,2.995622288261126,9,940
0.27,0.6,1.7,60s,60,142.06385297842456,11.265676440527052,3.755225480175684,9,1696
0.27,0.6,1.7,90s,90,148.33658372069007,15.440544356346537,5.146848118782179,9,2423
0.27,0.6,1.8,30s,30,148.37963024313973,5.159749921782866,1.7199166405942885,9,916
0.27,0.6,1.8,60s,60,143.5469120193118,11.456830486824694,3.8189434956082313,9,1695
0.27,0.6,1.8,90s,90,146.44573588252982,14.324199308161393,4.7747331027204645,9,2325
0.27,0.6,1.9,30s,30,146.60110068841846,6.396839988138802,2.1322799960462673,9,943
0.27,0.6,1.9,60s,60,141.12281080533307,11.763892199689808,3.9212973998966025,9,1688
0.27,0.6,1.9,90s,90,146.52600755263336,12.680249092559235,4.226749697519745,9,2460
0.27,0.6,2.0,30s,30,147.28030901385551,7.983139084675303,2.661046361558434,9,861
0.27,0.6,2.0,60s,60,141.41725189275795,12.23855999693873,4.079519998979577,9,1713
0.27,0.6,2.0,90s,90,144.57323612898597,11.01665738722346,3.6722191290744868,9,2362
0.27,0.61,1.0,30s,30,154.16360332839062,13.635730157592823,4.545243385864274,9,951
0.27,0.61,1.0,60s,60,144.51606041146744,9.479730178547547,3.1599100595158487,9,1669
0.27,0.61,1.0,90s,90,150.2292171705891,13.732632768855204,4.577544256285068,9,2419
0.27,0.61,1.1,30s,30,151.8452155387742,10.299591443975586,3.433197147991862,9,910
0.27,0.61,1.1,60s,60,144.78254535490123,9.458088095242204,3.1526960317474013,9,1669
0.27,0.61,1.1,90s,90,152.9515960243774,17.526127321189335,5.842042440396445,9,2407
0.27,0.61,1.2,30s,30,152.76823742415866,11.60332744171966,3.8677758139065532,9,903
0.27,0.61,1.2,60s,60,144.94973452960687,8.4850937399492,2.8283645799830666,9,1667
0.27,0.61,1.2,90s,90,151.9936840485629,15.22396072580967,5.07465357526989,9,2434
0.27,0.61,1.3,30s,30,151.10216185693037,11.52154646496603,3.8405154883220103,9,955
0.27,0.61,1.3,60s,60,145.6027540869331,7.935988482749133,2.645329494249711,9,1678
0.27,0.61,1.3,90s,90,152.23348337117295,17.629981570066928,5.876660523355643,9,2385
0.27,0.61,1.4,30s,30,151.31559777621283,8.981878682125885,2.9939595607086282,9,951
0.27,0.61,1.4,60s,60,144.231601706482,11.945512419457813,3.9818374731526043,9,1741
0.27,0.61,1.4,90s,90,151.40585528790632,15.89290181001233,5.297633936670777,9,2443
0.27,0.61,1.5,30s,30,152.43752663489275,12.06936509749726,4.0231216991657535,9,960
0.27,0.61,1.5,60s,60,142.61334940338986,11.079490105373512,3.6931633684578373,9,1727
0.27,0.61,1.5,90s,90,150.60604792198035,16.83393069393944,5.611310231313147,9,2396
0.27,0.61,1.6,30s,30,151.47158547318517,8.445289592850171,2.8150965309500573,9,935
0.27,0.61,1.6,60s,60,142.34207560058883,10.969965857374413,3.656655285791471,9,1634
0.27,0.61,1.6,90s,90,151.29509927671026,16.702201456403674,5.567400485467892,9,2461
0.27,0.61,1.7,30s,30,149.45082993773815,7.036684735251262,2.345561578417087,9,964
0.27,0.61,1.7,60s,60,142.55657270167933,11.191554719867476,3.7305182399558254,9,1690
0.27,0.61,1.7,90s,90,148.57852933559423,12.09832465672701,4.03277488557567,9,2425
0.27,0.61,1.8,30s,30,149.25161126091612,6.834444366631406,2.2781481222104687,9,924
0.27,0.61,1.8,60s,60,144.51963755290632,11.919525790665805,3.973175263555268,9,1685
0.27,0.61,1.8,90s,90,147.66013058463977,11.581734937377679,3.8605783124592263,9,2374
0.27,0.61,1.9,30s,30,149.00665246976692,7.522225575185649,2.507408525061883,9,906
0.27,0.61,1.9,60s,60,142.4983527520157,11.968062351230397,3.989354117076799,9,1733
0.27,0.61,1.9,90s,90,150.2357441690799,14.924645216361109,4.974881738787036,9,2460
0.27,0.61,2.0,30s,30,149.824974962853,5.914366039530953,1.9714553465103177,9,933
0.27,0.61,2.0,60s,60,141.5737378332488,11.603528250665882,3.8678427502219606,9,1676
0.27,0.61,2.0,90s,90,148.4811129071083,14.015294176817575,4.6717647256058585,9,2417
0.27,0.62,1.0,30s,30,154.39105082472574,14.550294256934333,4.8500980856447775,9,919
0.27,0.62,1.0,60s,60,149.00544690873147,11.749313851147896,3.916437950382632,9,1658
0.27,0.62,1.0,90s,90,151.83054915742778,14.327068996649537,4.775689665549845,9,2375
0.27,0.62,1.1,30s,30,155.2952138844645,10.841452927232043,3.6138176424106807,9,887
0.27,0.62,1.1,60s,60,146.6811060723355,10.112761036610094,3.370920345536698,9,1632
0.27,0.62,1.1,90s,90,152.6787525302357,15.22872167369197,5.076240557897323,9,2399
0.27,0.62,1.2,30s,30,154.57310183511467,12.25639203208469,4.0854640106948965,9,950
0.27,0.62,1.2,60s,60,147.77739547473874,10.601718144738006,3.5339060482460023,9,1707
0.27,0.62,1.2,90s,90,152.93558491379412,15.46352565037605,5.1545085501253505,9,2417
0.27,0.62,1.3,30s,30,152.67565023274727,12.0504938292108,4.0168312764036,9,926
0.27,0.62,1.3,60s,60,147.43584758401428,11.34128388650152,3.7804279621671735,9,1631
0.27,0.62,1.3,90s,90,152.8115437932987,15.648937822073117,5.216312607357706,9,2409
0.27,0.62,1.4,30s,30,151.69462466144702,11.62222069482606,3.87407356494202,9,889
0.27,0.62,1.4,60s,60,145.5485798464184,11.860762980682747,3.953587660227582,9,1678
0.27,0.62,1.4,90s,90,152.0686680785947,13.09991894267872,4.366639647559573,9,2441
0.27,0.62,1.5,30s,30,153.38464196736982,10.835944267743818,3.6119814225812727,9,891
0.27,0.62,1.5,60s,60,145.93999887956704,12.460200172641597,4.153400057547199,9,1695
0.27,0.62,1.5,90s,90,153.21200140931626,15.601621286524779,5.200540428841593,9,2434
0.27,0.62,1.6,30s,30,154.4050543323314,10.12483477442602,3.3749449248086734,9,910
0.27,0.62,1.6,60s,60,146.34348719239514,11.97806479399467,3.9926882646648902,9,1673
0.27,0.62,1.6,90s,90,150.65014487264682,13.015403662989542,4.338467887663181,9,2378
0.27,0.62,1.7,30s,30,150.63708795698562,10.153972736951893,3.384657578983964,9,924
0.27,0.62,1.7,60s,60,144.99511589398833,11.613334103335562,3.871111367778521,9,1674
0.27,0.62,1.7,90s,90,150.29271334302973,13.000598952786396,4.333532984262132,9,2357
0.27,0.62,1.8,30s,30,151.38608878143248,8.975086337153046,2.991695445717682,9,900
0.27,0.62,1.8,60s,60,145.51850255795952,12.148608263141503,4.049536087713834,9,1703
0.27,0.62,1.8,90s,90,150.08109078800715,11.884394522966632,3.9614648409888775,9,2391
0.27,0.62,1.9,30s,30,149.1184482213779,8.18327586866516,2.7277586228883863,9,935
0.27,0.62,1.9,60s,60,145.32947276067017,12.82052173585948,4.273507245286493,9,1707
0.27,0.62,1.9,90s,90,150.0491457363079,12.951041289966382,4.3170137633221275,9,2475
0.27,0.62,2.0,30s,30,150.64961589001481,8.92698855973916,2.9756628532463867,9,910
0.27,0.62,2.0,60s,60,143.98947576348226,12.275829747011763,4.091943249003921,9,1673
0.27,0.62,2.0,90s,90,149.76763220792054,12.116886217761259,4.038962072587086,9,2423
0.27,0.63,1.0,30s,30,155.63782857710103,15.495647866921756,5.165215955640585,9,958
0.27,0.63,1.0,60s,60,151.03994315537435,11.7376201432395,3.9125400477465,9,1720
0.27,0.63,1.0,90s,90,154.36800238283274,13.614542110816,4.538180703605334,9,2440
0.27,0.63,1.1,30s,30,156.38497934491568,13.31562794076048,4.43854264692016,9,940
0.27,0.63,1.1,60s,60,148.93908977226872,11.841331469108223,3.947110489702741,9,1632
0.27,0.63,1.1,90s,90,155.00801144139888,14.7949045149882,4.9316348383294,9,2470
0.27,0.63,1.2,30s,30,155.28497324914179,12.99695889374415,4.33231963124805,9,922
0.27,0.63,1.2,60s,60,149.9454244395785,11.955917287824558,3.9853057626081863,9,1686
0.27,0.63,1.2,90s,90,155.2558042854944,12.930032388797038,4.310010796265679,9,2448
0.27,0.63,1.3,30s,30,154.25128823554462,12.041066663992181,4.013688887997394,9,913
0.27,0.63,1.3,60s,60,150.63628191319663,10.099734317591384,3.3665781058637947,9,1694
0.27,0.63,1.3,90s,90,154.16523844714675,15.977027225996983,5.325675741998994,9,2447
0.27,0.63,1.4,30s,30,152.33449248448233,12.240160862461403,4.080053620820467,9,925
0.27,0.63,1.4,60s,60,147.84204879362778,13.194210818982569,4.39807027299419,9,1716
0.27,0.63,1.4,90s,90,153.7203215243693,13.417187963677293,4.472395987892431,9,2377
0.27,0.63,1.5,30s,30,151.920387121588,10.192041421167849,3.3973471403892828,9,892
0.27,0.63,1.5,60s,60,149.00576651862355,11.358236283842562,3.7860787612808537,9,1684
0.27,0.63,1.5,90s,90,152.0771608095017,12.340898731350197,4.1136329104500655,9,2420
0.27,0.63,1.6,30s,30,151.71805112486592,11.34348989715756,3.7811632990525204,9,921
0.27,0.63,1.6,60s,60,148.23378507373192,12.771528017992289,4.2571760059974295,9,1710
0.27,0.63,1.6,90s,90,151.72592186074723,12.20840133259793,4.069467110865976,9,2427
0.27,0.63,1.7,30s,30,150.23994532498904,8.652609850024067,2.8842032833413556,9,906
0.27,0.63,1.7,60s,60,147.85319016609267,12.064934041438574,4.0216446804795245,9,1749
0.27,0.63,1.7,90s,90,152.96795125311138,14.731934696880492,4.910644898960164,9,2443
0.27,0.63,1.8,30s,30,151.32237616951255,8.17307665639887,2.7243588854662897,9,883
0.27,0.63,1.8,60s,60,149.36074772260002,12.736238587238317,4.245412862412772,9,1672
0.27,0.63,1.8,90s,90,152.6436229364001,13.818632680402729,4.606210893467576,9,2448
0.27,0.63,1.9,30s,30,149.8027613549761,9.00441995351703,3.0014733178390096,9,934
0.27,0.63,1.9,60s,60,149.06660746307924,12.418901335683922,4.139633778561307,9,1677
0.27,0.63,1.9,90s,90,149.38587516389234,10.287698678395543,3.4292328927985145,9,2383
0.27,0.63,2.0,30s,30,151.0614783588553,9.979574215231603,3.326524738410534,9,905
0.27,0.63,2.0,60s,60,149.0309812421713,12.757321072757458,4.25244035758582,9,1708
0.27,0.63,2.0,90s,90,152.20525642865672,13.61065845896724,4.53688615298908,9,2427
0.27,0.64,1.0,30s,30,158.06901311914115,15.321167153295269,5.10705571776509,9,913
0.27,0.64,1.0,60s,60,153.30739349381847,9.357966749789206,3.1193222499297355,9,1691
0.27,0.64,1.0,90s,90,156.99686652364161,14.474961471335119,4.824987157111706,9,2409
0.27,0.64,1.1,30s,30,156.19033240126856,13.834300609756749,4.611433536585583,9,921
0.27,0.64,1.1,60s,60,152.9620582239434,10.22264903087522,3.4075496769584066,9,1637
0.27,0.64,1.1,90s,90,158.53776101797112,16.919331685857227,5.639777228619075,9,2393
0.27,0.64,1.2,30s,30,155.06388590325219,12.690035488586517,4.230011829528839,9,917
0.27,0.64,1.2,60s,60,151.40706434857358,12.31719988737292,4.105733295790974,9,1663
0.27,0.64,1.2,90s,90,157.2646959856515,13.705924438197727,4.5686414793992425,9,2439
0.27,0.64,1.3,30s,30,153.22410016014683,11.249328748728658,3.7497762495762195,9,917
0.27,0.64,1.3,60s,60,151.03903851066895,10.409726120382011,3.4699087067940035,9,1664
0.27,0.64,1.3,90s,90,158.22093789703806,17.37676143358912,5.792253811196374,9,2408
0.27,0.64,1.4,30s,30,157.3241639187036,12.703037941709747,4.234345980569915,9,919
0.27,0.64,1.4,60s,60,151.16637508233555,12.155486962535548,4.05182898751185,9,1712
0.27,0.64,1.4,90s,90,158.2355971635747,15.350546571653558,5.116848857217852,9,2454
0.27,0.64,1.5,30s,30,157.98071258381754,9.77905778206193,3.2596859273539764,9,873
0.27,0.64,1.5,60s,60,150.59532968073847,12.663412320315427,4.221137440105142,9,1666
0.27,0.64,1.5,90s,90,158.5391245548509,17.441715915220914,5.8139053050736385,9,2443
0.27,0.64,1.6,30s,30,153.37192120745198,9.250520830284879,3.083506943428293,9,912
0.27,0.64,1.6,60s,60,150.56799876147127,13.138288658335886,4.379429552778629,9,1642
0.27,0.64,1.6,90s,90,156.748430276616,15.082487069531815,5.0274956898439385,9,2432
0.27,0.64,1.7,30s,30,153.58375270135326,8.154758240668784,2.7182527468895947,9,880
0.27,0.64,1.7,60s,60,150.6539138806673,11.839115254127725,3.9463717513759082,9,1626
0.27,0.64,1.7,90s,90,155.37066423094998,14.079963179259805,4.693321059753268,9,2430
0.27,0.64,1.8,30s,30,153.90342879401337,9.750625364034711,3.250208454678237,9,940
0.27,0.64,1.8,60s,60,150.1401932799609,12.066250063099949,4.022083354366649,9,1652
0.27,0.64,1.8,90s,90,156.23337521516885,15.890943989980569,5.296981329993523,9,2456
0.27,0.64,1.9,30s,30,153.55786043574963,8.771473090117258,2.9238243633724195,9,931
0.27,0.64,1.9,60s,60,149.50248840056335,13.60146673081569,4.53382224360523,9,1675
0.27,0.64,1.9,90s,90,153.6361648239442,12.54685824067828,4.182286080226093,9,2362
0.27,0.64,2.0,30s,30,153.83312693138407,9.855615193943882,3.2852050646479607,9,928
0.27,0.64,2.0,60s,60,149.28761137452767,12.969677411911249,4.323225803970416,9,1715
0.27,0.64,2.0,90s,90,154.14742748794646,12.417830306565435,4.139276768855145,9,2416
0.27,0.65,1.0,30s,30,156.7080082584941,15.185492751571209,5.061830917190403,9,967
0.27,0.65,1.0,60s,60,153.5554385609078,10.48068245582152,3.4935608186071736,9,1651
0.27,0.65,1.0,90s,90,160.08811064750313,15.010231636553016,5.003410545517672,9,2382
0.27,0.65,1.1,30s,30,157.64785158720647,12.19470921060746,4.064903070202487,9,912
0.27,0.65,1.1,60s,60,154.04071680281382,10.60617112289489,3.535390374298297,9,1624
0.27,0.65,1.1,90s,90,160.39121356958213,14.945750501099946,4.981916833699982,9,2396
0.27,0.65,1.2,30s,30,158.2254018348079,10.876165505341106,3.625388501780369,9,903
0.27,0.65,1.2,60s,60,152.21625706688226,10.229576478630964,3.4098588262103213,9,1655
0.27,0.65,1.2,90s,90,160.35437965246126,14.712517442481246,4.904172480827082,9,2394
0.27,0.65,1.3,30s,30,156.78088427760733,13.107433082679728,4.369144360893243,9,946
0.27,0.65,1.3,60s,60,151.68106745913005,8.451799040644177,2.8172663468813925,9,1634
0.27,0.65,1.3,90s,90,159.45306520367944,13.850899106497959,4.616966368832653,9,2367
0.27,0.65,1.4,30s,30,155.42075682273637,12.432985606027698,4.144328535342566,9,912
0.27,0.65,1.4,60s,60,151.29714762575193,10.928564328638164,3.642854776212721,9,1670
0.27,0.65,1.4,90s,90,159.98088147470813,15.40495834176809,5.134986113922697,9,2390
0.27,0.65,1.5,30s,30,153.99419410055435,9.917116536976659,3.3057055123255528,9,933
0.27,0.65,1.5,60s,60,150.48169380855518,11.472094207048716,3.824031402349572,9,1646
0.27,0.65,1.5,90s,90,158.08987409008483,14.671155412140658,4.890385137380219,9,2364
0.27,0.65,1.6,30s,30,154.61504147636828,8.39908407052228,2.799694690174093,9,922
0.27,0.65,1.6,60s,60,151.3270264848688,11.179256453797178,3.7264188179323927,9,1668
0.27,0.65,1.6,90s,90,159.15527477790675,15.41313455006246,5.137711516687487,9,2367
0.27,0.65,1.7,30s,30,152.6631994080559,8.895895881108236,2.965298627036079,9,904
0.27,0.65,1.7,60s,60,151.4239448219906,11.620470986195118,3.8734903287317057,9,1661
0.27,0.65,1.7,90s,90,158.36221922987596,14.833333567987435,4.9444445226624785,9,2407
0.27,0.65,1.8,30s,30,154.19381853253822,8.19021070221318,2.7300702340710603,9,908
0.27,0.65,1.8,60s,60,153.22041234215857,11.027718118956514,3.675906039652171,9,1674
0.27,0.65,1.8,90s,90,158.68203877598404,13.404482445413667,4.468160815137889,9,2400
0.27,0.65,1.9,30s,30,154.0094658586578,8.31144596847411,2.7704819894913704,9,882
0.27,0.65,1.9,60s,60,151.43946938437176,12.977952668478016,4.325984222826006,9,1718
0.27,0.65,1.9,90s,90,155.19076879582786,11.716397408879374,3.905465802959791,9,2372
0.27,0.65,2.0,30s,30,150.82393511253272,7.331702841892902,2.443900947297634,9,904
0.27,0.65,2.0,60s,60,150.42656726221827,12.454724511527237,4.151574837175746,9,1633
0.27,0.65,2.0,90s,90,156.35242704930045,12.736720274686224,4.245573424895408,9,2425
0.27,0.66,1.0,30s,30,159.112113673425,12.196922880122974,4.065640960040992,9,923
0.27,0.66,1.0,60s,60,154.36119043616995,8.91577320886331,2.971924402954437,9,1666
0.27,0.66,1.0,90s,90,162.41845409682276,13.558169726040392,4.519389908680131,9,2368
0.27,0.66,1.1,30s,30,158.4715191233139,11.08988946472614,3.69662982157538,9,886
0.27,0.66,1.1,60s,60,155.0828483603864,9.173890076716916,3.0579633589056385,9,1627
0.27,0.66,1.1,90s,90,164.35322624491894,15.55625409593161,5.185418031977203,9,2377
0.27,0.66,1.2,30s,30,157.02664554570939,11.199638546315747,3.7332128487719154,9,877
0.27,0.66,1.2,60s,60,153.89386250442016,9.552756079639549,3.1842520265465164,9,1646
0.27,0.66,1.2,90s,90,164.47599579550118,16.26615864899615,5.422052882998717,9,2431
0.27,0.66,1.3,30s,30,157.65652230755097,12.314055062785657,4.104685020928552,9,910
0.27,0.66,1.3,60s,60,154.75477431637168,8.947322655592401,2.9824408851974673,9,1660
0.27,0.66,1.3,90s,90,162.18055020655353,13.180584432092946,4.393528144030982,9,2422
0.27,0.66,1.4,30s,30,157.87215668898727,9.49307980571812,3.164359935239373,9,882
0.27,0.66,1.4,60s,60,152.14520201453104,10.528953362264533,3.509651120754844,9,1653
0.27,0.66,1.4,90s,90,162.08270116038327,14.624108148188979,4.874702716062993,9,2353
0.27,0.66,1.5,30s,30,156.77462889304624,10.308234633357669,3.436078211119223,9,928
0.27,0.66,1.5,60s,60,152.21210974077107,11.227347788493427,3.7424492628311423,9,1646
0.27,0.66,1.5,90s,90,162.12418203518803,12.905743111921904,4.301914370640635,9,2415
0.27,0.66,1.6,30s,30,155.4548795801916,10.787614069328622,3.595871356442874,9,892
0.27,0.66,1.6,60s,60,151.9713243501308,11.05712815318273,3.6857093843942432,9,1716
0.27,0.66,1.6,90s,90,162.32612705427266,15.476736827183077,5.158912275727692,9,2403
0.27,0.66,1.7,30s,30,156.5911585228197,9.762128181869436,3.254042727289812,9,941
0.27,0.66,1.7,60s,60,152.82240868777205,11.745356234526646,3.9151187448422156,9,1644
0.27,0.66,1.7,90s,90,161.3506445592142,13.835536206719436,4.611845402239812,9,2386
0.27,0.66,1.8,30s,30,155.98346832935852,7.878327968036539,2.6261093226788463,9,912
0.27,0.66,1.8,60s,60,151.38198566033608,11.669788378851914,3.8899294596173046,9,1632
0.27,0.66,1.8,90s,90,160.97321632449567,13.105334312335762,4.368444770778587,9,2396
0.27,0.66,1.9,30s,30,153.60772147680487,8.450952232054162,2.8169840773513872,9,931
0.27,0.66,1.9,60s,60,151.9617589708162,11.248907866395214,3.7496359554650716,9,1662
0.27,0.66,1.9,90s,90,159.54656841857593,12.328060879272082,4.109353626424027,9,2416
0.27,0.66,2.0,30s,30,153.89985796279376,9.152638035417205,3.050879345139068,9,916
0.27,0.66,2.0,60s,60,151.3078452391037,10.543583721928274,3.5145279073094247,9,1685
0.27,0.66,2.0,90s,90,157.78033529629903,11.464240640536104,3.8214135468453683,9,2370
0.27,0.67,1.0,30s,30,163.93071176958463,14.872884978914735,4.957628326304912,9,909
0.27,0.67,1.0,60s,60,159.70515538286156,8.53815468076905,2.8460515602563503,9,1664
0.27,0.67,1.0,90s,90,165.99485074168254,18.56950055240805,6.18983351746935,9,2389
0.27,0.67,1.1,30s,30,160.48652721172704,12.583535500546489,4.194511833515496,9,923
0.27,0.67,1.1,60s,60,157.54936999155532,8.946379168719277,2.9821263895730925,9,1655
0.27,0.67,1.1,90s,90,166.79907702724623,16.583712813645036,5.527904271215012,9,2434
0.27,0.67,1.2,30s,30,157.2881017464753,11.941171293011163,3.980390431003721,9,942
0.27,0.67,1.2,60s,60,156.73052673080394,9.752195475064022,3.2507318250213406,9,1651
0.27,0.67,1.2,90s,90,166.4143193388536,15.931781871491502,5.310593957163834,9,2443
0.27,0.67,1.3,30s,30,159.42122315436993,12.989198450133937,4.329732816711313,9,947
0.27,0.67,1.3,60s,60,156.0878992884617,9.548413186617802,3.1828043955392675,9,1663
0.27,0.67,1.3,90s,90,166.44976963050505,16.461109720433008,5.48703657347767,9,2384
0.27,0.67,1.4,30s,30,158.6745634329348,10.081223628157657,3.360407876052552,9,918
0.27,0.67,1.4,60s,60,155.03112300458395,10.54620617489464,3.5154020582982137,9,1698
0.27,0.67,1.4,90s,90,164.63418755910482,15.203062277241555,5.067687425747185,9,2406
0.27,0.67,1.5,30s,30,161.71991382771293,12.80063828251198,4.266879427503993,9,901
0.27,0.67,1.5,60s,60,154.8346484065149,12.842386744707659,4.28079558156922,9,1661
0.27,0.67,1.5,90s,90,166.08910691167534,17.07209091729392,5.690696972431307,9,2344
0.27,0.67,1.6,30s,30,157.63966370164448,9.803477269886026,3.267825756628675,9,889
0.27,0.67,1.6,60s,60,153.8841709087065,10.315202245592811,3.438400748530937,9,1658
0.27,0.67,1.6,90s,90,164.60070063880988,15.125247130089111,5.041749043363037,9,2423
0.27,0.67,1.7,30s,30,156.99236890779258,9.026853643894057,3.0089512146313524,9,920
0.27,0.67,1.7,60s,60,154.37217325423237,11.077443459018742,3.692481153006247,9,1694
0.27,0.67,1.7,90s,90,165.43619726671963,17.700983378558103,5.900327792852701,9,2372
0.27,0.67,1.8,30s,30,156.32991187422647,9.226435490022121,3.0754784966740405,9,906
0.27,0.67,1.8,60s,60,154.38905343582985,11.590732893083398,3.8635776310277996,9,1704
0.27,0.67,1.8,90s,90,163.61188001147957,16.33724612372533,5.445748707908443,9,2452
0.27,0.67,1.9,30s,30,156.58903642965333,9.29582743978795,3.098609146595983,9,932
0.27,0.67,1.9,60s,60,153.96649747853849,12.031344349514088,4.010448116504696,9,1743
0.27,0.67,1.9,90s,90,164.85325463965427,16.059089309164644,5.353029769721548,9,2413
0.27,0.67,2.0,30s,30,153.84994427525447,8.378033676624543,2.792677892208181,9,901
0.27,0.67,2.0,60s,60,155.1492551475311,13.166751599923453,4.388917199974484,9,1711
0.27,0.67,2.0,90s,90,161.93504626543537,13.993483661528249,4.66449455384275,9,2404
0.27,0.68,1.0,30s,30,160.19907719160992,14.23338839792025,4.74446279930675,9,941
0.27,0.68,1.0,60s,60,158.26400987134463,8.893381489312299,2.964460496437433,9,1631
0.27,0.68,1.0,90s,90,167.10052100470728,18.704758662866325,6.234919554288775,9,2404
0.27,0.68,1.1,30s,30,159.79160495831812,14.022939673148228,4.674313224382742,9,907
0.27,0.68,1.1,60s,60,159.43218295398242,7.4047408114732765,2.4682469371577587,9,1647
0.27,0.68,1.1,90s,90,166.83696991088186,17.14299233824539,5.714330779415129,9,2382
0.27,0.68,1.2,30s,30,157.9216059144605,11.512029520154876,3.8373431733849586,9,917
0.27,0.68,1.2,60s,60,156.77705319460503,9.502495966746737,3.167498655582246,9,1666
0.27,0.68,1.2,90s,90,166.86839891567857,17.18378199452646,5.72792733150882,9,2353
0.27,0.68,1.3,30s,30,156.73698123865205,14.24770142183878,4.749233807279594,9,927
0.27,0.68,1.3,60s,60,157.30949713955295,11.564997391166218,3.854999130388739,9,1685
0.27,0.68,1.3,90s,90,165.78216791570586,14.898379615884517,4.966126538628172,9,2400
0.27,0.68,1.4,30s,30,156.5411686460441,11.814361942083563,3.938120647361188,9,923
0.27,0.68,1.4,60s,60,156.18120480172936,11.048887097863943,3.6829623659546478,9,1675
0.27,0.68,1.4,90s,90,168.35974034967523,19.763641293529567,6.587880431176522,9,2413
0.27,0.68,1.5,30s,30,158.84718258287643,13.883443660237624,4.627814553412541,9,928
0.27,0.68,1.5,60s,60,156.317264469313,10.709173804674947,3.5697246015583155,9,1657
0.27,0.68,1.5,90s,90,167.63354115342202,19.298794072292957,6.432931357430985,9,2411
0.27,0.68,1.6,30s,30,157.73069176316815,9.170679974827276,3.0568933249424255,9,903
0.27,0.68,1.6,60s,60,156.32920736360776,10.795538246614496,3.598512748871499,9,1600
0.27,0.68,1.6,90s,90,165.93743816756532,15.457227995020547,5.152409331673516,9,2391
0.27,0.68,1.7,30s,30,156.27048030867664,9.09071547184952,3.0302384906165067,9,916
0.27,0.68,1.7,60s,60,157.36859178995007,12.138207677535274,4.046069225845091,9,1717
0.27,0.68,1.7,90s,90,166.49743454441273,16.17383382056658,5.39127794018886,9,2420
0.27,0.68,1.8,30s,30,157.45991705118797,9.797814945991005,3.265938315330335,9,900
0.27,0.68,1.8,60s,60,155.0376904237129,12.314411739139477,4.104803913046492,9,1644
0.27,0.68,1.8,90s,90,163.39622698695027,14.356335543608143,4.785445181202714,9,2441
0.27,0.68,1.9,30s,30,155.5440117791596,8.31422534348385,2.77140844782795,9,929
0.27,0.68,1.9,60s,60,156.14975747829737,10.995576541052069,3.6651921803506897,9,1718
0.27,0.68,1.9,90s,90,162.36683453855755,13.685287972942398,4.561762657647466,9,2373
0.27,0.68,2.0,30s,30,153.75048228354888,8.147411939887446,2.715803979962482,9,886
0.27,0.68,2.0,60s,60,154.52834866132707,11.988628004384394,3.996209334794798,9,1677
0.27,0.68,2.0,90s,90,162.59676239049708,14.313542111911554,4.771180703970518,9,2393
0.27,0.69,1.0,30s,30,160.46546543898404,12.344340076922114,4.114780025640704,9,936
0.27,0.69,1.0,60s,60,159.6597771029981,9.16606411004579,3.0553547033485966,9,1646
0.27,0.69,1.0,90s,90,169.40242065648897,18.834519886830876,6.278173295610292,9,2385
0.27,0.69,1.1,30s,30,161.19304137875673,13.198133965436957,4.399377988478986,9,892
0.27,0.69,1.1,60s,60,158.94770190953216,10.260034950748198,3.4200116502493993,9,1640
0.27,0.69,1.1,90s,90,169.75182305932074,19.518527516657752,6.506175838885917,9,2348
0.27,0.69,1.2,30s,30,160.20985124189062,11.298685617805688,3.7662285392685626,9,927
0.27,0.69,1.2,60s,60,159.8519964315144,10.18446928587107,3.394823095290357,9,1646
0.27,0.69,1.2,90s,90,170.04528288091706,19.969055711743092,6.656351903914364,9,2437
0.27,0.69,1.3,30s,30,161.341742053949,15.059227432672586,5.019742477557529,9,901
0.27,0.69,1.3,60s,60,158.27965687348387,11.965499075404127,3.9884996918013758,9,1696
0.27,0.69,1.3,90s,90,170.45664055457897,19.923000828494644,6.641000276164881,9,2341
0.27,0.69,1.4,30s,30,160.21927571420372,11.108717996196066,3.7029059987320223,9,884
0.27,0.69,1.4,60s,60,157.15860602819401,10.602117181703951,3.534039060567984,9,1625
0.27,0.69,1.4,90s,90,168.6970970631356,18.46611029380238,6.155370097934127,9,2361
0.27,0.69,1.5,30s,30,160.0198068172821,12.153660210552362,4.051220070184121,9,909
0.27,0.69,1.5,60s,60,155.9892897285207,10.35943020567817,3.453143401892723,9,1661
0.27,0.69,1.5,90s,90,168.6150056174773,17.36173615398842,5.787245384662807,9,2383
0.27,0.69,1.6,30s,30,162.524818460931,11.463403668063904,3.8211345560213013,9,896
0.27,0.69,1.6,60s,60,157.80855783850527,12.762214099166641,4.254071366388881,9,1679
0.27,0.69,1.6,90s,90,165.99307448229618,14.053480639236454,4.684493546412152,9,2294
0.27,0.69,1.7,30s,30,159.809929085735,8.629483620982489,2.876494540327496,9,856
0.27,0.69,1.7,60s,60,158.08962894321436,11.042176906676817,3.680725635558939,9,1659
0.27,0.69,1.7,90s,90,167.38548785021143,17.106738648096112,5.702246216032037,9,2411
0.27,0.69,1.8,30s,30,159.507774181502,8.06080457810339,2.686934859367797,9,903
0.27,0.69,1.8,60s,60,156.93715056007107,11.72589289021451,3.908630963404837,9,1673
0.27,0.69,1.8,90s,90,168.03198306268982,18.7607113664036,6.253570455467867,9,2411
0.27,0.69,1.9,30s,30,158.96661618652223,9.34988109812865,3.11662703270955,9,905
0.27,0.69,1.9,60s,60,155.94138031127164,12.3965144975538,4.1321714991846,9,1668
0.27,0.69,1.9,90s,90,164.60868243571747,15.622198518189863,5.207399506063288,9,2404
0.27,0.69,2.0,30s,30,156.272713839364,8.105288741483657,2.7017629138278854,9,885
0.27,0.69,2.0,60s,60,156.47659569408603,10.727782064726066,3.5759273549086887,9,1689
0.27,0.69,2.0,90s,90,163.48311887668422,14.056442465885416,4.685480821961805,9,2355
0.27,0.7,1.0,30s,30,163.53343650912018,15.560795223773013,5.186931741257671,9,899
0.27,0.7,1.0,60s,60,162.77648646210872,10.826341894900189,3.608780631633396,9,1659
0.27,0.7,1.0,90s,90,169.09365093210477,16.99051129232342,5.663503764107806,9,2386
0.27,0.7,1.1,30s,30,162.14983098376246,12.954814392933958,4.318271464311319,9,925
0.27,0.7,1.1,60s,60,161.16524026833815,10.373665496295548,3.4578884987651826,9,1675
0.27,0.7,1.1,90s,90,173.9041596459263,19.72647107343593,6.575490357811977,9,2390
0.27,0.7,1.2,30s,30,161.3563422669374,12.034509243800546,4.011503081266849,9,902
0.27,0.7,1.2,60s,60,160.90490896984522,11.031344860776889,3.6771149535922962,9,1686
0.27,0.7,1.2,90s,90,170.37336228138423,14.874487835122196,4.958162611707398,9,2319
0.27,0.7,1.3,30s,30,160.24440637798446,13.285971904498865,4.428657301499622,9,899
0.27,0.7,1.3,60s,60,160.15846837554417,11.303276491906534,3.767758830635511,9,1671
0.27,0.7,1.3,90s,90,174.06453330133917,20.046435515548374,6.682145171849458,9,2375
0.27,0.7,1.4,30s,30,163.87820729038208,12.293289099769906,4.097763033256635,9,893
0.27,0.7,1.4,60s,60,160.5670755796157,13.601811987972098,4.533937329324033,9,1714
0.27,0.7,1.4,90s,90,173.0821459289989,18.51678976523522,6.1722632550784065,9,2387
0.27,0.7,1.5,30s,30,161.1995402168716,12.958503734396578,4.319501244798859,9,919
0.27,0.7,1.5,60s,60,158.77373787362492,12.133374220408822,4.044458073469607,9,1690
0.27,0.7,1.5,90s,90,170.99467310556,16.626601495853965,5.542200498617988,9,2364
0.27,0.7,1.6,30s,30,161.02148892825235,11.26532324121464,3.7551077470715466,9,905
0.27,0.7,1.6,60s,60,158.63071477150413,12.264726538603284,4.088242179534428,9,1614
0.27,0.7,1.6,90s,90,170.5051886589211,16.804280711739807,5.601426903913269,9,2402
0.27,0.7,1.7,30s,30,162.40898885545755,9.872266298475168,3.290755432825056,9,886
0.27,0.7,1.7,60s,60,159.29649896344205,12.721327145551903,4.2404423818506345,9,1698
0.27,0.7,1.7,90s,90,169.53002459998456,16.607047383425428,5.53568246114181,9,2398
0.27,0.7,1.8,30s,30,160.1398574078613,9.869912266336236,3.289970755445412,9,846
0.27,0.7,1.8,60s,60,158.95212508712328,11.389534501105826,3.796511500368609,9,1701
0.27,0.7,1.8,90s,90,168.73485029210232,16.12728516139952,5.375761720466507,9,2363
0.27,0.7,1.9,30s,30,161.32765435599867,10.669595020957244,3.556531673652415,9,884
0.27,0.7,1.9,60s,60,158.55355569058963,11.946877294051156,3.9822924313503854,9,1650
0.27,0.7,1.9,90s,90,169.79114000840906,16.452693427711623,5.484231142570541,9,2422
0.27,0.7,2.0,30s,30,156.86023861029994,8.45916177985706,2.819720593285687,9,943
0.27,0.7,2.0,60s,60,158.7861391245266,13.156037527773867,4.385345842591289,9,1677
0.27,0.7,2.0,90s,90,167.9452717751868,16.295212791819125,5.431737597273042,9,2364
0.27,0.71,1.0,30s,30,166.72283594816793,15.859451916324284,5.286483972108095,9,903
0.27,0.71,1.0,60s,60,162.38099314897465,9.360972113624205,3.120324037874735,9,1665
0.27,0.71,1.0,90s,90,173.11342730878442,17.3918307589547,5.7972769196515666,9,2369
0.27,0.71,1.1,30s,30,165.46455734095179,13.092658930712654,4.364219643570885,9,922
0.27,0.71,1.1,60s,60,163.93519916295892,10.674088310468216,3.5580294368227388,9,1652
0.27,0.71,1.1,90s,90,173.827736315082,17.312551648534207,5.770850549511402,9,2378
0.27,0.71,1.2,30s,30,164.46843126796958,14.854315106029238,4.9514383686764125,9,917
0.27,0.71,1.2,60s,60,161.9788583896229,9.329335093974517,3.1097783646581725,9,1664
0.27,0.71,1.2,90s,90,171.60125502279402,17.14425256189784,5.714750853965946,9,2369
0.27,0.71,1.3,30s,30,165.43036682680383,13.931431766208814,4.6438105887362715,9,888
0.27,0.71,1.3,60s,60,161.86820065394735,10.707599200381518,3.569199733460506,9,1666
0.27,0.71,1.3,90s,90,174.09313062025117,17.676446982278716,5.8921489940929055,9,2341
0.27,0.71,1.4,30s,30,164.2623480699964,13.956935224315217,4.652311741438406,9,907
0.27,0.71,1.4,60s,60,160.38643766850444,12.521093814302745,4.173697938100915,9,1643
0.27,0.71,1.4,90s,90,172.23237408637803,14.872364164359611,4.957454721453204,9,2391
0.27,0.71,1.5,30s,30,164.67193150707058,13.663948402391702,4.554649467463901,9,888
0.27,0.71,1.5,60s,60,159.86121257054302,11.679468207085511,3.8931560690285036,9,1705
0.27,0.71,1.5,90s,90,172.62505317970866,17.906055029202104,5.968685009734035,9,2354
0.27,0.71,1.6,30s,30,164.83881223098868,11.58904044227519,3.8630134807583967,9,906
0.27,0.71,1.6,60s,60,159.63157310077926,11.492836341024686,3.830945447008229,9,1656
0.27,0.71,1.6,90s,90,171.5691116957493,15.943519795625832,5.314506598541944,9,2446
0.27,0.71,1.7,30s,30,162.88765916579345,9.892023857420993,3.2973412858069975,9,874
0.27,0.71,1.7,60s,60,159.27573213667944,11.368707437033034,3.789569145677678,9,1688
0.27,0.71,1.7,90s,90,171.41174454241735,18.28323746619433,6.094412488731443,9,2392
0.27,0.71,1.8,30s,30,162.538597205546,10.596840206685084,3.532280068895028,9,885
0.27,0.71,1.8,60s,60,159.78594087056476,11.943093608694824,3.9810312028982744,9,1651
0.27,0.71,1.8,90s,90,172.5460329974785,16.559260049716638,5.519753349905546,9,2391
0.27,0.71,1.9,30s,30,162.07368939049528,9.195044442772367,3.065014814257456,9,885
0.27,0.71,1.9,60s,60,158.55746427658954,11.563185132136967,3.854395044045656,9,1652
0.27,0.71,1.9,90s,90,170.44298147114762,17.00187540038436,5.66729180012812,9,2392
0.27,0.71,2.0,30s,30,160.73094377702859,9.51370636998483,3.1712354566616097,9,884
0.27,0.71,2.0,60s,60,159.32765964376884,11.811054202039635,3.937018067346545,9,1650
0.27,0.71,2.0,90s,90,168.5033788855361,11.365426973986057,3.7884756579953525,9,2406
0.27,0.72,1.0,30s,30,171.7859459131706,19.59008088252239,6.530026960840797,9,902
0.27,0.72,1.0,60s,60,163.9546327060411,8.181135690215488,2.727045230071829,9,1617
0.27,0.72,1.0,90s,90,172.96603546578243,18.25914875890176,6.08638291963392,9,2345
0.27,0.72,1.1,30s,30,166.06100877583756,15.286596583847562,5.095532194615854,9,911
0.27,0.72,1.1,60s,60,164.3875750788738,7.438243363012724,2.4794144543375745,9,1637
0.27,0.72,1.1,90s,90,173.5576812463261,17.50984213515633,5.83661404505211,9,2382
0.27,0.72,1.2,30s,30,164.60615421686646,13.487332397010555,4.4957774656701845,9,934
0.27,0.72,1.2,60s,60,164.87341891266487,8.454156710380877,2.818052236793626,9,1689
0.27,0.72,1.2,90s,90,173.5909689365701,17.366490609989835,5.788830203329945,9,2356
0.27,0.72,1.3,30s,30,166.9758708881099,14.639450318231898,4.879816772743966,9,917
0.27,0.72,1.3,60s,60,162.61252652424395,10.674143177003021,3.5580477256676737,9,1660
0.27,0.72,1.3,90s,90,176.49856371231147,19.05360231564911,6.351200771883036,9,2427
0.27,0.72,1.4,30s,30,166.82532803409504,15.098927247549733,5.032975749183245,9,916
0.27,0.72,1.4,60s,60,161.60388865285532,10.314272377376625,3.438090792458875,9,1702
0.27,0.72,1.4,90s,90,171.10790485949255,16.33889808339352,5.446299361131174,9,2348
0.27,0.72,1.5,30s,30,165.3547021095901,11.996973772432103,3.9989912574773676,9,906
0.27,0.72,1.5,60s,60,162.65451890346043,12.231407334279117,4.077135778093039,9,1697
0.27,0.72,1.5,90s,90,174.22129006174495,19.88034103983048,6.62678034661016,9,2400
0.27,0.72,1.6,30s,30,164.84765459129773,11.01054243512261,3.670180811707537,9,915
0.27,0.72,1.6,60s,60,161.4159068051253,10.109734460563743,3.369911486854581,9,1681
0.27,0.72,1.6,90s,90,172.8758902378737,16.694525095324643,5.564841698441548,9,2383
0.27,0.72,1.7,30s,30,163.14556793992193,10.756504638183042,3.585501546061014,9,907
0.27,0.72,1.7,60s,60,163.12953105036706,11.095757316907587,3.698585772302529,9,1725
0.27,0.72,1.7,90s,90,172.6676170425959,17.440441611721383,5.813480537240461,9,2371
0.27,0.72,1.8,30s,30,162.74701228883265,10.050685542402075,3.350228514134025,9,898
0.27,0.72,1.8,60s,60,161.4871599150741,10.076178956424595,3.3587263188081984,9,1669
0.27,0.72,1.8,90s,90,173.5664763341705,18.65756773713729,6.219189245712429,9,2395
0.27,0.72,1.9,30s,30,163.2044311804008,8.463026409183273,2.821008803061091,9,883
0.27,0.72,1.9,60s,60,161.50531614955207,10.966579091378502,3.655526363792834,9,1706
0.27,0.72,1.9,90s,90,172.17674771072726,17.46012171488265,5.82004057162755,9,2397
0.27,0.72,2.0,30s,30,163.38195235483187,9.980994099315485,3.3269980331051614,9,908
0.27,0.72,2.0,60s,60,160.31379458986095,10.302305406693486,3.434101802231162,9,1686
0.27,0.72,2.0,90s,90,171.32476855924014,16.06843304177182,5.356144347257273,9,2377
0.27,0.73,1.0,30s,30,165.93575142656925,13.810565600001585,4.603521866667195,9,903
0.27,0.73,1.0,60s,60,167.62161635311898,8.9348058487962,2.9782686162654,9,1710
0.27,0.73,1.0,90s,90,175.84047297271297,16.667482274408364,5.555827424802788,9,2363
0.27,0.73,1.1,30s,30,168.00648800613337,14.381507720192142,4.793835906730714,9,904
0.27,0.73,1.1,60s,60,167.35788178121769,9.406614146916885,3.135538048972295,9,1671
0.27,0.73,1.1,90s,90,176.29263256330233,18.152576787446932,6.050858929148977,9,2366
0.27,0.73,1.2,30s,30,168.38511031629736,17.34360582230544,5.78120194076848,9,888
0.27,0.73,1.2,60s,60,165.26078315233158,9.96251120550505,3.3208370685016835,9,1654
0.27,0.73,1.2,90s,90,174.97689394104827,16.45880932004268,5.486269773347559,9,2330
0.27,0.73,1.3,30s,30,166.58365356436536,13.419455940865763,4.473151980288588,9,909
0.27,0.73,1.3,60s,60,163.41005428238233,11.560585462547943,3.8535284875159808,9,1677
0.27,0.73,1.3,90s,90,175.765496181544,17.77096373127823,5.923654577092743,9,2384
0.27,0.73,1.4,30s,30,166.12783242511688,16.512681031466713,5.504227010488904,9,914
0.27,0.73,1.4,60s,60,163.56355696634998,11.922733065623328,3.974244355207776,9,1661
0.27,0.73,1.4,90s,90,175.9662003245527,17.136191018130415,5.712063672710138,9,2421
0.27,0.73,1.5,30s,30,166.49577182512544,13.66628763558551,4.555429211861837,9,891
0.27,0.73,1.5,60s,60,163.7209643055982,12.073832827811271,4.024610942603757,9,1667
0.27,0.73,1.5,90s,90,175.51961697570505,15.373919255431812,5.124639751810604,9,2412
0.27,0.73,1.6,30s,30,165.3548120351737,12.153725385350901,4.051241795116967,9,899
0.27,0.73,1.6,60s,60,164.3198141835021,12.510700538674632,4.170233512891544,9,1693
0.27,0.73,1.6,90s,90,174.52763425012873,15.632902132277431,5.210967377425811,9,2407
0.27,0.73,1.7,30s,30,163.76716240337316,12.05653700062056,4.01884566687352,9,926
0.27,0.73,1.7,60s,60,164.57627847050426,11.666320502849473,3.8887735009498243,9,1655
0.27,0.73,1.7,90s,90,177.6500702236545,19.361194516951453,6.4537315056504845,9,2431
0.27,0.73,1.8,30s,30,164.79020698125188,11.95445243495636,3.984817478318787,9,878
0.27,0.73,1.8,60s,60,164.4484418292548,11.936434649527234,3.9788115498424115,9,1684
0.27,0.73,1.8,90s,90,175.9522270319341,19.723417559272708,6.5744725197575695,9,2453
0.27,0.73,1.9,30s,30,163.1192669729057,10.70097257712764,3.5669908590425465,9,891
0.27,0.73,1.9,60s,60,164.29946247503176,12.623431260150102,4.207810420050034,9,1711
0.27,0.73,1.9,90s,90,174.34111619409452,17.6230462884083,5.874348762802767,9,2399
0.27,0.73,2.0,30s,30,161.99891667678256,10.771000517691615,3.590333505897205,9,881
0.27,0.73,2.0,60s,60,163.85391344885954,11.645011980222561,3.881670660074187,9,1686
0.27,0.73,2.0,90s,90,174.64430257553164,17.246948322612315,5.748982774204105,9,2388
0.27,0.74,1.0,30s,30,172.8591872902411,19.31682488048891,6.438941626829636,9,928
0.27,0.74,1.0,60s,60,171.32080610113476,14.998980040023476,4.999660013341159,9,1647
0.27,0.74,1.0,90s,90,179.34723525084564,19.53198243658363,6.510660812194543,9,2398
0.27,0.74,1.1,30s,30,168.75542245458038,17.569112698505247,5.856370899501749,9,892
0.27,0.74,1.1,60s,60,167.89738686209674,11.489602776765977,3.829867592255326,9,1659
0.27,0.74,1.1,90s,90,179.47967840111056,19.19178685557646,6.397262285192153,9,2442
0.27,0.74,1.2,30s,30,167.83905231597817,13.54956704476572,4.51652234825524,9,880
0.27,0.74,1.2,60s,60,170.25040948297288,12.163678802726368,4.05455960090879,9,1622
0.27,0.74,1.2,90s,90,179.953335410784,19.858914179582957,6.619638059860986,9,2383
0.27,0.74,1.3,30s,30,168.97309871609528,14.451356852944585,4.817118950981528,9,906
0.27,0.74,1.3,60s,60,167.92014621752824,13.13117707577286,4.37705902525762,9,1650
0.27,0.74,1.3,90s,90,179.26491510719836,19.33440905616597,6.4448030187219905,9,2346
0.27,0.74,1.4,30s,30,168.07017240733424,13.807610534805672,4.602536844935224,9,876
0.27,0.74,1.4,60s,60,167.87551210778096,13.510295065744629,4.503431688581543,9,1671
0.27,0.74,1.4,90s,90,175.11760105012826,13.998712844807555,4.666237614935851,9,2406
0.27,0.74,1.5,30s,30,167.7443331545631,15.131047259943605,5.043682419981201,9,908
0.27,0.74,1.5,60s,60,167.38124327360185,13.150315203564864,4.383438401188288,9,1673
0.27,0.74,1.5,90s,90,177.6538205868773,16.82725399105175,5.609084663683917,9,2319
0.27,0.74,1.6,30s,30,165.21402508570756,11.90982312144899,3.969941040482997,9,860
0.27,0.74,1.6,60s,60,167.22640998462072,11.718846899902939,3.9062822999676463,9,1621
0.27,0.74,1.6,90s,90,177.24224584189477,19.814751767126367,6.604917255708789,9,2273
0.27,0.74,1.7,30s,30,167.57575589367673,8.572861158371184,2.857620386123728,9,865
0.27,0.74,1.7,60s,60,166.89791152618673,13.589038343274648,4.529679447758216,9,1658
0.27,0.74,1.7,90s,90,178.6925283023199,19.14810490256798,6.382701634189327,9,2406
0.27,0.74,1.8,30s,30,165.23339607516746,12.21750990313932,4.0725033010464395,9,927
0.27,0.74,1.8,60s,60,166.26068512334007,11.422852508252713,3.8076175027509045,9,1660
0.27,0.74,1.8,90s,90,178.26140787050744,18.84503887535833,6.281679625119444,9,2453
0.27,0.74,1.9,30s,30,164.71030949222342,11.556133449101825,3.8520444830339415,9,898
0.27,0.74,1.9,60s,60,165.7845505770664,12.095783582884652,4.0319278609615505,9,1665
0.27,0.74,1.9,90s,90,176.82460004825566,17.827917836683866,5.942639278894622,9,2325
0.27,0.74,2.0,30s,30,163.67021562283367,10.797084988484544,3.599028329494848,9,875
0.27,0.74,2.0,60s,60,165.94522553569348,11.811338935134971,3.9371129783783236,9,1602
0.27,0.74,2.0,90s,90,174.63287571623002,16.87162895211413,5.623876317371376,9,2349
0.27,0.75,1.0,30s,30,171.85532452847733,16.716397771030273,5.572132590343425,9,926
0.27,0.75,1.0,60s,60,171.82130670067681,12.127626312967072,4.042542104322357,9,1715
0.27,0.75,1.0,90s,90,180.11116638493587,19.983556463152635,6.661185487717545,9,2380
0.27,0.75,1.1,30s,30,171.12665736278737,17.718173974657436,5.906057991552479,9,911
0.27,0.75,1.1,60s,60,172.1983083569204,16.602966200417328,5.5343220668057755,9,1709
0.27,0.75,1.1,90s,90,179.98628290111094,20.761573074749897,6.920524358249966,9,2349
0.27,0.75,1.2,30s,30,172.11252037349624,16.78781023664183,5.595936745547276,9,885
0.27,0.75,1.2,60s,60,169.84074901243008,13.301914003876442,4.433971334625481,9,1683
0.27,0.75,1.2,90s,90,177.12349527815093,17.30495598769965,5.76831866256655,9,2379
0.27,0.75,1.3,30s,30,170.33396284033998,13.197799758015808,4.399266586005269,9,917
0.27,0.75,1.3,60s,60,170.0942626684625,13.572720618641998,4.5242402062139995,9,1675
0.27,0.75,1.3,90s,90,181.2134778505449,20.863209762549193,6.954403254183064,9,2401
0.27,0.75,1.4,30s,30,170.6144864245495,12.934068291659012,4.3113560972196705,9,913
0.27,0.75,1.4,60s,60,169.68148668606273,13.499455460109514,4.499818486703171,9,1673
0.27,0.75,1.4,90s,90,179.61253169090233,17.236792396835188,5.74559746561173,9,2426
0.27,0.75,1.5,30s,30,168.13547027424667,13.28767407804689,4.429224692682297,9,911
0.27,0.75,1.5,60s,60,169.95151835014295,13.365241451812986,4.455080483937662,9,1648
0.27,0.75,1.5,90s,90,178.51471279412294,17.568844685677625,5.8562815618925415,9,2363
0.27,0.75,1.6,30s,30,168.57665894153175,10.372763883291729,3.457587961097243,9,888
0.27,0.75,1.6,60s,60,169.69633434511155,12.688889345489262,4.229629781829754,9,1682
0.27,0.75,1.6,90s,90,179.91679137273516,18.221506372681336,6.073835457560445,9,2427
0.27,0.75,1.7,30s,30,166.31113807261542,10.996789249590732,3.665596416530244,9,872
0.27,0.75,1.7,60s,60,169.81521695744766,13.131437791218898,4.377145930406299,9,1708
0.27,0.75,1.7,90s,90,177.41494300414385,16.32067783181488,5.440225943938294,9,2366
0.27,0.75,1.8,30s,30,167.17077330125593,9.894871238899716,3.298290412966572,9,877
0.27,0.75,1.8,60s,60,167.909155880977,13.996193218541302,4.665397739513767,9,1656
0.27,0.75,1.8,90s,90,177.34742296535563,16.66294151439285,5.554313838130949,9,2394
0.27,0.75,1.9,30s,30,165.91451999341044,10.02023403395131,3.3400780113171034,9,892
0.27,0.75,1.9,60s,60,168.65479395232472,14.610453518546414,4.8701511728488045,9,1651
0.27,0.75,1.9,90s,90,176.29087371747343,14.934113465563513,4.978037821854504,9,2393
0.27,0.75,2.0,30s,30,165.62410613578263,11.69979409525672,3.8999313650855734,9,891
0.27,0.75,2.0,60s,60,168.03908436798008,14.656163570290802,4.885387856763601,9,1694
0.27,0.75,2.0,90s,90,176.31976302200798,16.459492459457955,5.486497486485985,9,2345
0.27,0.76,1.0,30s,30,174.3529878288642,14.992161346928155,4.997387115642718,9,879
0.27,0.76,1.0,60s,60,170.11862747866283,12.797133596618757,4.265711198872919,9,1660
0.27,0.76,1.0,90s,90,180.944489234703,20.065333987258416,6.688444662419472,9,2287
0.27,0.76,1.1,30s,30,169.5882434483782,15.36082554138508,5.120275180461693,9,917
0.27,0.76,1.1,60s,60,170.57128118794424,12.427180163135764,4.1423933877119214,9,1693
0.27,0.76,1.1,90s,90,181.20080412147732,17.955496542887932,5.985165514295978,9,2379
0.27,0.76,1.2,30s,30,171.82380568872975,12.351663093469336,4.117221031156445,9,878
0.27,0.76,1.2,60s,60,170.6928374717957,12.944323469875501,4.3147744899585,9,1638
0.27,0.76,1.2,90s,90,180.65186401965818,17.055183472183792,5.685061157394597,9,2373
0.27,0.76,1.3,30s,30,168.6784838319199,13.364438122571904,4.454812707523968,9,870
0.27,0.76,1.3,60s,60,170.4730761047005,12.480821891965372,4.160273963988457,9,1670
0.27,0.76,1.3,90s,90,181.50695399459494,16.194925284176186,5.398308428058729,9,2376
0.27,0.76,1.4,30s,30,170.67671489589193,13.253592607966782,4.417864202655594,9,895
0.27,0.76,1.4,60s,60,170.0803798769654,14.040169175820944,4.680056391940314,9,1621
0.27,0.76,1.4,90s,90,182.07218856771937,20.083226785035265,6.694408928345088,9,2382
0.27,0.76,1.5,30s,30,169.51766341796505,10.211890883425193,3.403963627808398,9,872
0.27,0.76,1.5,60s,60,168.19219341901214,14.936611834614887,4.978870611538295,9,1656
0.27,0.76,1.5,90s,90,181.52858112430567,20.685775851645026,6.895258617215009,9,2400
0.27,0.76,1.6,30s,30,168.28993163296954,12.71405346859936,4.238017822866453,9,907
0.27,0.76,1.6,60s,60,169.60984800091063,15.358886228422117,5.119628742807373,9,1679
0.27,0.76,1.6,90s,90,179.51443398275038,16.182323710612618,5.394107903537539,9,2345
0.27,0.76,1.7,30s,30,169.02458487565045,8.383844659825545,2.794614886608515,9,871
0.27,0.76,1.7,60s,60,169.61012842787912,12.615262780553879,4.20508759351796,9,1629
0.27,0.76,1.7,90s,90,180.91875365648548,17.164010890543565,5.7213369635145215,9,2399
0.27,0.76,1.8,30s,30,169.5361107355038,10.536674519927258,3.5122248399757527,9,877
0.27,0.76,1.8,60s,60,168.7330261472181,13.066628699763838,4.3555428999212795,9,1601
0.27,0.76,1.8,90s,90,178.32883247280822,18.149546603408613,6.049848867802871,9,2364
0.27,0.76,1.9,30s,30,165.67741584504213,9.778306320567124,3.259435440189041,9,878
0.27,0.76,1.9,60s,60,167.99710712063026,14.25233694431788,4.750778981439294,9,1647
0.27,0.76,1.9,90s,90,177.33915710522245,15.94434119214266,5.314780397380887,9,2425
0.27,0.76,2.0,30s,30,164.98346823037195,9.718521812401024,3.2395072708003414,9,909
0.27,0.76,2.0,60s,60,167.78734481651188,13.468585774936749,4.489528591645583,9,1688
0.27,0.76,2.0,90s,90,178.15376895406592,15.816461857774943,5.272153952591648,9,2417
0.27,0.77,1.0,30s,30,171.9197334164361,13.886653628192953,4.628884542730984,9,916
0.27,0.77,1.0,60s,60,171.74421975954195,13.887102741547372,4.6290342471824575,9,1656
0.27,0.77,1.0,90s,90,183.92939452113657,18.353459505605286,6.117819835201762,9,2420
0.27,0.77,1.1,30s,30,172.1629529000235,13.320901849767518,4.440300616589172,9,886
0.27,0.77,1.1,60s,60,170.99220425377902,12.594579780139327,4.198193260046442,9,1659
0.27,0.77,1.1,90s,90,182.014258787404,15.652975831520543,5.217658610506848,9,2407
0.27,0.77,1.2,30s,30,172.6663242054525,15.990632184729277,5.330210728243093,9,906
0.27,0.77,1.2,60s,60,171.3976755470731,13.636001293957893,4.545333764652631,9,1631
0.27,0.77,1.2,90s,90,182.44427808088267,15.89334267213237,5.29778089071079,9,2371
0.27,0.77,1.3,30s,30,171.80825151530132,12.51334228627002,4.1711140954233406,9,900
0.27,0.77,1.3,60s,60,172.52587404052966,14.320219268360978,4.773406422786993,9,1644
0.27,0.77,1.3,90s,90,184.08024645624673,21.19575941011059,7.06525313670353,9,2353
0.27,0.77,1.4,30s,30,171.0655170373453,12.426351758887545,4.142117252962515,9,936
0.27,0.77,1.4,60s,60,170.587868859183,14.954375804170295,4.9847919347234315,9,1648
0.27,0.77,1.4,90s,90,181.24526705782466,16.68740726114056,5.562469087046853,9,2342
0.27,0.77,1.5,30s,30,170.86272199393684,9.396350213607867,3.132116737869289,9,854
0.27,0.77,1.5,60s,60,170.90357651873882,13.497717957384172,4.4992393191280575,9,1678
0.27,0.77,1.5,90s,90,182.7130808089229,17.747482411601386,5.915827470533795,9,2432
0.27,0.77,1.6,30s,30,171.4110107865428,9.993418134034647,3.331139378011549,9,872
0.27,0.77,1.6,60s,60,169.1934412042588,14.726330420368875,4.908776806789625,9,1609
0.27,0.77,1.6,90s,90,183.15023808725135,19.939885668189735,6.646628556063245,9,2369
0.27,0.77,1.7,30s,30,169.6730827388427,9.676689902012118,3.225563300670706,9,882
0.27,0.77,1.7,60s,60,170.03456032596387,14.66413704380448,4.88804568126816,9,1665
0.27,0.77,1.7,90s,90,181.7314687135373,19.5707460535908,6.5235820178636,9,2360
0.27,0.77,1.8,30s,30,170.1884038729152,8.496654551147888,2.8322181837159626,9,880
0.27,0.77,1.8,60s,60,170.32689493600225,14.529955192806064,4.8433183976020215,9,1663
0.27,0.77,1.8,90s,90,180.8922750858982,19.142958952363035,6.380986317454345,9,2351
0.27,0.77,1.9,30s,30,169.72848383799035,9.301603728752674,3.1005345762508916,9,911
0.27,0.77,1.9,60s,60,170.8076647280362,15.152962650601093,5.0509875502003645,9,1690
0.27,0.77,1.9,90s,90,178.81272931641027,15.264127277117494,5.088042425705831,9,2375
0.27,0.77,2.0,30s,30,167.79445864229578,8.273095011795544,2.757698337265181,9,911
0.27,0.77,2.0,60s,60,169.10145830007107,14.65274448620172,4.88424816206724,9,1686
0.27,0.77,2.0,90s,90,180.195512170293,17.98198784976093,5.99399594992031,9,2364
0.27,0.78,1.0,30s,30,171.20128703908188,11.94383296798664,3.9812776559955467,9,939
0.27,0.78,1.0,60s,60,172.54353950200635,13.834016113045623,4.611338704348541,9,1622
0.27,0.78,1.0,90s,90,182.9104875282176,16.971943340160596,5.657314446720199,9,2338
0.27,0.78,1.1,30s,30,171.2200369937497,12.21281020575367,4.070936735251223,9,914
0.27,0.78,1.1,60s,60,173.01823535755045,14.803435880756627,4.934478626918875,9,1656
0.27,0.78,1.1,90s,90,183.04950268937824,19.177567311888943,6.392522437296314,9,2306
0.27,0.78,1.2,30s,30,171.64611738493716,13.51450853571965,4.504836178573217,9,882
0.27,0.78,1.2,60s,60,170.74672964491623,15.989314459634642,5.329771486544881,9,1641
0.27,0.78,1.2,90s,90,184.5221166196269,21.02655542957928,7.00885180985976,9,2396
0.27,0.78,1.3,30s,30,171.08858126067693,13.387799466309014,4.462599822103004,9,882
0.27,0.78,1.3,60s,60,170.43123360188704,14.981821935200577,4.993940645066859,9,1658
0.27,0.78,1.3,90s,90,183.90049450684063,18.975576009679816,6.325192003226605,9,2408
0.27,0.78,1.4,30s,30,169.97598648233856,12.753482361404336,4.251160787134778,9,909
0.27,0.78,1.4,60s,60,170.69588103301814,15.901129637019165,5.300376545673055,9,1700
0.27,0.78,1.4,90s,90,184.58333061707336,21.27942525741392,7.093141752471307,9,2402
0.27,0.78,1.5,30s,30,172.3407438150508,11.901862887233868,3.967287629077956,9,922
0.27,0.78,1.5,60s,60,172.2385891674868,15.024496281734786,5.008165427244928,9,1638
0.27,0.78,1.5,90s,90,184.41217593660124,20.76764957193797,6.9225498573126565,9,2418
0.27,0.78,1.6,30s,30,169.39166858520306,12.179372917768312,4.059790972589437,9,903
0.27,0.78,1.6,60s,60,171.83712440115156,16.422837536896175,5.474279178965392,9,1744
0.27,0.78,1.6,90s,90,181.03707778392115,15.200490129189959,5.0668300430633195,9,2395
0.27,0.78,1.7,30s,30,171.00693637514405,10.038462059114632,3.3461540197048776,9,884
0.27,0.78,1.7,60s,60,170.95028518268845,13.225789396135529,4.408596465378509,9,1591
0.27,0.78,1.7,90s,90,182.47227800579893,18.438930373122574,6.1463101243741916,9,2377
0.27,0.78,1.8,30s,30,168.90730985436895,8.876215594789912,2.9587385315966372,9,874
0.27,0.78,1.8,60s,60,170.82909346143452,15.924292924973127,5.308097641657709,9,1659
0.27,0.78,1.8,90s,90,181.01182643094864,19.095643064737914,6.365214354912638,9,2408
0.27,0.78,1.9,30s,30,168.29132745380457,10.084952696572296,3.361650898857432,9,871
0.27,0.78,1.9,60s,60,170.7922113476199,15.76032903867845,5.2534430128928165,9,1685
0.27,0.78,1.9,90s,90,184.65802014400012,21.60921233042579,7.203070776808597,9,2411
0.27,0.78,2.0,30s,30,166.2909547629012,10.45320778238223,3.4844025941274097,9,900
0.27,0.78,2.0,60s,60,169.67882078628224,15.064376701226308,5.02145890040877,9,1684
0.27,0.78,2.0,90s,90,179.66979993143386,15.583733530582611,5.194577843527537,9,2384
0.27,0.79,1.0,30s,30,173.2320829223765,12.02309421563269,4.007698071877564,9,904
0.27,0.79,1.0,60s,60,172.2375627172807,15.246663437995588,5.082221145998529,9,1640
0.27,0.79,1.0,90s,90,185.42864472840836,17.855241354640437,5.951747118213479,9,2337
0.27,0.79,1.1,30s,30,170.33509285541834,11.330289941388868,3.7767633137962893,9,906
0.27,0.79,1.1,60s,60,174.11003518818734,15.12152505171951,5.0405083505731705,9,1661
0.27,0.79,1.1,90s,90,186.56999116638585,18.47310304933784,6.157701016445947,9,2378
0.27,0.79,1.2,30s,30,172.550219509534,11.43498277055433,3.81166092351811,9,933
0.27,0.79,1.2,60s,60,173.7866850771588,15.32537331078718,5.108457770262393,9,1633
0.27,0.79,1.2,90s,90,182.9152312719663,17.938124074571554,5.9793746915238515,9,2350
0.27,0.79,1.3,30s,30,173.29753255677016,13.866023998728076,4.6220079995760255,9,878
0.27,0.79,1.3,60s,60,172.91420274366513,15.18927857887022,5.063092859623406,9,1608
0.27,0.79,1.3,90s,90,185.12249921199137,16.550415237653112,5.516805079217704,9,2371
0.27,0.79,1.4,30s,30,173.78436673709402,11.156099143864969,3.7186997146216565,9,881
0.27,0.79,1.4,60s,60,171.88247094730625,13.618318077197841,4.539439359065947,9,1620
0.27,0.79,1.4,90s,90,186.09350633523988,17.03234869508921,5.677449565029736,9,2356
0.27,0.79,1.5,30s,30,173.21410470257945,12.315572285643624,4.105190761881208,9,895
0.27,0.79,1.5,60s,60,171.4727712286604,15.989378735735228,5.329792911911743,9,1643
0.27,0.79,1.5,90s,90,186.05215973584438,16.626450979936248,5.542150326645416,9,2326
0.27,0.79,1.6,30s,30,173.49413722217082,12.040334264401531,4.013444754800511,9,893
0.27,0.79,1.6,60s,60,173.10058492739708,16.50335485502749,5.501118285009163,9,1654
0.27,0.79,1.6,90s,90,187.23089694670787,19.6107331562648,6.536911052088267,9,2377
0.27,0.79,1.7,30s,30,169.57729471101345,9.719884710819162,3.239961570273054,9,857
0.27,0.79,1.7,60s,60,172.8964618034739,16.285321984231867,5.428440661410622,9,1672
0.27,0.79,1.7,90s,90,185.81528699739067,16.971493942631287,5.6571646475437625,9,2404
0.27,0.79,1.8,30s,30,169.29809065955902,10.73954925269838,3.57984975089946,9,867
0.27,0.79,1.8,60s,60,172.62401292974607,15.81328035431979,5.27109345143993,9,1617
0.27,0.79,1.8,90s,90,185.15774896903227,17.245854318955537,5.748618106318513,9,2330
0.27,0.79,1.9,30s,30,171.57709711444218,8.989635493274594,2.9965451644248646,9,877
0.27,0.79,1.9,60s,60,172.23946491863376,15.368450201690326,5.122816733896776,9,1626
0.27,0.79,1.9,90s,90,180.9160183573383,16.39631004439626,5.46543668146542,9,2361
0.27,0.79,2.0,30s,30,168.3475221280499,10.1234477341728,3.3744825780576,9,880
0.27,0.79,2.0,60s,60,173.11019063902918,15.429949373204934,5.143316457734978,9,1670
0.27,0.79,2.0,90s,90,181.47907211358395,17.164888553610837,5.721629517870279,9,2316
0.27,0.8,1.0,30s,30,176.1986630675767,14.972337309865512,4.990779103288504,9,885
0.27,0.8,1.0,60s,60,176.4603236040734,13.905857878846096,4.6352859596153655,9,1680
0.27,0.8,1.0,90s,90,187.30378327195456,15.397542493852377,5.132514164617459,9,2319
0.27,0.8,1.1,30s,30,173.6445517527144,10.866816147956515,3.622272049318838,9,885
0.27,0.8,1.1,60s,60,175.86400899438524,14.440457269965687,4.813485756655229,9,1653
0.27,0.8,1.1,90s,90,188.83680704932524,18.6068117830111,6.202270594337033,9,2310
0.27,0.8,1.2,30s,30,172.74040594722163,10.486840326139287,3.495613442046429,9,916
0.27,0.8,1.2,60s,60,175.45111638538657,15.538161974901826,5.1793873249672755,9,1621
0.27,0.8,1.2,90s,90,188.95794439793352,19.600508324158255,6.533502774719419,9,2355
0.27,0.8,1.3,30s,30,176.23508453047856,11.363479603209688,3.7878265344032296,9,889
0.27,0.8,1.3,60s,60,175.02788961009963,15.528498195271382,5.17616606509046,9,1685
0.27,0.8,1.3,90s,90,190.60023417961904,19.698016945687765,6.566005648562588,9,2313
0.27,0.8,1.4,30s,30,175.23335504875507,13.485688833879232,4.495229611293078,9,877
0.27,0.8,1.4,60s,60,173.30695438236205,15.20310033834137,5.067700112780456,9,1666
0.27,0.8,1.4,90s,90,190.77562339541882,20.49526865882008,6.831756219606693,9,2331
0.27,0.8,1.5,30s,30,175.9916205091609,10.678769739092171,3.559589913030724,9,862
0.27,0.8,1.5,60s,60,176.36224591402822,15.387063881252695,5.129021293750898,9,1654
0.27,0.8,1.5,90s,90,187.44727979899028,16.974595603533427,5.6581985345111425,9,2325
0.27,0.8,1.6,30s,30,174.4272929376701,8.724151578159486,2.9080505260531617,9,874
0.27,0.8,1.6,60s,60,175.5711787370025,16.265994949478465,5.421998316492822,9,1665
0.27,0.8,1.6,90s,90,187.6167512388064,19.20833736265106,6.402779120883687,9,2356
0.27,0.8,1.7,30s,30,171.2375075318804,10.99443668241878,3.6648122274729267,9,873
0.27,0.8,1.7,60s,60,178.85544771067214,16.876886925250123,5.625628975083374,9,1639
0.27,0.8,1.7,90s,90,188.2043716402862,20.392167226107542,6.797389075369181,9,2332
0.27,0.8,1.8,30s,30,171.8265776305774,6.598295110120905,2.199431703373635,9,841
0.27,0.8,1.8,60s,60,174.76159270326772,14.924967252323352,4.974989084107784,9,1664
0.27,0.8,1.8,90s,90,189.45733396995792,21.899632020134522,7.299877340044841,9,2309
0.27,0.8,1.9,30s,30,172.61055252606855,7.8293209272454325,2.6097736424151443,9,878
0.27,0.8,1.9,60s,60,173.67592180774957,14.57877202925541,4.8595906764184695,9,1653
0.27,0.8,1.9,90s,90,182.35897012467245,16.01587515773738,5.338625052579126,9,2417
0.27,0.8,2.0,30s,30,170.40961191921167,9.325473780610851,3.108491260203617,9,920
0.27,0.8,2.0,60s,60,174.49049859209663,15.526766467691587,5.175588822563863,9,1699
0.27,0.8,2.0,90s,90,184.5048034870257,19.496464641566625,6.498821547188875,9,2351
0.28,0.6,1.0,30s,30,153.3919582777198,13.187046384678753,4.395682128226251,9,918
0.28,0.6,1.0,60s,60,144.49538696172968,8.660617228837364,2.8868724096124545,9,1681
0.28,0.6,1.0,90s,90,147.3801494297366,12.617911391915317,4.205970463971773,9,2424
0.28,0.6,1.1,30s,30,150.26215035748191,11.244922413613033,3.748307471204344,9,943
0.28,0.6,1.1,60s,60,143.79507558391856,9.967156812939965,3.3223856043133217,9,1650
0.28,0.6,1.1,90s,90,147.9664675816606,12.682794315039864,4.227598105013288,9,2420
0.28,0.6,1.2,30s,30,150.65790439705063,9.513202970089218,3.171067656696406,9,900
0.28,0.6,1.2,60s,60,142.96575387705846,9.429934632168385,3.1433115440561283,9,1686
0.28,0.6,1.2,90s,90,148.7044635411535,13.936547846391559,4.645515948797186,9,2443
0.28,0.6,1.3,30s,30,150.78127272476502,9.683891960389044,3.227963986796348,9,906
0.28,0.6,1.3,60s,60,143.7677269233247,8.107555461672417,2.7025184872241392,9,1675
0.28,0.6,1.3,90s,90,148.96754415295644,16.187412854269994,5.3958042847566645,9,2364
0.28,0.6,1.4,30s,30,152.05488431559843,14.040998011371963,4.680332670457321,9,887
0.28,0.6,1.4,60s,60,143.77266533499227,9.311355370485158,3.1037851234950526,9,1695
0.28,0.6,1.4,90s,90,146.87496114125528,12.765232925208554,4.255077641736185,9,2404
0.28,0.6,1.5,30s,30,150.27010360340662,8.644515539305294,2.8815051797684315,9,915
0.28,0.6,1.5,60s,60,140.91816073861236,8.849630295129582,2.9498767650431943,9,1587
0.28,0.6,1.5,90s,90,147.21823086188604,15.411174879154684,5.137058293051561,9,2360
0.28,0.6,1.6,30s,30,146.7379410925794,9.625200376123436,3.2084001253744785,9,927
0.28,0.6,1.6,60s,60,142.15840842401673,10.616859935198468,3.5389533117328225,9,1674
0.28,0.6,1.6,90s,90,146.85524448231507,13.148705359879445,4.382901786626482,9,2395
0.28,0.6,1.7,30s,30,148.18034741972917,6.988229763501116,2.3294099211670387,9,872
0.28,0.6,1.7,60s,60,141.8578919444959,10.918011111249848,3.639337037083283,9,1664
0.28,0.6,1.7,90s,90,146.05088839037955,12.908914980798542,4.302971660266181,9,2322
0.28,0.6,1.8,30s,30,148.40911712364107,5.758287370007876,1.9194291233359586,9,890
0.28,0.6,1.8,60s,60,140.96565175535346,11.512298773111915,3.8374329243706384,9,1675
0.28,0.6,1.8,90s,90,147.28586910729032,13.769462060234163,4.589820686744721,9,2443
0.28,0.6,1.9,30s,30,148.0057281557711,6.718719864966088,2.2395732883220294,9,922
0.28,0.6,1.9,60s,60,142.07937344686619,10.86388508024588,3.621295026748627,9,1665
0.28,0.6,1.9,90s,90,146.0075666052789,11.783158503123081,3.927719501041027,9,2353
0.28,0.6,2.0,30s,30,148.33196984552131,8.15986169131778,2.7199538971059263,9,885
0.28,0.6,2.0,60s,60,142.7490735945696,10.583512870500853,3.527837623500284,9,1674
0.28,0.6,2.0,90s,90,143.8182074409491,10.866933112424881,3.6223110374749603,9,2364
0.28,0.61,1.0,30s,30,154.24183185928172,14.661164487549282,4.887054829183094,9,947
0.28,0.61,1.0,60s,60,145.95827132818675,10.522014609356772,3.5073382031189237,9,1658
0.28,0.61,1.0,90s,90,151.43366727997204,15.896200440367773,5.298733480122591,9,2428
0.28,0.61,1.1,30s,30,153.5137913989637,12.305467507520593,4.101822502506864,9,873
0.28,0.61,1.1,60s,60,144.86278312931418,9.77231414681869,3.2574380489395636,9,1607
0.28,0.61,1.1,90s,90,151.03873647109424,13.89939073157483,4.633130243858276,9,2376
0.28,0.61,1.2,30s,30,150.94057740190067,9.577090210616323,3.1923634035387742,9,906
0.28,0.61,1.2,60s,60,146.19081188875543,9.550027776115197,3.183342592038399,9,1667
0.28,0.61,1.2,90s,90,151.22813774783805,14.365338858356887,4.788446286118963,9,2393
0.28,0.61,1.3,30s,30,151.32778101673853,11.582409121493448,3.860803040497816,9,928
0.28,0.61,1.3,60s,60,144.97633043109434,9.680719529064866,3.226906509688289,9,1614
0.28,0.61,1.3,90s,90,151.58358020072686,16.389462632075514,5.463154210691838,9,2368
0.28,0.61,1.4,30s,30,152.75981217215542,12.991540117508418,4.330513372502806,9,928
0.28,0.61,1.4,60s,60,143.06293743012498,9.546435080021395,3.182145026673798,9,1671
0.28,0.61,1.4,90s,90,150.48395655011817,14.518019265447561,4.8393397551491875,9,2361
0.28,0.61,1.5,30s,30,151.8635882666946,10.663158536755741,3.5543861789185804,9,942
0.28,0.61,1.5,60s,60,143.35189975970488,10.614127097056109,3.5380423656853695,9,1677
0.28,0.61,1.5,90s,90,150.84170412192162,15.824902638691807,5.274967546230602,9,2392
0.28,0.61,1.6,30s,30,150.58130661907447,10.633985435772754,3.5446618119242514,9,865
0.28,0.61,1.6,60s,60,143.59512673612343,12.132375482590758,4.044125160863586,9,1673
0.28,0.61,1.6,90s,90,150.9800465009093,16.740201788854428,5.580067262951476,9,2367
0.28,0.61,1.7,30s,30,148.52232841314344,6.089602755039047,2.0298675850130157,9,871
0.28,0.61,1.7,60s,60,143.19132917459817,10.737549738210852,3.579183246070284,9,1702
0.28,0.61,1.7,90s,90,151.1202754923177,16.35648050187286,5.452160167290953,9,2432
0.28,0.61,1.8,30s,30,148.38150902471386,6.600031941412668,2.2000106471375562,9,910
0.28,0.61,1.8,60s,60,142.8465508979269,10.353351725895669,3.451117241965223,9,1649
0.28,0.61,1.8,90s,90,147.04580415138963,11.153690693169972,3.717896897723324,9,2419
0.28,0.61,1.9,30s,30,148.89658027470813,8.33767530668831,2.7792251022294363,9,921
0.28,0.61,1.9,60s,60,141.63193949518757,10.238289658731745,3.4127632195772484,9,1673
0.28,0.61,1.9,90s,90,147.07036248136188,11.142588528618674,3.7141961762062246,9,2409
0.28,0.61,2.0,30s,30,148.24829836031574,7.019949923129538,2.3399833077098458,9,885
0.28,0.61,2.0,60s,60,142.5169724093044,11.290247818268433,3.7634159394228113,9,1694
0.28,0.61,2.0,90s,90,148.14602406460017,13.003204825013151,4.334401608337717,9,2362
0.28,0.62,1.0,30s,30,155.45312462741902,13.072456555533735,4.357485518511245,9,940
0.28,0.62,1.0,60s,60,147.20526683980157,9.913758182516748,3.304586060838916,9,1659
0.28,0.62,1.0,90s,90,151.53889042467998,14.710102631232983,4.903367543744328,9,2374
0.28,0.62,1.1,30s,30,154.70881476122008,11.035555034363185,3.678518344787728,9,885
0.28,0.62,1.1,60s,60,147.59412063977527,11.440208374279877,3.8134027914266255,9,1609
0.28,0.62,1.1,90s,90,152.1002627214167,15.24649052850715,5.082163509502384,9,2382
0.28,0.62,1.2,30s,30,153.3040325950953,10.644546740629078,3.5481822468763595,9,887
0.28,0.62,1.2,60s,60,147.63229780512296,9.480438473295067,3.160146157765022,9,1667
0.28,0.62,1.2,90s,90,152.88759968745356,17.12523337562516,5.708411125208387,9,2470
0.28,0.62,1.3,30s,30,154.74859743087188,12.825539838842593,4.275179946280864,9,910
0.28,0.62,1.3,60s,60,146.5931269977045,10.321234365434655,3.440411455144885,9,1641
0.28,0.62,1.3,90s,90,152.1350447464688,14.260424487352159,4.753474829117386,9,2411
0.28,0.62,1.4,30s,30,153.32947306627977,12.660046327896081,4.220015442632027,9,923
0.28,0.62,1.4,60s,60,145.7624240141693,11.809035571519422,3.936345190506474,9,1643
0.28,0.62,1.4,90s,90,152.1345036059181,15.102413504277242,5.034137834759081,9,2352
0.28,0.62,1.5,30s,30,152.0902851588432,11.327383604545906,3.7757945348486355,9,924
0.28,0.62,1.5,60s,60,146.6813157930289,11.181615793575784,3.7272052645252614,9,1693
0.28,0.62,1.5,90s,90,151.74228284633512,14.901337311620727,4.967112437206909,9,2398
0.28,0.62,1.6,30s,30,150.42863286366895,9.896050618139352,3.298683539379784,9,929
0.28,0.62,1.6,60s,60,145.36562134236073,12.95863231398636,4.31954410466212,9,1669
0.28,0.62,1.6,90s,90,148.9655654630179,10.605480184954402,3.5351600616514673,9,2359
0.28,0.62,1.7,30s,30,151.27150306493408,9.8116315384513,3.2705438461504333,9,902
0.28,0.62,1.7,60s,60,145.23965527021267,12.050361107517887,4.016787035839296,9,1658
0.28,0.62,1.7,90s,90,152.22919812740713,16.397944190938794,5.465981396979598,9,2455
0.28,0.62,1.8,30s,30,150.1530820110379,8.408413964754175,2.802804654918058,9,906
0.28,0.62,1.8,60s,60,144.98220891556244,12.494212508259722,4.1647375027532405,9,1701
0.28,0.62,1.8,90s,90,149.85193804875144,11.921585469044201,3.9738618230147336,9,2323
0.28,0.62,1.9,30s,30,150.7395781802508,6.869755768538892,2.289918589512964,9,926
0.28,0.62,1.9,60s,60,144.8977919329877,14.110015304302339,4.7033384347674465,9,1679
0.28,0.62,1.9,90s,90,150.65250699499452,13.544041875447737,4.5146806251492455,9,2408
0.28,0.62,2.0,30s,30,146.75206808706358,7.656789146528693,2.5522630488428977,9,958
0.28,0.62,2.0,60s,60,145.0198096214234,12.084004709357169,4.028001569785723,9,1685
0.28,0.62,2.0,90s,90,148.48220486260556,11.500081960863575,3.8333606536211917,9,2403
0.28,0.63,1.0,30s,30,157.3204780478479,17.124364430533443,5.7081214768444815,9,941
0.28,0.63,1.0,60s,60,151.25378993433145,10.181613892166967,3.393871297388989,9,1680
0.28,0.63,1.0,90s,90,153.16771084848088,14.252594776626248,4.750864925542083,9,2362
0.28,0.63,1.1,30s,30,155.7205389697524,13.666653945902171,4.555551315300724,9,948
0.28,0.63,1.1,60s,60,149.30436759127196,10.728832693271901,3.576277564423967,9,1653
0.28,0.63,1.1,90s,90,154.9221538971153,17.053909338435297,5.684636446145099,9,2424
0.28,0.63,1.2,30s,30,154.30353403536725,13.96464524212794,4.65488174737598,9,945
0.28,0.63,1.2,60s,60,149.26617674478516,11.431299648375067,3.810433216125022,9,1594
0.28,0.63,1.2,90s,90,154.03445424365023,14.334665401701953,4.778221800567318,9,2354
0.28,0.63,1.3,30s,30,153.94384800500288,14.53428942785795,4.844763142619317,9,904
0.28,0.63,1.3,60s,60,150.4266192820745,10.334477491881902,3.4448258306273005,9,1683
0.28,0.63,1.3,90s,90,154.82449408671235,15.748795782101295,5.249598594033765,9,2442
0.28,0.63,1.4,30s,30,153.69065490820174,13.075557258817565,4.358519086272522,9,897
0.28,0.63,1.4,60s,60,148.36617922191894,13.047601031818589,4.34920034393953,9,1713
0.28,0.63,1.4,90s,90,154.1727646392964,15.006596859810887,5.0021989532702955,9,2382
0.28,0.63,1.5,30s,30,153.30333820221523,10.687232110621148,3.5624107035403827,9,891
0.28,0.63,1.5,60s,60,149.2893432389866,10.913398519228187,3.6377995064093955,9,1656
0.28,0.63,1.5,90s,90,153.78574232918507,16.344148219344365,5.4480494064481215,9,2417
0.28,0.63,1.6,30s,30,151.72249096323233,11.342551937111315,3.780850645703772,9,932
0.28,0.63,1.6,60s,60,150.11654506658982,12.325467544061915,4.1084891813539715,9,1664
0.28,0.63,1.6,90s,90,148.99288216916088,11.542246563884863,3.847415521294954,9,2389
0.28,0.63,1.7,30s,30,152.4783954679923,9.11964902286274,3.0398830076209133,9,909
0.28,0.63,1.7,60s,60,148.3255947742369,12.79024384874302,4.263414616247673,9,1705
0.28,0.63,1.7,90s,90,152.81368646592736,14.829954255353869,4.943318085117956,9,2381
0.28,0.63,1.8,30s,30,149.47461912394448,8.346447755506617,2.782149251835539,9,913
0.28,0.63,1.8,60s,60,147.63466780509876,12.316597808396144,4.105532602798715,9,1636
0.28,0.63,1.8,90s,90,152.31706505900252,14.780630901687163,4.926876967229054,9,2403
0.28,0.63,1.9,30s,30,152.35322327305843,10.184800775908757,3.3949335919695858,9,873
0.28,0.63,1.9,60s,60,148.3839401789469,13.011903854654447,4.337301284884815,9,1637
0.28,0.63,1.9,90s,90,150.74758863802077,11.649191708993504,3.8830639029978347,9,2392
0.28,0.63,2.0,30s,30,150.8903957333941,7.598386726510395,2.532795575503465,9,890
0.28,0.63,2.0,60s,60,147.68470565179408,13.75272466706604,4.58424155568868,9,1643
0.28,0.63,2.0,90s,90,150.69341321351328,12.183359059613558,4.061119686537853,9,2385
0.28,0.64,1.0,30s,30,157.44520864772798,16.20647542699415,5.4021584756647165,9,931
0.28,0.64,1.0,60s,60,152.7786292781407,9.178814498941286,3.0596048329804284,9,1678
0.28,0.64,1.0,90s,90,157.236650885855,17.457606438532082,5.819202146177361,9,2342
0.28,0.64,1.1,30s,30,155.00810360589517,12.023982380480405,4.007994126826802,9,885
0.28,0.64,1.1,60s,60,152.1327441561518,8.710216442475092,2.9034054808250307,9,1582
0.28,0.64,1.1,90s,90,157.38214869975906,15.331592239773123,5.110530746591041,9,2365
0.28,0.64,1.2,30s,30,157.9699642125037,13.446879344895844,4.482293114965281,9,910
0.28,0.64,1.2,60s,60,152.41452163825204,10.635329987596814,3.5451099958656047,9,1663
0.28,0.64,1.2,90s,90,157.43144445428828,15.939791033287275,5.313263677762425,9,2372
0.28,0.64,1.3,30s,30,155.02860439416884,12.92921840766985,4.309739469223284,9,953
0.28,0.64,1.3,60s,60,151.8427791531232,10.469446923844652,3.4898156412815506,9,1674
0.28,0.64,1.3,90s,90,158.80394448438312,16.951576406268167,5.650525468756055,9,2443
0.28,0.64,1.4,30s,30,154.97228225530827,11.023887629188629,3.674629209729543,9,923
0.28,0.64,1.4,60s,60,150.49572659965307,10.71779869056747,3.57259956352249,9,1629
0.28,0.64,1.4,90s,90,157.47939139974648,17.19507075375767,5.731690251252556,9,2384
0.28,0.64,1.5,30s,30,155.7174921158319,13.401164134532356,4.4670547115107855,9,872
0.28,0.64,1.5,60s,60,150.98427132993768,12.42992374762603,4.143307915875343,9,1665
0.28,0.64,1.5,90s,90,156.57071747255168,14.775865754727217,4.925288584909072,9,2371
0.28,0.64,1.6,30s,30,152.3523563660839,8.59397313652315,2.8646577121743833,9,912
0.28,0.64,1.6,60s,60,150.2195139591397,12.540100177666332,4.180033392555444,9,1658
0.28,0.64,1.6,90s,90,155.27383150181873,12.921082084544405,4.307027361514802,9,2381
0.28,0.64,1.7,30s,30,152.63521249185064,9.317558745665085,3.105852915221695,9,917
0.28,0.64,1.7,60s,60,150.24499793053,12.164979470902063,4.054993156967354,9,1651
0.28,0.64,1.7,90s,90,155.01731815722326,12.563945681241103,4.187981893747034,9,2382
0.28,0.64,1.8,30s,30,153.18544353648164,9.596011286443032,3.198670428814344,9,903
0.28,0.64,1.8,60s,60,150.5233839958579,12.609339213644978,4.203113071214992,9,1699
0.28,0.64,1.8,90s,90,155.50275502587394,15.133443175998407,5.044481058666135,9,2377
0.28,0.64,1.9,30s,30,152.26388801744037,7.793274305245418,2.5977581017484725,9,864
0.28,0.64,1.9,60s,60,148.40260433103072,12.817879619304081,4.272626539768027,9,1614
0.28,0.64,1.9,90s,90,154.21055688656784,13.474976931725664,4.491658977241888,9,2362
0.28,0.64,2.0,30s,30,149.7366260186131,8.007089769746326,2.6690299232487753,9,922
0.28,0.64,2.0,60s,60,149.19506512093176,11.74350773749991,3.9145025791666366,9,1689
0.28,0.64,2.0,90s,90,154.579191556505,13.558473325189068,4.519491108396356,9,2369
0.28,0.65,1.0,30s,30,157.1558303898366,15.955770934664057,5.3185903115546855,9,898
0.28,0.65,1.0,60s,60,152.1927239942382,9.982749145687801,3.3275830485626003,9,1632
0.28,0.65,1.0,90s,90,161.86118719502952,17.194309116240454,5.731436372080151,9,2426
0.28,0.65,1.1,30s,30,154.39409896759105,9.794397457532884,3.2647991525109616,9,919
0.28,0.65,1.1,60s,60,154.51513107100618,7.893728023654493,2.6312426745514976,9,1671
0.28,0.65,1.1,90s,90,161.36761425298087,16.458838103444016,5.486279367814672,9,2379
0.28,0.65,1.2,30s,30,156.79849185831333,12.20927287923418,4.069757626411393,9,895
0.28,0.65,1.2,60s,60,152.3583773920133,10.060456039455683,3.3534853464852277,9,1617
0.28,0.65,1.2,90s,90,160.86382425302796,17.04088460249714,5.680294867499047,9,2351
0.28,0.65,1.3,30s,30,154.6935241626967,14.645533879749982,4.8818446265833275,9,917
0.28,0.65,1.3,60s,60,151.80501849963292,10.25828138993383,3.4194271299779433,9,1634
0.28,0.65,1.3,90s,90,160.41139350964133,15.552592996352205,5.184197665450735,9,2323
0.28,0.65,1.4,30s,30,155.19964151262673,15.318812604248308,5.1062708680827695,9,959
0.28,0.65,1.4,60s,60,150.47153754193334,11.432735337370172,3.8109117791233906,9,1632
0.28,0.65,1.4,90s,90,160.27556727249993,15.804444372214398,5.268148124071466,9,2368
0.28,0.65,1.5,30s,30,155.95683374658276,13.354534730410968,4.451511576803656,9,877
0.28,0.65,1.5,60s,60,149.95735138886525,10.528350787243609,3.509450262414536,9,1625
0.28,0.65,1.5,90s,90,159.0418630513562,15.642259217401229,5.214086405800409,9,2342
0.28,0.65,1.6,30s,30,153.77594250877863,9.199960574688497,3.0666535248961657,9,907
0.28,0.65,1.6,60s,60,151.9745037304776,10.187642438172652,3.3958808127242173,9,1680
0.28,0.65,1.6,90s,90,157.12972850258956,13.098899707185241,4.36629990239508,9,2349
0.28,0.65,1.7,30s,30,153.05374308788143,7.576744671442555,2.525581557147518,9,894
0.28,0.65,1.7,60s,60,152.0414918230893,12.162330074635339,4.0541100248784465,9,1669
0.28,0.65,1.7,90s,90,158.61033120124193,12.989343467680257,4.329781155893419,9,2359
0.28,0.65,1.8,30s,30,153.26077216175983,8.216848550106583,2.738949516702194,9,918
0.28,0.65,1.8,60s,60,151.33950027095727,13.3013479548545,4.433782651618166,9,1630
0.28,0.65,1.8,90s,90,158.97257665706593,15.084377724319602,5.028125908106534,9,2448
0.28,0.65,1.9,30s,30,151.51959937253736,8.70193719976714,2.9006457332557134,9,910
0.28,0.65,1.9,60s,60,149.9207593869313,11.384843463313047,3.794947821104349,9,1603
0.28,0.65,1.9,90s,90,156.9961351786257,12.931609215251202,4.310536405083734,9,2378
0.28,0.65,2.0,30s,30,151.46537482592743,9.471508129221407,3.157169376407136,9,886
0.28,0.65,2.0,60s,60,149.3949384761841,12.231940655087453,4.077313551695817,9,1648
0.28,0.65,2.0,90s,90,156.82263940938714,14.287047518385789,4.762349172795263,9,2339
0.28,0.66,1.0,30s,30,158.33316484700907,15.937453361810643,5.312484453936881,9,912
0.28,0.66,1.0,60s,60,155.7130782804648,8.50852284234021,2.8361742807800696,9,1628
0.28,0.66,1.0,90s,90,163.65326358634604,15.892912842118546,5.297637614039515,9,2365
0.28,0.66,1.1,30s,30,156.83012585117888,12.670984928062257,4.223661642687419,9,919
0.28,0.66,1.1,60s,60,155.74719306565544,8.830144999405016,2.9433816664683388,9,1673
0.28,0.66,1.1,90s,90,163.58864253414708,15.535250565243254,5.1784168550810845,9,2370
0.28,0.66,1.2,30s,30,158.15751572807793,13.70274698176984,4.567582327256614,9,923
0.28,0.66,1.2,60s,60,154.42085457620877,11.109952483714395,3.703317494571465,9,1633
0.28,0.66,1.2,90s,90,165.0182690716664,16.072929599210774,5.357643199736924,9,2377
0.28,0.66,1.3,30s,30,154.50341996064145,13.57461826858672,4.524872756195573,9,936
0.28,0.66,1.3,60s,60,151.67349807121172,10.52340642187804,3.5078021406260134,9,1642
0.28,0.66,1.3,90s,90,164.0053574081474,16.376843990409398,5.458947996803133,9,2372
0.28,0.66,1.4,30s,30,156.8015918416329,11.877995836954748,3.9593319456515825,9,900
0.28,0.66,1.4,60s,60,153.46881119110964,11.641096162722501,3.8803653875741673,9,1681
0.28,0.66,1.4,90s,90,163.18605224041667,15.473026869306212,5.157675623102071,9,2349
0.28,0.66,1.5,30s,30,157.32687250147393,11.439075471717754,3.813025157239251,9,897
0.28,0.66,1.5,60s,60,152.24017840586714,11.789152056575448,3.929717352191816,9,1639
0.28,0.66,1.5,90s,90,162.77025829419307,16.562546686048908,5.520848895349636,9,2387
0.28,0.66,1.6,30s,30,156.43249355337977,8.747139255174137,2.9157130850580457,9,896
0.28,0.66,1.6,60s,60,152.60514110769572,11.509255560363425,3.8364185201211414,9,1634
0.28,0.66,1.6,90s,90,163.6703791383951,15.645031195686203,5.215010398562067,9,2408
0.28,0.66,1.7,30s,30,155.65931020451433,9.859022731988793,3.286340910662931,9,917
0.28,0.66,1.7,60s,60,151.54889645835968,11.544662479845144,3.848220826615048,9,1671
0.28,0.66,1.7,90s,90,161.94115845408166,13.51633404401177,4.505444681337257,9,2375
0.28,0.66,1.8,30s,30,153.65357897922047,8.26795956003841,2.755986520012803,9,915
0.28,0.66,1.8,60s,60,152.18234467865582,10.614371188387413,3.538123729462471,9,1621
0.28,0.66,1.8,90s,90,161.21154516373414,14.405263445605305,4.801754481868435,9,2356
0.28,0.66,1.9,30s,30,153.77420107310044,7.887000089348375,2.629000029782792,9,892
0.28,0.66,1.9,60s,60,152.39446768194972,11.761591705638995,3.9205305685463316,9,1610
0.28,0.66,1.9,90s,90,160.15182141797612,14.079141209462973,4.693047069820991,9,2400
0.28,0.66,2.0,30s,30,154.10730416416652,9.071168966919142,3.0237229889730473,9,914
0.28,0.66,2.0,60s,60,152.3380181104693,11.428718731153879,3.809572910384626,9,1667
0.28,0.66,2.0,90s,90,158.3067118652608,13.54505637640922,4.515018792136407,9,2345
0.28,0.67,1.0,30s,30,156.05919585910067,8.899479457840592,2.9664931526135305,9,880
0.28,0.67,1.0,60s,60,158.0544658030328,11.96765394843003,3.98921798281001,9,1611
0.28,0.67,1.0,90s,90,165.1503459204828,16.024181925800537,5.341393975266846,9,2328
0.28,0.67,1.1,30s,30,156.41999164430817,10.66234072647319,3.5541135754910633,9,906
0.28,0.67,1.1,60s,60,157.74952535227263,7.646587213666158,2.548862404555386,9,1664
0.28,0.67,1.1,90s,90,164.83107103903365,16.69412972843384,5.564709909477947,9,2311
0.28,0.67,1.2,30s,30,157.88198018300739,10.192966706087498,3.3976555686958325,9,918
0.28,0.67,1.2,60s,60,156.03910679611806,9.832992277209746,3.2776640924032487,9,1696
0.28,0.67,1.2,90s,90,164.80251345325559,15.482127327172144,5.160709109057382,9,2359
0.28,0.67,1.3,30s,30,157.25389977752604,11.313401655107954,3.771133885035985,9,931
0.28,0.67,1.3,60s,60,155.89439305860944,8.66829683003779,2.8894322766792633,9,1702
0.28,0.67,1.3,90s,90,165.53604977722273,16.90510488437052,5.63503496145684,9,2349
0.28,0.67,1.4,30s,30,158.23079136731667,11.983467747698366,3.994489249232789,9,931
0.28,0.67,1.4,60s,60,154.13166343719564,11.00287824519512,3.6676260817317066,9,1681
0.28,0.67,1.4,90s,90,166.10329789756042,16.72576089346782,5.575253631155941,9,2408
0.28,0.67,1.5,30s,30,157.5676316382351,12.780943127395641,4.260314375798547,9,879
0.28,0.67,1.5,60s,60,153.6174802456098,11.167102244656867,3.7223674148856225,9,1667
0.28,0.67,1.5,90s,90,165.11461978353339,16.309808108453616,5.436602702817872,9,2386
0.28,0.67,1.6,30s,30,157.97336859611852,7.3785101918791,2.4595033972930334,9,904
0.28,0.67,1.6,60s,60,154.44338239543092,11.182822918111807,3.727607639370602,9,1722
0.28,0.67,1.6,90s,90,163.33222303240558,14.5079900478479,4.835996682615966,9,2378
0.28,0.67,1.7,30s,30,157.4983435564116,7.9420334941809925,2.6473444980603307,9,877
0.28,0.67,1.7,60s,60,152.52220411674227,10.914199421419706,3.638066473806569,9,1641
0.28,0.67,1.7,90s,90,162.73807754645074,11.728605453493007,3.9095351511643357,9,2354
0.28,0.67,1.8,30s,30,154.76429088018836,7.030076091779311,2.34335869725977,9,882
0.28,0.67,1.8,60s,60,153.8753615476124,11.755939474712573,3.9186464915708576,9,1676
0.28,0.67,1.8,90s,90,162.68309316908162,14.086115456817737,4.695371818939246,9,2356
0.28,0.67,1.9,30s,30,155.20781598089263,8.40083653345098,2.80027884448366,9,868
0.28,0.67,1.9,60s,60,154.88514718415405,13.53503156487827,4.511677188292757,9,1647
0.28,0.67,1.9,90s,90,161.3460268412051,13.645629389549942,4.548543129849981,9,2342
0.28,0.67,2.0,30s,30,153.78252480971398,8.460484612527265,2.8201615375090885,9,904
0.28,0.67,2.0,60s,60,154.02868240806595,11.620882784421282,3.8736275948070937,9,1642
0.28,0.67,2.0,90s,90,160.76093781553521,13.790158317547288,4.596719439182429,9,2399
0.28,0.68,1.0,30s,30,161.86008152155011,17.285959395335478,5.761986465111826,9,907
0.28,0.68,1.0,60s,60,157.34817811552608,9.192585238820822,3.064195079606941,9,1666
0.28,0.68,1.0,90s,90,167.82409517160193,18.29495041802409,6.09831680600803,9,2339
0.28,0.68,1.1,30s,30,159.90020727772668,11.536636375150403,3.8455454583834676,9,893
0.28,0.68,1.1,60s,60,158.1260013543365,9.123928993698327,3.041309664566109,9,1583
0.28,0.68,1.1,90s,90,166.9215451084884,17.005778353767777,5.668592784589259,9,2326
0.28,0.68,1.2,30s,30,159.0320270142746,13.577975732348895,4.525991910782965,9,914
0.28,0.68,1.2,60s,60,157.4830400280991,8.350654021447168,2.7835513404823895,9,1651
0.28,0.68,1.2,90s,90,167.01493797259047,16.345072622760807,5.448357540920269,9,2344
0.28,0.68,1.3,30s,30,157.08326511338225,12.729073565000666,4.2430245216668885,9,899
0.28,0.68,1.3,60s,60,156.6656003653805,9.324013663624557,3.108004554541519,9,1636
0.28,0.68,1.3,90s,90,169.10055895120536,17.2417291981826,5.747243066060867,9,2391
0.28,0.68,1.4,30s,30,158.81268674270532,11.175728195628853,3.725242731876284,9,902
0.28,0.68,1.4,60s,60,155.6666001455516,10.734215487658842,3.578071829219614,9,1662
0.28,0.68,1.4,90s,90,167.38714368431147,18.784798532257344,6.261599510752448,9,2341
0.28,0.68,1.5,30s,30,160.463118080772,13.645477070821817,4.5484923569406055,9,913
0.28,0.68,1.5,60s,60,155.6196405868824,10.672273139121916,3.5574243797073053,9,1616
0.28,0.68,1.5,90s,90,166.52275877896173,16.91313884818857,5.63771294939619,9,2364
0.28,0.68,1.6,30s,30,159.0932040735831,9.991964899445941,3.3306549664819802,9,869
0.28,0.68,1.6,60s,60,156.94917663486362,12.028538419800938,4.009512806600313,9,1659
0.28,0.68,1.6,90s,90,165.78261146628432,17.778798417617807,5.926266139205936,9,2347
0.28,0.68,1.7,30s,30,155.1576214087284,9.182120972436906,3.0607069908123017,9,890
0.28,0.68,1.7,60s,60,157.2767525765436,12.840456685017184,4.280152228339062,9,1680
0.28,0.68,1.7,90s,90,165.8960041693494,16.351474329999245,5.450491443333082,9,2380
0.28,0.68,1.8,30s,30,157.0048997412653,10.216819662491154,3.405606554163718,9,916
0.28,0.68,1.8,60s,60,155.88786186497885,11.873905506182709,3.957968502060903,9,1685
0.28,0.68,1.8,90s,90,165.72319638544965,16.024658878640057,5.341552959546686,9,2370
0.28,0.68,1.9,30s,30,156.19794931242765,8.606497078166118,2.868832359388706,9,886
0.28,0.68,1.9,60s,60,154.65894400603864,11.4932135309379,3.8310711769793,9,1631
0.28,0.68,1.9,90s,90,163.6823221653832,14.448407004195113,4.816135668065038,9,2357
0.28,0.68,2.0,30s,30,158.3700935637696,7.380742081974784,2.4602473606582613,9,891
0.28,0.68,2.0,60s,60,155.4835179403995,12.379152741659482,4.1263842472198276,9,1677
0.28,0.68,2.0,90s,90,163.38493089623347,15.84247516693992,5.28082505564664,9,2387
0.28,0.69,1.0,30s,30,164.70861541841543,14.905646708083315,4.9685489026944385,9,918
0.28,0.69,1.0,60s,60,159.0521323166886,9.605004639939205,3.2016682133130683,9,1619
0.28,0.69,1.0,90s,90,168.8743921675518,20.12785354084199,6.709284513613997,9,2359
0.28,0.69,1.1,30s,30,163.43001258288092,12.428500203996599,4.1428334013322,9,936
0.28,0.69,1.1,60s,60,159.3296695086313,7.781794325351821,2.59393144178394,9,1683
0.28,0.69,1.1,90s,90,168.48380242174974,17.839355672749694,5.946451890916564,9,2366
0.28,0.69,1.2,30s,30,163.29553188446766,12.566775322714072,4.188925107571357,9,955
0.28,0.69,1.2,60s,60,160.09381543780597,8.47435927952816,2.824786426509387,9,1649
0.28,0.69,1.2,90s,90,170.73554363609693,19.85862468800581,6.619541562668604,9,2357
0.28,0.69,1.3,30s,30,161.91303128918653,11.233121666010343,3.7443738886701143,9,911
0.28,0.69,1.3,60s,60,157.30515301818875,11.559240637594005,3.853080212531335,9,1587
0.28,0.69,1.3,90s,90,168.74568999644973,19.485902636465603,6.495300878821868,9,2369
0.28,0.69,1.4,30s,30,160.86252961511974,14.50163050558301,4.833876835194337,9,903
0.28,0.69,1.4,60s,60,157.82873891457498,9.314401963084205,3.1048006543614015,9,1642
0.28,0.69,1.4,90s,90,168.96070066072883,18.82511573591384,6.275038578637947,9,2369
0.28,0.69,1.5,30s,30,162.77332293861105,12.047222460573387,4.015740820191129,9,897
0.28,0.69,1.5,60s,60,156.92192906457169,10.79215687430855,3.5973856247695166,9,1599
0.28,0.69,1.5,90s,90,167.9169753010115,16.992847633764757,5.664282544588253,9,2338
0.28,0.69,1.6,30s,30,161.7621166938071,9.90233503381125,3.3007783446037497,9,898
0.28,0.69,1.6,60s,60,157.29521107898228,10.972607727773937,3.657535909257979,9,1623
0.28,0.69,1.6,90s,90,166.4064951827011,18.094721314167206,6.031573771389069,9,2274
0.28,0.69,1.7,30s,30,159.58625162605568,9.359083269944696,3.1196944233148987,9,885
0.28,0.69,1.7,60s,60,157.89812443329797,11.80045169807589,3.9334838993586296,9,1649
0.28,0.69,1.7,90s,90,168.51642892661351,20.505560690475683,6.835186896825228,9,2304
0.28,0.69,1.8,30s,30,159.29652598466586,10.076327125027793,3.358775708342598,9,878
0.28,0.69,1.8,60s,60,157.25368483783535,11.38667701114452,3.7955590037148403,9,1698
0.28,0.69,1.8,90s,90,166.52307111000383,17.157534510648794,5.7191781702162645,9,2390
0.28,0.69,1.9,30s,30,158.91385458880256,9.066344934313115,3.0221149781043715,9,905
0.28,0.69,1.9,60s,60,156.8952663813265,11.886715605018372,3.962238535006124,9,1656
0.28,0.69,1.9,90s,90,165.53184063145406,14.992887166260653,4.997629055420218,9,2407
0.28,0.69,2.0,30s,30,157.03633239343927,5.990319624281135,1.9967732080937115,9,873
0.28,0.69,2.0,60s,60,156.68239892402866,11.644080162924727,3.8813600543082423,9,1647
0.28,0.69,2.0,90s,90,164.7867058023864,14.207335089717356,4.735778363239119,9,2380
0.28,0.7,1.0,30s,30,167.496760234409,17.95563006404973,5.98521002134991,9,908
0.28,0.7,1.0,60s,60,159.98035413797828,10.268659930893378,3.422886643631126,9,1638
0.28,0.7,1.0,90s,90,172.21848141636644,16.859785406113932,5.619928468704644,9,2377
0.28,0.7,1.1,30s,30,162.60665244861414,12.054281910183638,4.018093970061213,9,906
0.28,0.7,1.1,60s,60,161.5517779878006,8.8585720596498,2.9528573532166003,9,1630
0.28,0.7,1.1,90s,90,172.32908982428955,18.261229755251236,6.087076585083746,9,2365
0.28,0.7,1.2,30s,30,163.29646981249206,16.51472183879826,5.504907279599419,9,924
0.28,0.7,1.2,60s,60,159.81591181029728,10.238844215987884,3.4129480719959613,9,1655
0.28,0.7,1.2,90s,90,172.15264731444455,18.410881423203826,6.136960474401275,9,2351
0.28,0.7,1.3,30s,30,161.18742699713772,13.099217948276378,4.366405982758793,9,925
0.28,0.7,1.3,60s,60,161.64033357353412,8.425734886842296,2.8085782956140988,9,1608
0.28,0.7,1.3,90s,90,171.8264685871727,16.20253366033234,5.400844553444113,9,2388
0.28,0.7,1.4,30s,30,162.260727574949,13.811720209842518,4.603906736614173,9,926
0.28,0.7,1.4,60s,60,159.5698831536195,12.053246223367303,4.017748741122435,9,1675
0.28,0.7,1.4,90s,90,171.29805727972746,15.710275870334215,5.2367586234447385,9,2363
0.28,0.7,1.5,30s,30,161.58839907660783,11.819815612234658,3.9399385374115528,9,895
0.28,0.7,1.5,60s,60,159.03076869283805,11.670766655096612,3.890255551698871,9,1647
0.28,0.7,1.5,90s,90,170.66703931149002,18.31361993658712,6.104539978862373,9,2360
0.28,0.7,1.6,30s,30,161.260005491927,11.176849886399326,3.7256166287997754,9,898
0.28,0.7,1.6,60s,60,159.27511300875645,12.345340214407345,4.1151134048024485,9,1629
0.28,0.7,1.6,90s,90,167.6957744056727,13.897818552790943,4.632606184263648,9,2298
0.28,0.7,1.7,30s,30,161.80624212424917,10.579587940985904,3.526529313661968,9,871
0.28,0.7,1.7,60s,60,157.33221244845342,11.250650420962241,3.7502168069874138,9,1630
0.28,0.7,1.7,90s,90,171.6359720871877,18.611533074981857,6.203844358327285,9,2373
0.28,0.7,1.8,30s,30,161.63780507185945,8.120726977613812,2.706908992537937,9,906
0.28,0.7,1.8,60s,60,159.9223637259461,14.409962471999808,4.803320823999936,9,1643
0.28,0.7,1.8,90s,90,170.29316136707456,18.47983699249185,6.15994566416395,9,2391
0.28,0.7,1.9,30s,30,160.41752913974247,8.433353877763505,2.8111179592545015,9,881
0.28,0.7,1.9,60s,60,158.5693347509274,12.197020881826951,4.06567362727565,9,1616
0.28,0.7,1.9,90s,90,168.86694868516264,17.967686180166037,5.989228726722012,9,2368
0.28,0.7,2.0,30s,30,158.1288153015083,8.129122967623282,2.709707655874427,9,910
0.28,0.7,2.0,60s,60,158.27711550931494,12.768051204821758,4.256017068273919,9,1641
0.28,0.7,2.0,90s,90,169.60422531243364,18.11186919155841,6.037289730519469,9,2375
0.28,0.71,1.0,30s,30,166.64611396765332,14.457544057669098,4.819181352556366,9,910
0.28,0.71,1.0,60s,60,162.91658655901762,9.025480147768684,3.0084933825895614,9,1645
0.28,0.71,1.0,90s,90,174.59753937144734,18.608675875077367,6.202891958359122,9,2335
0.28,0.71,1.1,30s,30,166.09921640529421,13.993625602276115,4.664541867425371,9,904
0.28,0.71,1.1,60s,60,163.24734647325153,6.87767264043251,2.2925575468108366,9,1686
0.28,0.71,1.1,90s,90,172.43445253027107,16.025950945479877,5.341983648493293,9,2336
0.28,0.71,1.2,30s,30,166.24013433206514,14.910063607551747,4.970021202517249,9,911
0.28,0.71,1.2,60s,60,161.53503793690626,8.307458083775055,2.769152694591685,9,1607
0.28,0.71,1.2,90s,90,173.94330851241455,17.795108344371148,5.931702781457049,9,2334
0.28,0.71,1.3,30s,30,165.37257377073243,13.938973991158733,4.646324663719578,9,910
0.28,0.71,1.3,60s,60,161.79397039040535,8.091437185933174,2.6971457286443914,9,1659
0.28,0.71,1.3,90s,90,172.57781993855255,18.224773182627427,6.074924394209142,9,2343
0.28,0.71,1.4,30s,30,163.09554138924548,12.18697129887815,4.0623237662927165,9,900
0.28,0.71,1.4,60s,60,159.1856131248552,11.224988161958397,3.741662720652799,9,1675
0.28,0.71,1.4,90s,90,172.85699399190858,16.55419034253089,5.518063447510297,9,2359
0.28,0.71,1.5,30s,30,164.51446601683836,12.516355135130432,4.172118378376811,9,884
0.28,0.71,1.5,60s,60,159.93194832330795,11.620244339889199,3.8734147799630665,9,1662
0.28,0.71,1.5,90s,90,172.58114896037785,17.326889042722634,5.775629680907545,9,2362
0.28,0.71,1.6,30s,30,162.8290311141809,10.30251528791009,3.4341717626366965,9,894
0.28,0.71,1.6,60s,60,160.69439696693937,11.134736217101395,3.7115787390337984,9,1681
0.28,0.71,1.6,90s,90,174.46276838129853,19.718804700947615,6.572934900315872,9,2433
0.28,0.71,1.7,30s,30,164.4727111634565,11.101395571528585,3.700465190509528,9,896
0.28,0.71,1.7,60s,60,161.4005866399492,12.522954822446598,4.174318274148866,9,1622
0.28,0.71,1.7,90s,90,172.18288786793812,17.039480623949,5.679826874649667,9,2362
0.28,0.71,1.8,30s,30,163.47925970997025,10.450357198000368,3.4834523993334563,9,868
0.28,0.71,1.8,60s,60,160.26885250633296,11.537334722654283,3.8457782408847607,9,1624
0.28,0.71,1.8,90s,90,170.65432755541303,16.67435117403737,5.558117058012456,9,2326
0.28,0.71,1.9,30s,30,162.26192345135755,10.721154595104299,3.5737181983680997,9,916
0.28,0.71,1.9,60s,60,158.7951221235069,12.311492064535928,4.103830688178642,9,1630
0.28,0.71,1.9,90s,90,169.74058226029553,14.897488736130384,4.965829578710128,9,2353
0.28,0.71,2.0,30s,30,161.40601461483988,7.967665541391104,2.6558885137970347,9,845
0.28,0.71,2.0,60s,60,160.02613699860441,12.516242236334776,4.172080745444926,9,1623
0.28,0.71,2.0,90s,90,168.78847068820468,14.236064968007524,4.7453549893358415,9,2348
0.28,0.72,1.0,30s,30,169.73604692924917,16.20470707460342,5.401569024867807,9,890
0.28,0.72,1.0,60s,60,164.7466623162987,6.857984386552699,2.2859947955175666,9,1646
0.28,0.72,1.0,90s,90,171.9502198086285,14.793676737037647,4.9312255790125485,9,2331
0.28,0.72,1.1,30s,30,165.89813905047367,14.208550439879403,4.736183479959801,9,917
0.28,0.72,1.1,60s,60,163.55758542933302,8.461977244420595,2.8206590814735315,9,1598
0.28,0.72,1.1,90s,90,173.08716713207954,15.65182041871189,5.217273472903964,9,2325
0.28,0.72,1.2,30s,30,164.40842285679634,12.662007958625855,4.220669319541952,9,873
0.28,0.72,1.2,60s,60,164.5767118702166,11.930673269578806,3.976891089859602,9,1640
0.28,0.72,1.2,90s,90,176.77205807733256,19.099807439287613,6.366602479762538,9,2349
0.28,0.72,1.3,30s,30,166.0772431773429,13.963699388308907,4.654566462769636,9,907
0.28,0.72,1.3,60s,60,163.7500620499397,8.841121155306265,2.9470403851020883,9,1675
0.28,0.72,1.3,90s,90,174.70827964258368,16.264461643609838,5.421487214536612,9,2385
0.28,0.72,1.4,30s,30,165.69415058062546,15.245213715821677,5.081737905273893,9,889
0.28,0.72,1.4,60s,60,161.3288166003462,11.972445954409563,3.990815318136521,9,1670
0.28,0.72,1.4,90s,90,174.87938771719212,18.3563223410453,6.118774113681766,9,2374
0.28,0.72,1.5,30s,30,164.11322210651204,14.041534519123624,4.6805115063745415,9,896
0.28,0.72,1.5,60s,60,162.37317948942353,11.276325889950108,3.758775296650036,9,1659
0.28,0.72,1.5,90s,90,172.26754203776557,15.780807769962705,5.260269256654235,9,2318
0.28,0.72,1.6,30s,30,163.6989087079548,12.959605691699146,4.319868563899715,9,886
0.28,0.72,1.6,60s,60,161.25801909411683,10.584956401937948,3.5283188006459825,9,1611
0.28,0.72,1.6,90s,90,171.67831742143346,15.528788628942436,5.176262876314145,9,2292
0.28,0.72,1.7,30s,30,163.1011076831054,10.51128705489379,3.5037623516312633,9,871
0.28,0.72,1.7,60s,60,162.33856736984723,10.832928733223138,3.6109762444077127,9,1649
0.28,0.72,1.7,90s,90,172.33839592553102,16.39548374478868,5.465161248262894,9,2340
0.28,0.72,1.8,30s,30,163.6151126872704,12.107396395813126,4.035798798604375,9,897
0.28,0.72,1.8,60s,60,160.97868336865366,9.7532829865858,3.2510943288619334,9,1676
0.28,0.72,1.8,90s,90,173.14262521030315,18.11426318087756,6.038087726959187,9,2325
0.28,0.72,1.9,30s,30,161.78400443331878,10.1936162839891,3.397872094663033,9,880
0.28,0.72,1.9,60s,60,160.57982520225775,11.552712492720314,3.8509041642401045,9,1669
0.28,0.72,1.9,90s,90,171.7145419430906,16.48401547912853,5.494671826376177,9,2370
0.28,0.72,2.0,30s,30,161.32916957182007,9.456396244205365,3.1521320814017884,9,882
0.28,0.72,2.0,60s,60,161.8611698266205,9.91549278766858,3.3051642625561932,9,1617
0.28,0.72,2.0,90s,90,171.50940520051017,15.180876713232164,5.060292237744055,9,2344
0.28,0.73,1.0,30s,30,167.0592013291274,16.38039779520817,5.460132598402724,9,915
0.28,0.73,1.0,60s,60,167.02221966059696,7.923592069578476,2.6411973565261584,9,1665
0.28,0.73,1.0,90s,90,174.88345498144307,17.02407305800665,5.67469101933555,9,2387
0.28,0.73,1.1,30s,30,168.89187018440919,14.60430993110006,4.868103310366687,9,908
0.28,0.73,1.1,60s,60,165.59887665924575,11.032268050209504,3.6774226834031682,9,1657
0.28,0.73,1.1,90s,90,177.04036957358124,17.745021026134665,5.915007008711555,9,2360
0.28,0.73,1.2,30s,30,165.05993767645313,14.551786802316542,4.850595600772181,9,859
0.28,0.73,1.2,60s,60,165.98965737149385,10.486845289418934,3.495615096472978,9,1585
0.28,0.73,1.2,90s,90,177.34387599262897,18.85047954038039,6.283493180126797,9,2370
0.28,0.73,1.3,30s,30,166.94163563775567,14.929829863031328,4.976609954343776,9,901
0.28,0.73,1.3,60s,60,165.29064552650223,11.188343104511555,3.7294477015038514,9,1663
0.28,0.73,1.3,90s,90,177.64912375682817,19.71487982465388,6.571626608217961,9,2370
0.28,0.73,1.4,30s,30,165.78630270801622,11.879187000690663,3.959729000230221,9,907
0.28,0.73,1.4,60s,60,162.7931498882493,11.805588983949363,3.935196327983121,9,1670
0.28,0.73,1.4,90s,90,177.86488359341968,19.60558054934461,6.535193516448203,9,2343
0.28,0.73,1.5,30s,30,166.805284628545,15.101521220258633,5.033840406752877,9,873
0.28,0.73,1.5,60s,60,165.08281737038047,11.726240732268582,3.9087469107561943,9,1680
0.28,0.73,1.5,90s,90,175.1909522235766,17.825838625268407,5.941946208422802,9,2351
0.28,0.73,1.6,30s,30,164.87649167247798,12.496279718499343,4.165426572833114,9,882
0.28,0.73,1.6,60s,60,163.91844890082294,11.566591007686077,3.855530335895359,9,1686
0.28,0.73,1.6,90s,90,177.9745983218856,20.616436989130285,6.872145663043429,9,2397
0.28,0.73,1.7,30s,30,164.18394058251474,12.968906334649118,4.322968778216373,9,905
0.28,0.73,1.7,60s,60,164.4601774371204,11.37923163643169,3.793077212143897,9,1627
0.28,0.73,1.7,90s,90,174.9091634775617,17.22834138569299,5.742780461897663,9,2333
0.28,0.73,1.8,30s,30,162.94616372550274,12.348008870055484,4.116002956685161,9,891
0.28,0.73,1.8,60s,60,166.218014796242,12.618552306313617,4.206184102104539,9,1650
0.28,0.73,1.8,90s,90,175.0072189998259,16.535277988118555,5.511759329372851,9,2394
0.28,0.73,1.9,30s,30,162.8730699982783,10.596593492105182,3.5321978307017274,9,882
0.28,0.73,1.9,60s,60,162.99593289214002,11.557225626164621,3.852408542054874,9,1630
0.28,0.73,1.9,90s,90,172.09652451445447,14.323643104204308,4.774547701401436,9,2298
0.28,0.73,2.0,30s,30,161.2179746492046,10.952114231667212,3.6507047438890705,9,881
0.28,0.73,2.0,60s,60,165.29109286881314,13.058206829578392,4.352735609859464,9,1655
0.28,0.73,2.0,90s,90,172.8969230586469,17.20403237236353,5.734677457454509,9,2351
0.28,0.74,1.0,30s,30,173.98960415897986,18.65765754404626,6.219219181348753,9,867
0.28,0.74,1.0,60s,60,168.40602277299888,12.435825654160734,4.145275218053578,9,1631
0.28,0.74,1.0,90s,90,179.0674686787803,20.75079630324437,6.916932101081457,9,2383
0.28,0.74,1.1,30s,30,168.71710410850707,14.163295121009169,4.721098373669723,9,903
0.28,0.74,1.1,60s,60,169.75894289190424,11.920378536776576,3.973459512258859,9,1627
0.28,0.74,1.1,90s,90,181.23624240991342,21.51668258871918,7.17222752957306,9,2353
0.28,0.74,1.2,30s,30,167.30616241523583,13.465348575806013,4.488449525268671,9,898
0.28,0.74,1.2,60s,60,168.82300672438157,13.882620712187027,4.627540237395675,9,1622
0.28,0.74,1.2,90s,90,178.09067039898812,16.339014753385612,5.446338251128537,9,2422
0.28,0.74,1.3,30s,30,166.85520803763018,14.883454780647671,4.961151593549224,9,905
0.28,0.74,1.3,60s,60,168.60982942936784,11.520239349195307,3.8400797830651023,9,1646
0.28,0.74,1.3,90s,90,178.13195715506134,18.84240653175498,6.280802177251659,9,2325
0.28,0.74,1.4,30s,30,167.41349629662668,13.044321736279231,4.3481072454264105,9,904
0.28,0.74,1.4,60s,60,167.04388826225167,11.883162412465772,3.9610541374885906,9,1667
0.28,0.74,1.4,90s,90,180.2940150048418,22.290205871337992,7.430068623779331,9,2342
0.28,0.74,1.5,30s,30,167.25497663381782,13.142264732868318,4.380754910956106,9,875
0.28,0.74,1.5,60s,60,167.00824355555403,13.141021796424877,4.380340598808292,9,1644
0.28,0.74,1.5,90s,90,180.85950665460513,21.24712223517433,7.082374078391443,9,2373
0.28,0.74,1.6,30s,30,165.45793220373926,11.934043417623561,3.978014472541187,9,873
0.28,0.74,1.6,60s,60,168.95770815806281,12.544638318055572,4.181546106018524,9,1650
0.28,0.74,1.6,90s,90,178.23327898485692,20.020794332530514,6.673598110843504,9,2350
0.28,0.74,1.7,30s,30,164.43920356697328,9.76182296654704,3.2539409888490134,9,858
0.28,0.74,1.7,60s,60,166.97519041421322,11.618838611477463,3.872946203825821,9,1581
0.28,0.74,1.7,90s,90,176.92964800743732,16.096112670770385,5.365370890256795,9,2339
0.28,0.74,1.8,30s,30,167.42855153357658,12.83784027655499,4.2792800921849965,9,881
0.28,0.74,1.8,60s,60,166.38969762801548,12.275864458793583,4.091954819597861,9,1643
0.28,0.74,1.8,90s,90,174.8255226167572,16.3150006826671,5.438333560889034,9,2305
0.28,0.74,1.9,30s,30,163.31705859556988,10.442115188484278,3.480705062828093,9,846
0.28,0.74,1.9,60s,60,166.7048262973987,13.930717065065615,4.643572355021871,9,1669
0.28,0.74,1.9,90s,90,176.3421131549051,17.446201344980423,5.815400448326808,9,2383
0.28,0.74,2.0,30s,30,164.77394999048624,9.103189601695291,3.0343965338984304,9,881
0.28,0.74,2.0,60s,60,166.84248196838672,12.804770524558064,4.268256841519355,9,1662
0.28,0.74,2.0,90s,90,175.99527813530938,16.501574935406623,5.500524978468874,9,2353
0.28,0.75,1.0,30s,30,172.9100548010414,15.567971034031064,5.189323678010354,9,879
0.28,0.75,1.0,60s,60,169.93964693200945,12.290833685127879,4.096944561709293,9,1698
0.28,0.75,1.0,90s,90,178.66708984021395,18.477380336480806,6.159126778826935,9,2305
0.28,0.75,1.1,30s,30,170.98538567550972,14.847733429662382,4.949244476554127,9,891
0.28,0.75,1.1,60s,60,172.1335604016694,13.396629715585702,4.465543238528567,9,1675
0.28,0.75,1.1,90s,90,180.2649497055649,20.120426815831262,6.706808938610421,9,2391
0.28,0.75,1.2,30s,30,169.70546525253042,13.173561279527117,4.391187093175706,9,875
0.28,0.75,1.2,60s,60,169.30965904523023,12.844750055066452,4.281583351688817,9,1644
0.28,0.75,1.2,90s,90,179.05518677126065,19.623303439646644,6.541101146548882,9,2334
0.28,0.75,1.3,30s,30,168.97693288983032,15.539573532198565,5.179857844066189,9,918
0.28,0.75,1.3,60s,60,170.49173574714308,13.056659068055865,4.352219689351955,9,1631
0.28,0.75,1.3,90s,90,177.0930489786312,15.557069140439541,5.185689713479847,9,2390
0.28,0.75,1.4,30s,30,168.14001490243265,12.373006226200875,4.124335408733625,9,901
0.28,0.75,1.4,60s,60,167.80015741947182,13.379826995354339,4.45994233178478,9,1626
0.28,0.75,1.4,90s,90,181.1121631529218,20.74459156542721,6.9148638551424035,9,2327
0.28,0.75,1.5,30s,30,169.44746677616752,11.560890806918827,3.8536302689729425,9,880
0.28,0.75,1.5,60s,60,168.7396386288348,12.495403830990044,4.165134610330015,9,1628
0.28,0.75,1.5,90s,90,179.85689311770213,18.629309249163356,6.209769749721119,9,2359
0.28,0.75,1.6,30s,30,167.10028283584313,11.594538583411337,3.8648461944704455,9,869
0.28,0.75,1.6,60s,60,168.58389829549625,13.592578314570986,4.530859438190329,9,1642
0.28,0.75,1.6,90s,90,178.05901953777612,18.991857308536595,6.330619102845532,9,2338
0.28,0.75,1.7,30s,30,166.71921059748263,10.60064857822486,3.533549526074953,9,873
0.28,0.75,1.7,60s,60,169.44774223149426,12.922967099531377,4.307655699843792,9,1608
0.28,0.75,1.7,90s,90,178.94421300037854,18.473815766352118,6.157938588784039,9,2348
0.28,0.75,1.8,30s,30,166.66018269709537,9.689693582628628,3.2298978608762092,9,870
0.28,0.75,1.8,60s,60,169.50821939251614,14.069813880434152,4.689937960144717,9,1645
0.28,0.75,1.8,90s,90,178.49644777353717,17.452102599356646,5.817367533118882,9,2413
0.28,0.75,1.9,30s,30,164.82141918337794,8.051951943858736,2.683983981286245,9,898
0.28,0.75,1.9,60s,60,167.53590251111916,12.074314403997057,4.024771467999019,9,1637
0.28,0.75,1.9,90s,90,175.2031005822929,14.076021328659925,4.692007109553308,9,2363
0.28,0.75,2.0,30s,30,164.86055451551462,11.603370088906075,3.8677900296353585,9,887
0.28,0.75,2.0,60s,60,167.99619910167286,13.314750241619805,4.438250080539935,9,1650
0.28,0.75,2.0,90s,90,176.69166950840756,15.574210218817319,5.19140340627244,9,2359
0.28,0.76,1.0,30s,30,170.99500447202493,15.617408786531497,5.205802928843832,9,910
0.28,0.76,1.0,60s,60,170.32557462041686,11.468549922229817,3.8228499740766058,9,1646
0.28,0.76,1.0,90s,90,179.54545623439947,17.8526672107181,5.950889070239366,9,2330
0.28,0.76,1.1,30s,30,174.24706029924116,15.661245643356128,5.220415214452043,9,892
0.28,0.76,1.1,60s,60,170.21971342005065,12.650201500308638,4.216733833436213,9,1573
0.28,0.76,1.1,90s,90,178.88294713719102,14.533088280029343,4.844362760009781,9,2367
0.28,0.76,1.2,30s,30,171.45461944014295,12.547939112831285,4.182646370943762,9,885
0.28,0.76,1.2,60s,60,170.48683100200762,13.031440190524984,4.343813396841662,9,1650
0.28,0.76,1.2,90s,90,179.52315014699664,14.793532329329325,4.9311774431097755,9,2396
0.28,0.76,1.3,30s,30,169.49499450436514,12.9340920218783,4.311364007292767,9,880
0.28,0.76,1.3,60s,60,171.26020875123407,13.070091402527623,4.3566971341758745,9,1667
0.28,0.76,1.3,90s,90,183.78011540651255,21.806611548279974,7.268870516093325,9,2327
0.28,0.76,1.4,30s,30,171.76872031176174,11.965691007676256,3.9885636692254187,9,902
0.28,0.76,1.4,60s,60,170.62282152903293,14.52930131118409,4.843100437061364,9,1625
0.28,0.76,1.4,90s,90,182.44344042118226,21.76385203687822,7.254617345626073,9,2342
0.28,0.76,1.5,30s,30,169.626747941501,12.46660027462699,4.155533424875663,9,899
0.28,0.76,1.5,60s,60,169.40794619108254,11.522236824806184,3.840745608268728,9,1613
0.28,0.76,1.5,90s,90,183.690420297396,19.95585509051733,6.6519516968391095,9,2369
0.28,0.76,1.6,30s,30,168.36772093025647,8.244852727224936,2.748284242408312,9,858
0.28,0.76,1.6,60s,60,169.52663709789985,13.15612325676091,4.385374418920303,9,1636
0.28,0.76,1.6,90s,90,182.0438083020673,19.135331512974933,6.378443837658311,9,2403
0.28,0.76,1.7,30s,30,168.05334460190517,10.304872544457945,3.434957514819315,9,890
0.28,0.76,1.7,60s,60,169.01670186297866,14.451508955779127,4.817169651926376,9,1648
0.28,0.76,1.7,90s,90,181.1676720697241,21.306370403793615,7.102123467931205,9,2307
0.28,0.76,1.8,30s,30,168.08993026738142,9.803934813874804,3.2679782712916015,9,864
0.28,0.76,1.8,60s,60,168.03373711711546,12.376135785574526,4.125378595191509,9,1649
0.28,0.76,1.8,90s,90,178.39457934823437,15.49202615110632,5.16400871703544,9,2357
0.28,0.76,1.9,30s,30,166.56168864362016,9.363018342396499,3.1210061141321663,9,868
0.28,0.76,1.9,60s,60,167.78820035747924,13.070610398002426,4.356870132667475,9,1603
0.28,0.76,1.9,90s,90,179.88303663357848,19.954099028078033,6.651366342692678,9,2410
0.28,0.76,2.0,30s,30,166.08655943879884,9.997240751487054,3.332413583829018,9,872
0.28,0.76,2.0,60s,60,167.31631445416653,11.915580625262766,3.9718602084209222,9,1626
0.28,0.76,2.0,90s,90,179.0857926023436,19.173351446440332,6.391117148813444,9,2344
0.28,0.77,1.0,30s,30,174.9692895973149,18.15766993237733,6.052556644125777,9,866
0.28,0.77,1.0,60s,60,171.11515825357887,12.54190329127347,4.18063443042449,9,1632
0.28,0.77,1.0,90s,90,183.3589247973004,21.17169564143223,7.05723188047741,9,2337
0.28,0.77,1.1,30s,30,174.1409242211698,13.123279381227356,4.3744264604091185,9,895
0.28,0.77,1.1,60s,60,171.2102218625456,14.931452624010765,4.977150874670255,9,1612
0.28,0.77,1.1,90s,90,183.89701172397724,19.348757983325836,6.449585994441946,9,2342
0.28,0.77,1.2,30s,30,170.43820897597365,12.22480449906427,4.074934833021423,9,922
0.28,0.77,1.2,60s,60,169.74718381047958,11.636409772860063,3.878803257620021,9,1623
0.28,0.77,1.2,90s,90,184.13380535250573,20.01483652524366,6.671612175081219,9,2344
0.28,0.77,1.3,30s,30,169.25606521331076,10.10122236547786,3.367074121825953,9,898
0.28,0.77,1.3,60s,60,169.77156741388677,13.88628413433208,4.628761378110693,9,1627
0.28,0.77,1.3,90s,90,183.5893321587919,19.29811953895144,6.432706512983813,9,2303
0.28,0.77,1.4,30s,30,171.6704783851576,12.578254315478366,4.192751438492789,9,923
0.28,0.77,1.4,60s,60,169.9351206183425,13.140484135019584,4.380161378339861,9,1639
0.28,0.77,1.4,90s,90,184.09657460129867,20.859019575949866,6.9530065253166216,9,2328
0.28,0.77,1.5,30s,30,171.81293664060956,10.895891184383807,3.6319637281279356,9,908
0.28,0.77,1.5,60s,60,169.81030581121573,15.845728126517765,5.281909375505921,9,1702
0.28,0.77,1.5,90s,90,182.4362073965403,16.504269578437405,5.501423192812468,9,2351
0.28,0.77,1.6,30s,30,169.88106824219938,11.499893105600808,3.833297701866936,9,882
0.28,0.77,1.6,60s,60,172.28697125831505,17.07551354437449,5.69183784812483,9,1607
0.28,0.77,1.6,90s,90,183.67638439514326,17.735563220943103,5.911854406981035,9,2356
0.28,0.77,1.7,30s,30,168.61475073234396,10.316873216311894,3.438957738770631,9,883
0.28,0.77,1.7,60s,60,170.37480172827466,14.841532688002424,4.947177562667474,9,1662
0.28,0.77,1.7,90s,90,180.32180633634505,16.601181238653936,5.533727079551312,9,2293
0.28,0.77,1.8,30s,30,168.50048115575288,9.321943836266962,3.1073146120889876,9,872
0.28,0.77,1.8,60s,60,168.88073490483507,14.56988047027555,4.8566268234251835,9,1672
0.28,0.77,1.8,90s,90,180.02744640423109,17.470319428731333,5.823439809577111,9,2331
0.28,0.77,1.9,30s,30,168.81563847982616,8.51992389884251,2.8399746329475035,9,915
0.28,0.77,1.9,60s,60,169.3563292217339,15.03009919595025,5.01003306531675,9,1676
0.28,0.77,1.9,90s,90,179.72630049386316,16.007231632310063,5.335743877436688,9,2354
0.28,0.77,2.0,30s,30,167.0352375004853,9.581313003892282,3.1937710012974274,9,884
0.28,0.77,2.0,60s,60,168.86221286566374,14.323424591414877,4.774474863804959,9,1672
0.28,0.77,2.0,90s,90,179.96276522063133,16.43925600049806,5.47975200016602,9,2353
0.28,0.78,1.0,30s,30,170.60356276441178,13.977331413330111,4.659110471110037,9,905
0.28,0.78,1.0,60s,60,173.85170217967564,15.203346009967444,5.067782003322481,9,1665
0.28,0.78,1.0,90s,90,184.09064585387225,21.47611954932726,7.158706516442421,9,2373
0.28,0.78,1.1,30s,30,172.5902478718939,12.994984005211734,4.331661335070578,9,888
0.28,0.78,1.1,60s,60,170.4870395296587,14.003086470937438,4.66769549031248,9,1617
0.28,0.78,1.1,90s,90,180.98353508933332,16.83929134296567,5.6130971143218895,9,2343
0.28,0.78,1.2,30s,30,170.93828371750126,11.442549545871664,3.814183181957221,9,920
0.28,0.78,1.2,60s,60,171.55966264059293,14.408341994115675,4.802780664705225,9,1587
0.28,0.78,1.2,90s,90,182.34233619660543,15.710616691199016,5.236872230399672,9,2331
0.28,0.78,1.3,30s,30,171.75729637524003,15.865847770742981,5.288615923580994,9,859
0.28,0.78,1.3,60s,60,170.61196858685207,14.077546769902675,4.692515589967559,9,1622
0.28,0.78,1.3,90s,90,183.0699885194369,17.181427589709216,5.727142529903072,9,2412
0.28,0.78,1.4,30s,30,171.27374206831334,13.050614273521475,4.350204757840491,9,889
0.28,0.78,1.4,60s,60,172.14034312391914,14.69402437932952,4.898008126443173,9,1601
0.28,0.78,1.4,90s,90,182.2946567648206,17.341908351140248,5.7806361170467495,9,2333
0.28,0.78,1.5,30s,30,171.2050270430342,11.61438300523077,3.87146100174359,9,921
0.28,0.78,1.5,60s,60,171.4621982237656,13.77825506133608,4.592751687112027,9,1618
0.28,0.78,1.5,90s,90,183.29780186244417,20.045059134439743,6.681686378146581,9,2313
0.28,0.78,1.6,30s,30,170.87317841274498,10.9780693941445,3.659356464714833,9,862
0.28,0.78,1.6,60s,60,170.6211338196986,15.12403497366433,5.041344991221443,9,1682
0.28,0.78,1.6,90s,90,182.71040847793532,20.671881871658577,6.890627290552859,9,2334
0.28,0.78,1.7,30s,30,167.96264455266606,10.121046742828208,3.3736822476094024,9,864
0.28,0.78,1.7,60s,60,171.3084473000117,15.297812284713329,5.09927076157111,9,1652
0.28,0.78,1.7,90s,90,182.4630515203852,18.962931080551297,6.320977026850432,9,2349
0.28,0.78,1.8,30s,30,169.73698281745388,8.398937693901278,2.7996458979670926,9,835
0.28,0.78,1.8,60s,60,170.23383996331196,15.486136093370993,5.162045364456998,9,1678
0.28,0.78,1.8,90s,90,181.48665002712715,19.72643568199657,6.575478560665523,9,2301
0.28,0.78,1.9,30s,30,168.83629745458333,10.575087810447512,3.5250292701491706,9,847
0.28,0.78,1.9,60s,60,169.45698257938517,14.374921842293663,4.791640614097887,9,1577
0.28,0.78,1.9,90s,90,180.43673236003872,16.688108174284803,5.562702724761601,9,2356
0.28,0.78,2.0,30s,30,168.1089544463631,10.38843341301418,3.4628111376713933,9,870
0.28,0.78,2.0,60s,60,170.18487849742638,15.451768737279963,5.150589579093321,9,1628
0.28,0.78,2.0,90s,90,177.86956773439607,16.150782545791568,5.383594181930523,9,2340
0.28,0.79,1.0,30s,30,173.5220103251972,14.304638138965723,4.768212712988574,9,874
0.28,0.79,1.0,60s,60,174.64100447775553,13.237621177514814,4.412540392504938,9,1620
0.28,0.79,1.0,90s,90,183.47694304702276,14.55043816542395,4.850146055141317,9,2308
0.28,0.79,1.1,30s,30,174.0561086610988,12.385720356215485,4.128573452071828,9,888
0.28,0.79,1.1,60s,60,172.5747729024128,13.333657945847856,4.444552648615952,9,1573
0.28,0.79,1.1,90s,90,185.53999159647339,17.16219737646741,5.720732458822471,9,2282
0.28,0.79,1.2,30s,30,169.34343264368167,11.01740080009544,3.672466933365147,9,896
0.28,0.79,1.2,60s,60,173.42356039170807,17.686899002060645,5.895633000686882,9,1592
0.28,0.79,1.2,90s,90,184.8633474563703,15.857927741177896,5.285975913725966,9,2363
0.28,0.79,1.3,30s,30,172.93668309224688,12.843692428006204,4.281230809335401,9,901
0.28,0.79,1.3,60s,60,172.97187722128643,14.647541226960232,4.882513742320078,9,1582
0.28,0.79,1.3,90s,90,185.82996172239118,16.245561620617963,5.4151872068726545,9,2363
0.28,0.79,1.4,30s,30,174.56528750443726,13.304151834936519,4.434717278312173,9,890
0.28,0.79,1.4,60s,60,172.02374811407788,16.504153536212865,5.501384512070955,9,1661
0.28,0.79,1.4,90s,90,186.6170732518666,20.173046687561627,6.7243488958538755,9,2380
0.28,0.79,1.5,30s,30,171.92452126942254,13.53474834820762,4.511582782735873,9,885
0.28,0.79,1.5,60s,60,171.9705999771826,14.405523983692119,4.801841327897373,9,1620
0.28,0.79,1.5,90s,90,186.49724043496335,18.573188238077922,6.191062746025974,9,2307
0.28,0.79,1.6,30s,30,172.87377893539124,9.67745018542384,3.2258167284746135,9,858
0.28,0.79,1.6,60s,60,172.4810162663081,15.303388989419412,5.101129663139804,9,1633
0.28,0.79,1.6,90s,90,185.47673391219215,21.948640609846215,7.316213536615405,9,2325
0.28,0.79,1.7,30s,30,170.14807989960931,11.446477039117138,3.815492346372379,9,882
0.28,0.79,1.7,60s,60,171.22708938985173,14.95752036957648,4.98584012319216,9,1647
0.28,0.79,1.7,90s,90,183.6426670382233,17.51742924345572,5.8391430811519065,9,2351
0.28,0.79,1.8,30s,30,170.34576760069393,8.389896354184184,2.7966321180613947,9,909
0.28,0.79,1.8,60s,60,173.72769037932315,15.386791732510673,5.128930577503557,9,1649
0.28,0.79,1.8,90s,90,185.10001929105033,18.09939622118519,6.033132073728397,9,2325
0.28,0.79,1.9,30s,30,168.08398202807481,8.563999076869246,2.854666358956415,9,856
0.28,0.79,1.9,60s,60,171.43179820481427,15.63190454338228,5.210634847794093,9,1597
0.28,0.79,1.9,90s,90,182.16385409037386,15.763644466665642,5.254548155555214,9,2287
0.28,0.79,2.0,30s,30,167.7788343323058,9.627128770318524,3.209042923439508,9,848
0.28,0.79,2.0,60s,60,172.8842629918403,15.93868728357179,5.312895761190597,9,1656
0.28,0.79,2.0,90s,90,180.7707992995427,16.043427110557257,5.347809036852419,9,2360
0.28,0.8,1.0,30s,30,177.4413563551399,14.656332848764675,4.885444282921559,9,899
0.28,0.8,1.0,60s,60,175.75833332123673,12.324210054547073,4.1080700181823575,9,1621
0.28,0.8,1.0,90s,90,188.04568873206372,16.323547325585327,5.441182441861776,9,2366
0.28,0.8,1.1,30s,30,177.12637229846843,15.0261331078644,5.0087110359548,9,865
0.28,0.8,1.1,60s,60,175.49918967666272,13.601949739600911,4.533983246533637,9,1557
0.28,0.8,1.1,90s,90,188.34097117764378,17.868515979252535,5.956171993084179,9,2358
0.28,0.8,1.2,30s,30,175.81981214590346,10.835266063914387,3.611755354638129,9,910
0.28,0.8,1.2,60s,60,178.26611207603662,15.30559335107779,5.101864450359264,9,1607
0.28,0.8,1.2,90s,90,187.03808779939712,16.14694958769428,5.382316529231427,9,2387
0.28,0.8,1.3,30s,30,176.0812007150729,10.878649428229284,3.626216476076428,9,880
0.28,0.8,1.3,60s,60,178.04831720417948,16.648835748617294,5.549611916205765,9,1585
0.28,0.8,1.3,90s,90,188.57816190179946,16.99402607862378,5.66467535954126,9,2349
0.28,0.8,1.4,30s,30,173.07347470234697,10.026808549181709,3.342269516393903,9,843
0.28,0.8,1.4,60s,60,173.7444662426224,14.674712372258533,4.891570790752844,9,1621
0.28,0.8,1.4,90s,90,188.079507890115,17.251007390019076,5.750335796673025,9,2336
0.28,0.8,1.5,30s,30,175.00055858226165,10.149466929462518,3.3831556431541725,9,872
0.28,0.8,1.5,60s,60,175.5343208175284,15.157736844088964,5.052578948029654,9,1647
0.28,0.8,1.5,90s,90,187.32131865413035,17.92709215580166,5.97569738526722,9,2303
0.28,0.8,1.6,30s,30,173.66995677825534,7.878315187739045,2.626105062579682,9,860
0.28,0.8,1.6,60s,60,176.7710407857836,16.902721193395326,5.634240397798442,9,1657
0.28,0.8,1.6,90s,90,188.48703029732536,18.39851505312806,6.132838351042687,9,2341
0.28,0.8,1.7,30s,30,171.61638452720092,9.914291787607944,3.304763929202648,9,858
0.28,0.8,1.7,60s,60,175.30851397896856,14.906001363866936,4.968667121288979,9,1654
0.28,0.8,1.7,90s,90,184.2872957809235,18.985940588195238,6.328646862731746,9,2292
0.28,0.8,1.8,30s,30,172.37582077928838,8.918314926824003,2.9727716422746675,9,870
0.28,0.8,1.8,60s,60,174.71221450805194,15.400673504941196,5.133557834980398,9,1663
0.28,0.8,1.8,90s,90,187.79892604618578,20.753380368902913,6.917793456300971,9,2287
0.28,0.8,1.9,30s,30,172.8733386998385,8.148386230536985,2.7161287435123285,9,845
0.28,0.8,1.9,60s,60,173.69360874582276,15.194878712039193,5.064959570679731,9,1662
0.28,0.8,1.9,90s,90,187.3629421012592,19.07808003860638,6.359360012868794,9,2343
0.28,0.8,2.0,30s,30,170.4268249484148,10.250565508065758,3.416855169355253,9,884
0.28,0.8,2.0,60s,60,176.39957848831307,14.640189038060054,4.880063012686684,9,1593
0.28,0.8,2.0,90s,90,184.73636474998298,18.327214909263294,6.109071636421098,9,2344
0.29,0.6,1.0,30s,30,153.09061726313496,12.863609521408017,4.287869840469339,9,870
0.29,0.6,1.0,60s,60,143.6020156187475,11.828597664051928,3.9428658880173093,9,1670
0.29,0.6,1.0,90s,90,145.26951373388613,10.651163101315046,3.5503877004383484,9,2302
0.29,0.6,1.1,30s,30,150.6292566707314,11.581650195337764,3.8605500651125877,9,933
0.29,0.6,1.1,60s,60,143.2202495505812,9.47275893715154,3.1575863123838466,9,1670
0.29,0.6,1.1,90s,90,147.28377134277244,14.851920064220645,4.9506400214068815,9,2359
0.29,0.6,1.2,30s,30,148.99135199560956,8.929909871460692,2.9766366238202306,9,940
0.29,0.6,1.2,60s,60,142.6520526076297,9.7691222512546,3.2563740837515334,9,1644
0.29,0.6,1.2,90s,90,148.1476159546965,15.698617096252734,5.232872365417578,9,2356
0.29,0.6,1.3,30s,30,151.1838325090481,11.486379940935135,3.828793313645045,9,920
0.29,0.6,1.3,60s,60,142.5119543107254,8.076038454157459,2.6920128180524863,9,1610
0.29,0.6,1.3,90s,90,147.92007114426838,14.022771650864428,4.67425721695481,9,2369
0.29,0.6,1.4,30s,30,150.6630567775269,10.594542246908565,3.5315140823028552,9,958
0.29,0.6,1.4,60s,60,142.11372961509736,8.956633901696232,2.985544633898744,9,1634
0.29,0.6,1.4,90s,90,146.78438817254477,12.58543348207934,4.195144494026446,9,2372
0.29,0.6,1.5,30s,30,151.60101834517602,12.761249297639818,4.253749765879939,9,932
0.29,0.6,1.5,60s,60,142.73392398882504,11.33018785114144,3.7767292837138133,9,1677
0.29,0.6,1.5,90s,90,147.56241610041135,13.679133939124007,4.559711313041336,9,2382
0.29,0.6,1.6,30s,30,151.06114450149363,10.2277609601059,3.4092536533686335,9,919
0.29,0.6,1.6,60s,60,141.78374187546981,10.611358021422127,3.5371193404740424,9,1652
0.29,0.6,1.6,90s,90,145.23354930561118,11.511149465640237,3.837049821880079,9,2320
0.29,0.6,1.7,30s,30,148.30570945044033,8.878161465959915,2.9593871553199715,9,919
0.29,0.6,1.7,60s,60,142.10703320568607,10.52568974357178,3.50856324785726,9,1657
0.29,0.6,1.7,90s,90,145.883301363859,11.454913830999153,3.818304610333051,9,2401
0.29,0.6,1.8,30s,30,149.33362566130782,7.636433430098085,2.545477810032695,9,854
0.29,0.6,1.8,60s,60,142.73359911175635,9.796531254875683,3.2655104182918944,9,1644
0.29,0.6,1.8,90s,90,143.48119424903564,10.528285963442906,3.5094286544809687,9,2328
0.29,0.6,1.9,30s,30,147.65159420660459,5.847951337725018,1.949317112575006,9,897
0.29,0.6,1.9,60s,60,141.5399838484206,10.92800117315312,3.642667057717707,9,1679
0.29,0.6,1.9,90s,90,142.7751579379173,10.019429514713941,3.3398098382379806,9,2297
0.29,0.6,2.0,30s,30,148.14293649672288,5.874992299254767,1.9583307664182559,9,907
0.29,0.6,2.0,60s,60,141.3024142055666,12.012243871497391,4.004081290499131,9,1657
0.29,0.6,2.0,90s,90,143.78014166772525,10.635301403765784,3.545100467921928,9,2319
0.29,0.61,1.0,30s,30,155.91611397136913,14.254382305196788,4.751460768398929,9,867
0.29,0.61,1.0,60s,60,144.08871256544842,12.090902867850454,4.0303009559501515,9,1624
0.29,0.61,1.0,90s,90,150.4011883207794,14.642097757900114,4.880699252633371,9,2368
0.29,0.61,1.1,30s,30,152.84306363497214,10.64558052856372,3.548526842854573,9,897
0.29,0.61,1.1,60s,60,144.79444254259758,7.450431619808531,2.4834772066028434,9,1638
0.29,0.61,1.1,90s,90,152.09444003838155,16.057229975943372,5.352409991981124,9,2384
0.29,0.61,1.2,30s,30,152.51817812038416,11.960406155975784,3.986802051991928,9,915
0.29,0.61,1.2,60s,60,143.3774476176959,8.552586349565466,2.850862116521822,9,1645
0.29,0.61,1.2,90s,90,150.8853528777324,13.11533862847183,4.371779542823943,9,2373
0.29,0.61,1.3,30s,30,150.87671986221017,9.924709832532558,3.3082366108441863,9,909
0.29,0.61,1.3,60s,60,144.7112856148556,9.11174058454387,3.0372468615146233,9,1607
0.29,0.61,1.3,90s,90,150.9965246745596,15.180559421706915,5.060186473902305,9,2363
0.29,0.61,1.4,30s,30,152.1604381205924,10.292967472121209,3.430989157373736,9,918
0.29,0.61,1.4,60s,60,142.71879164633415,9.682008605801595,3.227336201933865,9,1665
0.29,0.61,1.4,90s,90,150.83728816641036,15.167007048342874,5.055669016114291,9,2379
0.29,0.61,1.5,30s,30,152.57959456388377,12.268340737271966,4.0894469124239885,9,907
0.29,0.61,1.5,60s,60,142.62606944331898,10.436064953152405,3.4786883177174683,9,1658
0.29,0.61,1.5,90s,90,149.17330840341685,13.113169193852928,4.371056397950976,9,2350
0.29,0.61,1.6,30s,30,150.45969729527832,9.255596891823508,3.085198963941169,9,888
0.29,0.61,1.6,60s,60,142.58880578635987,10.987364155626985,3.662454718542328,9,1660
0.29,0.61,1.6,90s,90,149.33940709761112,14.287275670929228,4.762425223643076,9,2345
0.29,0.61,1.7,30s,30,147.87112110735916,9.49531336304045,3.165104454346817,9,925
0.29,0.61,1.7,60s,60,141.8412810187728,10.651375460384982,3.550458486794994,9,1659
0.29,0.61,1.7,90s,90,149.11526382651587,14.344280499188972,4.781426833062991,9,2326
0.29,0.61,1.8,30s,30,146.91803591123752,6.253451919390091,2.0844839731300304,9,916
0.29,0.61,1.8,60s,60,141.90630555773203,9.537993386525569,3.179331128841856,9,1647
0.29,0.61,1.8,90s,90,147.36347581741524,12.309001210078904,4.103000403359634,9,2392
0.29,0.61,1.9,30s,30,148.41739172080872,7.7666621787393755,2.5888873929131253,9,937
0.29,0.61,1.9,60s,60,142.7887293456855,10.092886616669484,3.3642955388898277,9,1623
0.29,0.61,1.9,90s,90,146.80333475502005,9.919547338639092,3.306515779546364,9,2345
0.29,0.61,2.0,30s,30,147.398552665986,8.293956022295523,2.7646520074318413,9,904
0.29,0.61,2.0,60s,60,142.4707970738461,11.609426101824745,3.869808700608248,9,1687
0.29,0.61,2.0,90s,90,147.42822432483797,10.847064710602046,3.615688236867349,9,2389
0.29,0.62,1.0,30s,30,158.10478092974486,15.982190427386346,5.327396809128782,9,891
0.29,0.62,1.0,60s,60,146.6200971449906,12.804579286979598,4.268193095659866,9,1660
0.29,0.62,1.0,90s,90,151.57245279936757,14.437050658324276,4.812350219441425,9,2356
0.29,0.62,1.1,30s,30,155.3906471554611,10.787536470565888,3.5958454901886294,9,907
0.29,0.62,1.1,60s,60,147.8590747887296,10.356586732727179,3.452195577575726,9,1647
0.29,0.62,1.1,90s,90,152.09673015233125,13.80743459396313,4.60247819798771,9,2389
0.29,0.62,1.2,30s,30,149.86141204871163,10.749131015125107,3.583043671708369,9,904
0.29,0.62,1.2,60s,60,148.9165274427777,9.551416586127353,3.1838055287091174,9,1641
0.29,0.62,1.2,90s,90,152.37435307164952,14.840617724020216,4.946872574673406,9,2323
0.29,0.62,1.3,30s,30,155.67957382328248,11.375576226937362,3.791858742312454,9,881
0.29,0.62,1.3,60s,60,146.0937598713333,11.105080549716211,3.7016935165720706,9,1612
0.29,0.62,1.3,90s,90,151.22687047084645,14.015240653278793,4.671746884426264,9,2350
0.29,0.62,1.4,30s,30,151.1579373041211,13.582556382077177,4.527518794025726,9,930
0.29,0.62,1.4,60s,60,146.47636256843137,11.768499188501613,3.922833062833871,9,1673
0.29,0.62,1.4,90s,90,153.3806147314458,16.897148405116816,5.632382801705606,9,2320
0.29,0.62,1.5,30s,30,150.64859103003448,10.806172214755568,3.6020574049185226,9,916
0.29,0.62,1.5,60s,60,146.16076371131797,10.086412436257316,3.3621374787524387,9,1591
0.29,0.62,1.5,90s,90,151.44619170542268,13.60555187353343,4.535183957844477,9,2329
0.29,0.62,1.6,30s,30,149.800253473533,8.915906130748368,2.971968710249456,9,937
0.29,0.62,1.6,60s,60,144.54341035061492,10.949974294717519,3.649991431572506,9,1623
0.29,0.62,1.6,90s,90,149.4220663186288,11.985994760313833,3.9953315867712775,9,2326
0.29,0.62,1.7,30s,30,151.1586163011032,8.999553199799358,2.999851066599786,9,909
0.29,0.62,1.7,60s,60,146.4309714323402,11.869263466149697,3.9564211553832322,9,1644
0.29,0.62,1.7,90s,90,148.71663241338442,10.427423699612792,3.4758078998709308,9,2387
0.29,0.62,1.8,30s,30,149.6512462769146,7.993234520485227,2.664411506828409,9,922
0.29,0.62,1.8,60s,60,145.0281774436429,11.650301471962033,3.8834338239873443,9,1680
0.29,0.62,1.8,90s,90,151.6670249947739,14.693951331762793,4.8979837772542645,9,2394
0.29,0.62,1.9,30s,30,149.03310126842894,8.334555192649463,2.7781850642164874,9,938
0.29,0.62,1.9,60s,60,143.4505793294041,10.70486592546445,3.5682886418214834,9,1612
0.29,0.62,1.9,90s,90,149.7089370039432,12.731342435179503,4.243780811726501,9,2344
0.29,0.62,2.0,30s,30,148.39306733443132,7.488668279006234,2.4962227596687447,9,909
0.29,0.62,2.0,60s,60,144.8269959986,12.413595645026241,4.137865215008747,9,1647
0.29,0.62,2.0,90s,90,149.63519103558366,12.390681527028692,4.1302271756762305,9,2329
0.29,0.63,1.0,30s,30,159.18029934151343,17.402828886040805,5.800942962013601,9,933
0.29,0.63,1.0,60s,60,150.5879672144114,11.492216330125,3.8307387767083334,9,1640
0.29,0.63,1.0,90s,90,152.28636568403644,13.572712114191312,4.524237371397104,9,2272
0.29,0.63,1.1,30s,30,157.06298032801627,12.858878245783204,4.286292748594401,9,892
0.29,0.63,1.1,60s,60,151.09711406177544,10.903616209022271,3.634538736340757,9,1655
0.29,0.63,1.1,90s,90,153.45759817017915,15.179424753896122,5.0598082512987075,9,2385
0.29,0.63,1.2,30s,30,156.49103355876906,12.474548193407513,4.158182731135837,9,885
0.29,0.63,1.2,60s,60,150.24076902333658,10.44149511711464,3.4804983723715464,9,1623
0.29,0.63,1.2,90s,90,154.01215067491498,14.759056206747356,4.919685402249119,9,2323
0.29,0.63,1.3,30s,30,152.9784281439455,15.188417584061389,5.062805861353796,9,934
0.29,0.63,1.3,60s,60,147.35557744222203,10.935073783788114,3.645024594596038,9,1597
0.29,0.63,1.3,90s,90,153.7977859212961,13.027319234764715,4.342439744921571,9,2353
0.29,0.63,1.4,30s,30,153.1855056417993,10.9182687305641,3.639422910188033,9,920
0.29,0.63,1.4,60s,60,148.41501504091835,10.465457297225573,3.4884857657418578,9,1649
0.29,0.63,1.4,90s,90,152.66833132665153,14.505638422368486,4.835212807456162,9,2321
0.29,0.63,1.5,30s,30,150.34655352871317,11.78980540954133,3.9299351365137767,9,907
0.29,0.63,1.5,60s,60,148.22705630436747,11.989551138821847,3.996517046273949,9,1632
0.29,0.63,1.5,90s,90,152.17328122338762,12.55503451276325,4.185011504254416,9,2371
0.29,0.63,1.6,30s,30,152.12753526833492,9.53761532292724,3.1792051076424133,9,878
0.29,0.63,1.6,60s,60,149.84068680397962,13.69971204981489,4.56657068327163,9,1679
0.29,0.63,1.6,90s,90,150.94729617504777,11.938038839050034,3.9793462796833445,9,2317
0.29,0.63,1.7,30s,30,153.65592230277994,10.12505047332638,3.375016824442127,9,918
0.29,0.63,1.7,60s,60,148.99573090314362,12.027956728781989,4.009318909593996,9,1629
0.29,0.63,1.7,90s,90,152.23220639932345,13.389689688477066,4.463229896159022,9,2328
0.29,0.63,1.8,30s,30,151.87908419961343,9.355652019513686,3.1185506731712285,9,865
0.29,0.63,1.8,60s,60,148.0844144002645,12.075053824563764,4.025017941521255,9,1608
0.29,0.63,1.8,90s,90,151.73172436330896,13.153091706908494,4.384363902302831,9,2364
0.29,0.63,1.9,30s,30,149.47603512751013,8.452102454758009,2.817367484919336,9,948
0.29,0.63,1.9,60s,60,147.43515573576232,12.545254478517649,4.181751492839216,9,1639
0.29,0.63,1.9,90s,90,150.92700155633963,12.471804244192134,4.157268081397378,9,2373
0.29,0.63,2.0,30s,30,152.0126446022631,9.24196262294585,3.080654207648617,9,853
0.29,0.63,2.0,60s,60,147.33890588098245,11.142948344399972,3.7143161147999906,9,1651
0.29,0.63,2.0,90s,90,149.68859834200504,11.028104270389878,3.6760347567966263,9,2361
0.29,0.64,1.0,30s,30,158.51317113506735,15.927391582329436,5.309130527443146,9,894
0.29,0.64,1.0,60s,60,151.66259988144424,10.775925537384303,3.591975179128101,9,1641
0.29,0.64,1.0,90s,90,157.59019290480688,17.061122017496245,5.687040672498749,9,2308
0.29,0.64,1.1,30s,30,156.71402093305144,12.802365773207535,4.267455257735845,9,914
0.29,0.64,1.1,60s,60,153.92247387348112,9.347920159745824,3.1159733865819415,9,1631
0.29,0.64,1.1,90s,90,157.90747630249905,16.898068401279353,5.632689467093118,9,2389
0.29,0.64,1.2,30s,30,155.30763671489663,13.28683848313369,4.428946161044563,9,931
0.29,0.64,1.2,60s,60,151.96525704991484,11.082025349587326,3.694008449862442,9,1645
0.29,0.64,1.2,90s,90,158.34149191490027,16.716949316217384,5.572316438739128,9,2335
0.29,0.64,1.3,30s,30,155.68485945514308,12.007130300544873,4.002376766848291,9,894
0.29,0.64,1.3,60s,60,151.73410980225563,11.43156428816703,3.8105214293890097,9,1588
0.29,0.64,1.3,90s,90,156.24520206331567,14.310597975493934,4.770199325164644,9,2343
0.29,0.64,1.4,30s,30,154.82363061324537,12.201593752907042,4.0671979176356805,9,912
0.29,0.64,1.4,60s,60,150.03450201631435,12.864673489480374,4.288224496493458,9,1649
0.29,0.64,1.4,90s,90,156.64056803858668,15.973396756522561,5.324465585507521,9,2303
0.29,0.64,1.5,30s,30,155.11067561485083,10.105491332915227,3.368497110971742,9,912
0.29,0.64,1.5,60s,60,150.5945956248829,12.519171524085477,4.173057174695159,9,1613
0.29,0.64,1.5,90s,90,156.18826801550654,15.529263052354375,5.176421017451458,9,2329
0.29,0.64,1.6,30s,30,154.8478498655444,10.064180283133918,3.3547267610446396,9,886
0.29,0.64,1.6,60s,60,150.7357110865037,13.09109893748106,4.36369964582702,9,1686
0.29,0.64,1.6,90s,90,153.64324375414964,11.772216425184059,3.9240721417280198,9,2323
0.29,0.64,1.7,30s,30,154.05500120138018,8.697399737047956,2.899133245682652,9,892
0.29,0.64,1.7,60s,60,149.88944091762846,12.157832135979822,4.052610711993274,9,1644
0.29,0.64,1.7,90s,90,156.05463559997912,15.085986957928993,5.028662319309665,9,2341
0.29,0.64,1.8,30s,30,153.57170338571166,9.763447274968811,3.254482424989604,9,896
0.29,0.64,1.8,60s,60,150.18208879082036,10.85708689670238,3.6190289655674603,9,1660
0.29,0.64,1.8,90s,90,155.0502006710825,13.990238259752351,4.663412753250784,9,2323
0.29,0.64,1.9,30s,30,152.14418630984125,8.802105303126957,2.934035101042319,9,912
0.29,0.64,1.9,60s,60,149.03272635807264,11.846404690725878,3.9488015635752927,9,1674
0.29,0.64,1.9,90s,90,153.3586355578947,13.355626678026411,4.451875559342137,9,2368
0.29,0.64,2.0,30s,30,152.71632614220985,8.93041163239864,2.9768038774662133,9,889
0.29,0.64,2.0,60s,60,149.71279137606564,13.246653924898785,4.415551308299595,9,1645
0.29,0.64,2.0,90s,90,154.0198932034578,13.27807103928731,4.426023679762436,9,2353
0.29,0.65,1.0,30s,30,161.92135535085723,13.806215450922158,4.602071816974052,9,899
0.29,0.65,1.0,60s,60,154.09130859324867,11.599086453118295,3.8663621510394317,9,1595
0.29,0.65,1.0,90s,90,157.4349422593806,14.178730964985302,4.726243654995101,9,2303
0.29,0.65,1.1,30s,30,155.31218012521427,10.964912836940282,3.654970945646761,9,904
0.29,0.65,1.1,60s,60,154.50555745699455,9.634327284934937,3.2114424283116456,9,1617
0.29,0.65,1.1,90s,90,159.02514145834758,15.189105026086011,5.063035008695337,9,2330
0.29,0.65,1.2,30s,30,158.28226844332875,14.234731953022044,4.7449106510073475,9,907
0.29,0.65,1.2,60s,60,153.18373112385487,7.299526846194081,2.433175615398027,9,1640
0.29,0.65,1.2,90s,90,159.97530830606547,15.835336116563074,5.278445372187691,9,2310
0.29,0.65,1.3,30s,30,154.55109171859723,10.621287010379751,3.540429003459917,9,876
0.29,0.65,1.3,60s,60,153.32096116721536,9.72556986598541,3.2418566219951366,9,1603
0.29,0.65,1.3,90s,90,160.27891988070243,15.593380850266024,5.197793616755342,9,2364
0.29,0.65,1.4,30s,30,155.35114205897892,12.08520144812908,4.028400482709693,9,912
0.29,0.65,1.4,60s,60,150.55409368548956,10.453658018074833,3.484552672691611,9,1637
0.29,0.65,1.4,90s,90,159.4372818499227,14.959196913672208,4.9863989712240695,9,2324
0.29,0.65,1.5,30s,30,156.4806383924397,13.872747698899483,4.624249232966494,9,916
0.29,0.65,1.5,60s,60,150.87317668686515,10.680591581608713,3.560197193869571,9,1582
0.29,0.65,1.5,90s,90,158.39950388619994,15.308768618935645,5.1029228729785485,9,2325
0.29,0.65,1.6,30s,30,154.09904233819123,13.845974735211996,4.615324911737332,9,879
0.29,0.65,1.6,60s,60,149.3708107310295,10.916000768346072,3.638666922782024,9,1639
0.29,0.65,1.6,90s,90,157.45675618787834,11.91926731393023,3.9730891046434103,9,2377
0.29,0.65,1.7,30s,30,153.21001774365504,9.328393832652372,3.109464610884124,9,927
0.29,0.65,1.7,60s,60,150.37659157842361,11.14731664405998,3.7157722146866603,9,1615
0.29,0.65,1.7,90s,90,153.40171155214648,12.263284575286267,4.087761525095423,9,2271
0.29,0.65,1.8,30s,30,154.62270263865346,9.384784616152018,3.1282615387173394,9,894
0.29,0.65,1.8,60s,60,151.28051730946007,12.152770287239596,4.050923429079865,9,1633
0.29,0.65,1.8,90s,90,158.27213044772034,14.63210625686613,4.87736875228871,9,2343
0.29,0.65,1.9,30s,30,152.2734426797671,8.606986428088039,2.868995476029346,9,931
0.29,0.65,1.9,60s,60,150.76098126246532,11.557068730661971,3.85235624355399,9,1666
0.29,0.65,1.9,90s,90,155.65632380625289,11.172767764815266,3.7242559216050886,9,2320
0.29,0.65,2.0,30s,30,154.33842017029048,8.787169762534049,2.9290565875113495,9,934
0.29,0.65,2.0,60s,60,150.2320222890353,11.999036932463058,3.999678977487686,9,1621
0.29,0.65,2.0,90s,90,154.10038519778718,10.80701923371021,3.6023397445700702,9,2319
0.29,0.66,1.0,30s,30,158.39053627400153,15.354861180558713,5.118287060186238,9,929
0.29,0.66,1.0,60s,60,156.41632538205462,10.255219864927456,3.4184066216424855,9,1629
0.29,0.66,1.0,90s,90,162.14519409056822,15.332870237554063,5.110956745851355,9,2357
0.29,0.66,1.1,30s,30,156.9138409489641,12.697994732303744,4.232664910767915,9,916
0.29,0.66,1.1,60s,60,154.5160226284043,7.73279605451585,2.5775986848386165,9,1578
0.29,0.66,1.1,90s,90,161.96675871740797,15.041608736913506,5.0138695789711685,9,2332
0.29,0.66,1.2,30s,30,154.6752958465614,11.49898461101058,3.8329948703368597,9,917
0.29,0.66,1.2,60s,60,153.06230740266867,9.987389830752118,3.3291299435840394,9,1630
0.29,0.66,1.2,90s,90,162.48223382924124,13.917548973912872,4.639182991304291,9,2319
0.29,0.66,1.3,30s,30,155.8115309588119,12.382791314032017,4.127597104677339,9,922
0.29,0.66,1.3,60s,60,154.3691477360641,9.742206732262058,3.2474022440873527,9,1647
0.29,0.66,1.3,90s,90,161.9190707112354,14.450685723737934,4.816895241245978,9,2332
0.29,0.66,1.4,30s,30,157.24618412094924,12.614714451188336,4.204904817062778,9,898
0.29,0.66,1.4,60s,60,153.87305556032783,9.873541460012211,3.291180486670737,9,1631
0.29,0.66,1.4,90s,90,161.7823880463316,15.42024057680891,5.140080192269637,9,2330
0.29,0.66,1.5,30s,30,156.17712718465683,9.82332709301964,3.27444236433988,9,911
0.29,0.66,1.5,60s,60,153.41943909515132,10.662922488345368,3.5543074961151224,9,1665
0.29,0.66,1.5,90s,90,161.1229962136888,15.274900875893152,5.0916336252977175,9,2324
0.29,0.66,1.6,30s,30,153.68673722694197,7.835143374618037,2.6117144582060123,9,919
0.29,0.66,1.6,60s,60,152.23428636639633,11.171318802179638,3.723772934059879,9,1608
0.29,0.66,1.6,90s,90,160.70359531608403,13.668189794011468,4.556063264670489,9,2347
0.29,0.66,1.7,30s,30,154.5947397262632,7.372522730506719,2.457507576835573,9,882
0.29,0.66,1.7,60s,60,152.41137918616155,11.887005288391855,3.962335096130618,9,1633
0.29,0.66,1.7,90s,90,159.0470237353041,11.839441617989806,3.946480539329935,9,2284
0.29,0.66,1.8,30s,30,155.51976221220235,8.988551681295313,2.9961838937651044,9,887
0.29,0.66,1.8,60s,60,151.10655061621082,9.507398550457328,3.1691328501524425,9,1651
0.29,0.66,1.8,90s,90,159.8369419877789,11.725818956011524,3.908606318670508,9,2339
0.29,0.66,1.9,30s,30,155.68228386937733,8.998809796590264,2.9996032655300877,9,858
0.29,0.66,1.9,60s,60,151.856350534826,11.12954761907507,3.709849206358357,9,1672
0.29,0.66,1.9,90s,90,159.37374189630157,12.55120416851509,4.183734722838364,9,2336
0.29,0.66,2.0,30s,30,153.45951263973964,6.340645095735755,2.1135483652452516,9,869
0.29,0.66,2.0,60s,60,151.74974838457945,11.598246826177624,3.8660822753925412,9,1616
0.29,0.66,2.0,90s,90,157.49759852501228,10.793238653581945,3.597746217860648,9,2331
0.29,0.67,1.0,30s,30,159.28900956694966,13.928974142368315,4.6429913807894385,9,941
0.29,0.67,1.0,60s,60,157.33983468972102,10.72229455698926,3.5740981856630865,9,1607
0.29,0.67,1.0,90s,90,161.75369407413712,12.99573117941585,4.3319103931386165,9,2291
0.29,0.67,1.1,30s,30,157.202521198215,10.493287846899534,3.497762615633178,9,855
0.29,0.67,1.1,60s,60,157.09902454673548,7.8576732227621235,2.6192244075873745,9,1626
0.29,0.67,1.1,90s,90,164.62760469486193,16.918067058817098,5.639355686272366,9,2345
0.29,0.67,1.2,30s,30,159.49187591950968,11.468750633819598,3.822916877939866,9,911
0.29,0.67,1.2,60s,60,157.48146122357792,11.620058400874647,3.873352800291549,9,1605
0.29,0.67,1.2,90s,90,162.88954440528556,15.068172840144724,5.022724280048242,9,2264
0.29,0.67,1.3,30s,30,158.67268466265773,11.484848514928553,3.8282828383095175,9,930
0.29,0.67,1.3,60s,60,155.39685726781715,10.761670081128294,3.587223360376098,9,1659
0.29,0.67,1.3,90s,90,164.26884381830922,15.758609092604361,5.252869697534787,9,2311
0.29,0.67,1.4,30s,30,157.86173665999596,14.057351983912344,4.685783994637448,9,926
0.29,0.67,1.4,60s,60,155.17326006265324,8.307352396018684,2.7691174653395616,9,1638
0.29,0.67,1.4,90s,90,164.47421412703167,14.669625901923,4.889875300641,9,2283
0.29,0.67,1.5,30s,30,158.68264661007623,11.714585238302625,3.904861746100875,9,920
0.29,0.67,1.5,60s,60,154.8789646243121,11.174603813385898,3.7248679377952993,9,1599
0.29,0.67,1.5,90s,90,164.49519679936998,15.989731879786834,5.329910626595612,9,2287
0.29,0.67,1.6,30s,30,154.55083588094521,10.19745650086296,3.39915216695432,9,896
0.29,0.67,1.6,60s,60,154.17324851829295,10.917325086796449,3.639108362265483,9,1672
0.29,0.67,1.6,90s,90,164.6297222751701,15.34005578604714,5.11335192868238,9,2349
0.29,0.67,1.7,30s,30,154.15875146205414,7.610351717636499,2.536783905878833,9,877
0.29,0.67,1.7,60s,60,153.72922744116042,11.06913617319198,3.68971205773066,9,1651
0.29,0.67,1.7,90s,90,161.28032358485828,12.334868077393782,4.111622692464594,9,2264
0.29,0.67,1.8,30s,30,156.1062309976646,6.968929942628089,2.322976647542696,9,899
0.29,0.67,1.8,60s,60,153.56655067503542,10.213861284242846,3.4046204280809484,9,1624
0.29,0.67,1.8,90s,90,164.7275208746213,16.99829968274487,5.6660998942482905,9,2369
0.29,0.67,1.9,30s,30,154.51621493969532,7.473796987607827,2.4912656625359424,9,907
0.29,0.67,1.9,60s,60,152.72014898107514,12.501388437166485,4.167129479055495,9,1664
0.29,0.67,1.9,90s,90,162.34051837548256,14.804023545627352,4.934674515209117,9,2337
0.29,0.67,2.0,30s,30,153.76671019133434,8.730834639637878,2.910278213212626,9,883
0.29,0.67,2.0,60s,60,153.2899284804507,11.145045759958142,3.7150152533193808,9,1646
0.29,0.67,2.0,90s,90,163.03925597846876,16.01295680108498,5.337652267028326,9,2332
0.29,0.68,1.0,30s,30,163.24497459378938,15.344263793916541,5.114754597972181,9,899
0.29,0.68,1.0,60s,60,156.78142669701342,10.112112281742855,3.3707040939142847,9,1626
0.29,0.68,1.0,90s,90,167.2922744283959,17.925151813600433,5.975050604533478,9,2349
0.29,0.68,1.1,30s,30,157.94777100383692,14.324280008663923,4.774760002887974,9,919
0.29,0.68,1.1,60s,60,159.07599000222788,7.820118976368489,2.606706325456163,9,1619
0.29,0.68,1.1,90s,90,166.42187380942914,17.334236971597683,5.778078990532561,9,2374
0.29,0.68,1.2,30s,30,160.23604697470589,11.849136626263386,3.949712208754462,9,846
0.29,0.68,1.2,60s,60,156.79383939314422,9.685859541249021,3.228619847083007,9,1610
0.29,0.68,1.2,90s,90,168.37887028805187,18.309782334285817,6.103260778095272,9,2336
0.29,0.68,1.3,30s,30,158.8294281756939,11.860038995946267,3.953346331982089,9,893
0.29,0.68,1.3,60s,60,157.39973745099053,9.493034518538147,3.1643448395127156,9,1617
0.29,0.68,1.3,90s,90,169.12912485953873,19.192433833608018,6.397477944536006,9,2354
0.29,0.68,1.4,30s,30,158.80318023590894,12.6457502152972,4.215250071765733,9,920
0.29,0.68,1.4,60s,60,155.5452724102007,10.612052431481356,3.5373508104937854,9,1603
0.29,0.68,1.4,90s,90,168.02870654866953,19.361109642634972,6.453703214211657,9,2305
0.29,0.68,1.5,30s,30,162.17218321731744,11.146932468680134,3.7156441562267113,9,895
0.29,0.68,1.5,60s,60,155.31824682281274,10.713901495124627,3.571300498374876,9,1674
0.29,0.68,1.5,90s,90,166.854935777877,18.854910652832153,6.284970217610717,9,2307
0.29,0.68,1.6,30s,30,160.07281045803768,6.825046962866135,2.2750156542887114,9,852
0.29,0.68,1.6,60s,60,155.38028901387898,12.07767615429614,4.025892051432047,9,1607
0.29,0.68,1.6,90s,90,164.77218265009037,14.03078840649346,4.676929468831154,9,2314
0.29,0.68,1.7,30s,30,157.67145202935714,7.756180324285407,2.585393441428469,9,864
0.29,0.68,1.7,60s,60,155.26456562475116,11.703086928674951,3.9010289762249837,9,1605
0.29,0.68,1.7,90s,90,164.97930162071032,15.610317017217511,5.20343900573917,9,2349
0.29,0.68,1.8,30s,30,155.39756362900343,8.319329502867276,2.7731098342890923,9,891
0.29,0.68,1.8,60s,60,155.22201691451951,11.469704595802993,3.8232348652676644,9,1641
0.29,0.68,1.8,90s,90,166.05176190280176,18.06894086023195,6.022980286743984,9,2345
0.29,0.68,1.9,30s,30,155.50508704999103,8.881252414025735,2.9604174713419114,9,866
0.29,0.68,1.9,60s,60,155.84943283793837,12.319087839933443,4.1063626133111475,9,1669
0.29,0.68,1.9,90s,90,164.5327822824602,15.49883795371968,5.16627931790656,9,2298
0.29,0.68,2.0,30s,30,155.03889910884152,6.436099337364402,2.145366445788134,9,857
0.29,0.68,2.0,60s,60,155.09103326841245,10.659379777052925,3.5531265923509747,9,1699
0.29,0.68,2.0,90s,90,164.94950661872096,16.142128329353632,5.380709443117877,9,2313
0.29,0.69,1.0,30s,30,162.31436067380668,14.823885669755935,4.941295223251978,9,923
0.29,0.69,1.0,60s,60,159.54025383144818,8.43293503601583,2.81097834533861,9,1599
0.29,0.69,1.0,90s,90,169.15131024296363,19.041466712825123,6.347155570941708,9,2281
0.29,0.69,1.1,30s,30,162.56946064084002,13.669096420282482,4.556365473427494,9,904
0.29,0.69,1.1,60s,60,160.27628670565636,10.26898658460958,3.4229955282031934,9,1596
0.29,0.69,1.1,90s,90,169.908025929144,19.541598091133793,6.5138660303779305,9,2338
0.29,0.69,1.2,30s,30,160.57703180083163,12.285708532138804,4.0952361773796015,9,915
0.29,0.69,1.2,60s,60,158.80653315369878,9.180212433923787,3.060070811307929,9,1664
0.29,0.69,1.2,90s,90,170.38106597669977,20.10131864161506,6.700439547205019,9,2332
0.29,0.69,1.3,30s,30,160.9939808608925,12.097535758082492,4.0325119193608305,9,916
0.29,0.69,1.3,60s,60,158.80533235574774,10.092528093738663,3.3641760312462208,9,1587
0.29,0.69,1.3,90s,90,167.75348494933536,18.293862479107386,6.097954159702462,9,2303
0.29,0.69,1.4,30s,30,161.32014446799755,12.575274654998907,4.191758218332969,9,902
0.29,0.69,1.4,60s,60,157.39912789223777,10.47628454084658,3.4920948469488597,9,1648
0.29,0.69,1.4,90s,90,169.05692109267065,18.533799332368197,6.177933110789399,9,2344
0.29,0.69,1.5,30s,30,160.49736869554638,11.948825303950482,3.982941767983494,9,915
0.29,0.69,1.5,60s,60,158.1533587600495,12.320238326613422,4.106746108871141,9,1613
0.29,0.69,1.5,90s,90,165.13872251883834,13.056177577389628,4.3520591924632095,9,2292
0.29,0.69,1.6,30s,30,161.47028861104707,10.89169046215512,3.63056348738504,9,885
0.29,0.69,1.6,60s,60,157.10274516134996,10.472827336874634,3.490942445624878,9,1594
0.29,0.69,1.6,90s,90,167.15850081409687,16.850931689055766,5.616977229685255,9,2327
0.29,0.69,1.7,30s,30,162.373943923928,7.404470629886496,2.4681568766288318,9,877
0.29,0.69,1.7,60s,60,157.67067213298742,10.80594719914496,3.6019823997149865,9,1670
0.29,0.69,1.7,90s,90,166.56719726584632,15.649938622339514,5.216646207446504,9,2340
0.29,0.69,1.8,30s,30,158.29606641179416,9.33606161687731,3.112020538959103,9,871
0.29,0.69,1.8,60s,60,157.10637802955233,11.929726667588763,3.976575555862921,9,1604
0.29,0.69,1.8,90s,90,165.7557354014342,17.51634561378489,5.83878187126163,9,2298
0.29,0.69,1.9,30s,30,156.67688242272408,5.229147320829826,1.7430491069432754,9,900
0.29,0.69,1.9,60s,60,156.4457265642538,11.51649638625203,3.8388321287506764,9,1672
0.29,0.69,1.9,90s,90,164.7765368555955,14.174865284489062,4.724955094829688,9,2282
0.29,0.69,2.0,30s,30,159.8468859129911,9.181527810821569,3.0605092702738563,9,893
0.29,0.69,2.0,60s,60,155.02071750601237,10.935835194647574,3.645278398215858,9,1605
0.29,0.69,2.0,90s,90,164.44131734765588,14.50797123941539,4.835990413138464,9,2282
0.29,0.7,1.0,30s,30,164.2220895879746,17.994128072786776,5.9980426909289255,9,914
0.29,0.7,1.0,60s,60,161.76021867017985,10.188720913643149,3.396240304547716,9,1602
0.29,0.7,1.0,90s,90,169.57165263819545,17.402446874418775,5.800815624806258,9,2314
0.29,0.7,1.1,30s,30,162.68484705162913,14.435090393029057,4.811696797676352,9,946
0.29,0.7,1.1,60s,60,163.6099086387498,9.834946263936725,3.2783154213122416,9,1600
0.29,0.7,1.1,90s,90,174.21355986364406,18.668952954290393,6.222984318096798,9,2405
0.29,0.7,1.2,30s,30,164.42174660554534,15.482222153762752,5.160740717920917,9,895
0.29,0.7,1.2,60s,60,161.0287529605424,9.38044676390706,3.12681558796902,9,1647
0.29,0.7,1.2,90s,90,171.19123424600895,17.62874790795982,5.876249302653274,9,2339
0.29,0.7,1.3,30s,30,164.16176321189715,12.641711445137569,4.213903815045856,9,919
0.29,0.7,1.3,60s,60,159.70883023868316,12.774112922305479,4.258037640768493,9,1656
0.29,0.7,1.3,90s,90,168.29289156778194,13.939822389531804,4.646607463177268,9,2272
0.29,0.7,1.4,30s,30,161.20003546840633,10.753875570710003,3.5846251902366677,9,879
0.29,0.7,1.4,60s,60,159.56224433140585,12.196623314011712,4.0655411046705705,9,1625
0.29,0.7,1.4,90s,90,172.74802682825174,20.25899383222713,6.75299794407571,9,2334
0.29,0.7,1.5,30s,30,160.05198438082138,13.780214776727188,4.593404925575729,9,889
0.29,0.7,1.5,60s,60,159.48524393258668,12.009432989369245,4.003144329789748,9,1636
0.29,0.7,1.5,90s,90,170.63292416755945,18.45710008136852,6.1523666937895065,9,2332
0.29,0.7,1.6,30s,30,160.4340052264764,10.26087111897492,3.4202903729916403,9,874
0.29,0.7,1.6,60s,60,158.77749870163066,11.351550406709496,3.783850135569832,9,1652
0.29,0.7,1.6,90s,90,170.81032970310835,18.77848722343699,6.259495741145663,9,2333
0.29,0.7,1.7,30s,30,162.4801394106908,11.047072572322413,3.6823575241074713,9,889
0.29,0.7,1.7,60s,60,158.6487113937613,10.777102876068573,3.592367625356191,9,1628
0.29,0.7,1.7,90s,90,171.1085246614358,19.191451805431832,6.397150601810611,9,2333
0.29,0.7,1.8,30s,30,160.0548875929668,10.116776643244695,3.372258881081565,9,894
0.29,0.7,1.8,60s,60,159.87047096025566,11.633344309461446,3.877781436487149,9,1670
0.29,0.7,1.8,90s,90,169.58063470507997,16.652350825195864,5.550783608398621,9,2342
0.29,0.7,1.9,30s,30,158.20680268797526,8.064919492143643,2.6883064973812143,9,896
0.29,0.7,1.9,60s,60,158.8718374184333,12.273885439991789,4.09129514666393,9,1639
0.29,0.7,1.9,90s,90,168.4534231080112,15.93614230909915,5.312047436366384,9,2277
0.29,0.7,2.0,30s,30,159.0258876624062,7.932489568058505,2.644163189352835,9,849
0.29,0.7,2.0,60s,60,158.1246478025564,12.59589233887712,4.198630779625707,9,1646
0.29,0.7,2.0,90s,90,168.2421773566528,15.211578522137096,5.070526174045699,9,2350
0.29,0.71,1.0,30s,30,166.87784324370557,15.871013475029242,5.290337825009748,9,874
0.29,0.71,1.0,60s,60,161.56735206100922,9.843486284409295,3.2811620948030984,9,1631
0.29,0.71,1.0,90s,90,170.95460111564023,14.118716387607238,4.706238795869079,9,2312
0.29,0.71,1.1,30s,30,165.5162514725923,15.72474641882218,5.241582139607393,9,876
0.29,0.71,1.1,60s,60,162.19349682188746,8.889985780835335,2.9633285936117786,9,1619
0.29,0.71,1.1,90s,90,171.73862250787076,17.40281480466849,5.80093826822283,9,2287
0.29,0.71,1.2,30s,30,166.67641744466184,13.374357523120754,4.458119174373585,9,916
0.29,0.71,1.2,60s,60,161.25157717538528,8.86218833919,2.95406277973,9,1636
0.29,0.71,1.2,90s,90,171.27120295434128,16.640116688997725,5.546705562999242,9,2323
0.29,0.71,1.3,30s,30,163.3527177958712,14.171118721207487,4.723706240402495,9,904
0.29,0.71,1.3,60s,60,162.9297613718415,9.070012435628708,3.023337478542903,9,1650
0.29,0.71,1.3,90s,90,171.25002188065335,16.68055043415518,5.5601834780517265,9,2300
0.29,0.71,1.4,30s,30,164.28023679792278,10.943160135043339,3.6477200450144465,9,865
0.29,0.71,1.4,60s,60,159.61678341283226,10.7331178065141,3.5777059355047,9,1675
0.29,0.71,1.4,90s,90,174.20444049855385,16.71535913332392,5.5717863777746395,9,2332
0.29,0.71,1.5,30s,30,164.71117674888748,12.705427278326898,4.235142426108966,9,916
0.29,0.71,1.5,60s,60,159.8180358054762,10.084825821672244,3.361608607224081,9,1635
0.29,0.71,1.5,90s,90,172.29882414261388,16.13007588897558,5.37669196299186,9,2296
0.29,0.71,1.6,30s,30,163.6572713257366,11.056179122102488,3.6853930407008293,9,898
0.29,0.71,1.6,60s,60,159.91873730144994,11.484068788572213,3.828022929524071,9,1582
0.29,0.71,1.6,90s,90,170.50545685510284,15.159217928209836,5.053072642736612,9,2305
0.29,0.71,1.7,30s,30,162.04674493829464,9.227645682862793,3.0758818942875976,9,890
0.29,0.71,1.7,60s,60,160.2337573120036,11.70344491512861,3.90114830504287,9,1653
0.29,0.71,1.7,90s,90,170.07206532268538,15.72335766710167,5.241119222367224,9,2337
0.29,0.71,1.8,30s,30,160.58781871718273,11.136740115716465,3.712246705238822,9,885
0.29,0.71,1.8,60s,60,159.07812418624752,10.886048160256395,3.628682720085465,9,1679
0.29,0.71,1.8,90s,90,170.93712616911526,16.362564744116707,5.454188248038903,9,2346
0.29,0.71,1.9,30s,30,162.87906054419219,10.786455515613138,3.595485171871046,9,853
0.29,0.71,1.9,60s,60,159.29083266582862,12.362160803608353,4.120720267869451,9,1649
0.29,0.71,1.9,90s,90,168.29982024167566,13.492823127305256,4.497607709101752,9,2354
0.29,0.71,2.0,30s,30,160.12751776534088,9.208729549842115,3.0695765166140383,9,908
0.29,0.71,2.0,60s,60,159.49423706765302,12.149788967185911,4.049929655728637,9,1618
0.29,0.71,2.0,90s,90,167.82288992896176,12.667492118502421,4.22249737283414,9,2328
0.29,0.72,1.0,30s,30,163.9463369319572,12.274898111511142,4.091632703837047,9,886
0.29,0.72,1.0,60s,60,163.35024142397754,7.173890309105492,2.391296769701831,9,1629
0.29,0.72,1.0,90s,90,175.33458479312557,17.58353620756471,5.861178735854903,9,2347
0.29,0.72,1.1,30s,30,168.70381601859543,17.13839549196798,5.71279849732266,9,913
0.29,0.72,1.1,60s,60,164.63365751987402,6.0261179328341115,2.0087059776113705,9,1592
0.29,0.72,1.1,90s,90,174.5838046067708,19.023876187100303,6.341292062366768,9,2319
0.29,0.72,1.2,30s,30,165.49327760486392,12.006164334865227,4.002054778288409,9,881
0.29,0.72,1.2,60s,60,163.59193284202672,6.249421186085313,2.083140395361771,9,1637
0.29,0.72,1.2,90s,90,174.50443472038762,16.47521519822369,5.491738399407897,9,2343
0.29,0.72,1.3,30s,30,165.7035022102921,13.346134436687596,4.4487114788958655,9,873
0.29,0.72,1.3,60s,60,162.84454140200683,7.432529916567311,2.4775099721891034,9,1608
0.29,0.72,1.3,90s,90,173.2264044836331,17.013204932581903,5.671068310860634,9,2294
0.29,0.72,1.4,30s,30,165.05198704673154,17.02807806180014,5.676026020600047,9,903
0.29,0.72,1.4,60s,60,163.46007499135243,12.090271665221032,4.030090555073677,9,1624
0.29,0.72,1.4,90s,90,174.18793344291333,17.95080330285696,5.9836011009523205,9,2340
0.29,0.72,1.5,30s,30,164.94849706142065,11.98733836487454,3.99577945495818,9,890
0.29,0.72,1.5,60s,60,161.24828832994226,10.138542210273183,3.379514070091061,9,1624
0.29,0.72,1.5,90s,90,171.2105800359792,14.993587150995907,4.997862383665303,9,2328
0.29,0.72,1.6,30s,30,163.82867248055845,12.527769731297175,4.175923243765725,9,901
0.29,0.72,1.6,60s,60,161.79144012606187,10.497728666762793,3.499242888920931,9,1630
0.29,0.72,1.6,90s,90,173.04497657354935,17.871505020287014,5.957168340095671,9,2320
0.29,0.72,1.7,30s,30,166.45889904166313,9.082729965486966,3.027576655162322,9,855
0.29,0.72,1.7,60s,60,160.9648307638769,10.876643967171443,3.625547989057148,9,1634
0.29,0.72,1.7,90s,90,173.13985397804333,18.189980163891114,6.063326721297038,9,2283
0.29,0.72,1.8,30s,30,162.67484485577688,11.19861794470221,3.73287264823407,9,872
0.29,0.72,1.8,60s,60,160.60258281984255,10.155707974944852,3.3852359916482837,9,1608
0.29,0.72,1.8,90s,90,171.30498800072746,15.18303350680315,5.0610111689343835,9,2305
0.29,0.72,1.9,30s,30,165.946526824408,11.131234771152856,3.7104115903842856,9,884
0.29,0.72,1.9,60s,60,160.29143628124504,11.535195094911746,3.8450650316372488,9,1673
0.29,0.72,1.9,90s,90,169.87835913553826,14.886554562499724,4.9621848541665745,9,2337
0.29,0.72,2.0,30s,30,163.08278244162238,10.66460427858075,3.55486809286025,9,920
0.29,0.72,2.0,60s,60,161.53891195238995,11.052240192126774,3.684080064042258,9,1700
0.29,0.72,2.0,90s,90,171.58310577135885,16.09996868238015,5.366656227460051,9,2344
0.29,0.73,1.0,30s,30,169.91280447270807,20.4423710027566,6.814123667585534,9,871
0.29,0.73,1.0,60s,60,168.53816369178634,8.600681864996918,2.866893954998973,9,1613
0.29,0.73,1.0,90s,90,174.8079880847607,15.18291077695423,5.060970258984743,9,2367
0.29,0.73,1.1,30s,30,170.37760927226248,15.554549950005846,5.184849983335282,9,906
0.29,0.73,1.1,60s,60,167.4706649228441,7.943551788301249,2.6478505961004166,9,1623
0.29,0.73,1.1,90s,90,176.60880119246707,18.275257627853048,6.091752542617683,9,2316
0.29,0.73,1.2,30s,30,167.78471090876167,16.0950688550853,5.3650229516951,9,871
0.29,0.73,1.2,60s,60,167.0720806962989,10.320486434093924,3.440162144697975,9,1622
0.29,0.73,1.2,90s,90,177.8382088470181,19.627294054639396,6.542431351546465,9,2374
0.29,0.73,1.3,30s,30,166.7981708983956,13.53087347233626,4.51029115744542,9,894
0.29,0.73,1.3,60s,60,163.55727088890808,10.974267154767412,3.6580890515891373,9,1595
0.29,0.73,1.3,90s,90,176.45444140315354,18.98175871973125,6.327252906577083,9,2317
0.29,0.73,1.4,30s,30,166.00898414935304,15.659601126637794,5.219867042212598,9,865
0.29,0.73,1.4,60s,60,164.33212162087355,11.875804932084124,3.9586016440280414,9,1630
0.29,0.73,1.4,90s,90,175.81452978802196,16.826944959170298,5.608981653056766,9,2329
0.29,0.73,1.5,30s,30,166.6357240154782,9.629529545956457,3.2098431819854856,9,869
0.29,0.73,1.5,60s,60,164.85633320412242,11.073779201235283,3.691259733745094,9,1604
0.29,0.73,1.5,90s,90,174.64911162453822,15.888266165861,5.296088721953667,9,2333
0.29,0.73,1.6,30s,30,165.5971942410652,12.605901713173456,4.201967237724485,9,868
0.29,0.73,1.6,60s,60,165.76644389145693,12.719370880450994,4.239790293483664,9,1660
0.29,0.73,1.6,90s,90,175.7729996096731,19.277481703206426,6.425827234402142,9,2252
0.29,0.73,1.7,30s,30,164.77296167178918,8.670056060765488,2.890018686921829,9,886
0.29,0.73,1.7,60s,60,163.60225602983587,11.51399285571272,3.8379976185709066,9,1670
0.29,0.73,1.7,90s,90,176.3043133511776,17.800522500229786,5.933507500076595,9,2315
0.29,0.73,1.8,30s,30,162.35099714451397,10.208437243753872,3.402812414584624,9,870
0.29,0.73,1.8,60s,60,165.90385159956043,12.065538757697453,4.021846252565818,9,1605
0.29,0.73,1.8,90s,90,177.2194873997793,22.158750547178034,7.386250182392678,9,2306
0.29,0.73,1.9,30s,30,162.589542466576,10.310004079078144,3.4366680263593814,9,889
0.29,0.73,1.9,60s,60,164.5881402504808,12.557148255293429,4.18571608509781,9,1623
0.29,0.73,1.9,90s,90,173.1301613754305,16.36194887603936,5.453982958679787,9,2254
0.29,0.73,2.0,30s,30,162.53623003677882,11.681036018303791,3.8936786727679302,9,892
0.29,0.73,2.0,60s,60,164.76662042546434,11.838997958590427,3.9463326528634757,9,1592
0.29,0.73,2.0,90s,90,169.99204002686895,13.081703580487872,4.360567860162624,9,2321
0.29,0.74,1.0,30s,30,170.3304184108416,18.835166197906737,6.278388732635579,9,876
0.29,0.74,1.0,60s,60,168.9063177015216,11.805048068485483,3.9350160228284943,9,1588
0.29,0.74,1.0,90s,90,178.90630034946315,18.667933240911694,6.222644413637231,9,2291
0.29,0.74,1.1,30s,30,166.667946757593,15.22535495501414,5.075118318338046,9,906
0.29,0.74,1.1,60s,60,169.06294213916874,13.865876088932138,4.621958696310712,9,1610
0.29,0.74,1.1,90s,90,178.33624869924503,19.591043751212176,6.530347917070725,9,2325
0.29,0.74,1.2,30s,30,166.8346211604706,16.076480163018857,5.358826721006285,9,880
0.29,0.74,1.2,60s,60,167.21778558484948,11.57756663024337,3.85918887674779,9,1600
0.29,0.74,1.2,90s,90,177.41513067152238,18.290096114622582,6.096698704874194,9,2276
0.29,0.74,1.3,30s,30,166.24256069589165,12.740127176420287,4.246709058806762,9,901
0.29,0.74,1.3,60s,60,168.9032972132141,13.08911171342757,4.36303723780919,9,1645
0.29,0.74,1.3,90s,90,178.32164956483265,21.11641408730481,7.03880469576827,9,2265
0.29,0.74,1.4,30s,30,168.0938628497386,13.812031093383709,4.604010364461236,9,877
0.29,0.74,1.4,60s,60,167.50545222475773,10.360836295853893,3.4536120986179646,9,1600
0.29,0.74,1.4,90s,90,178.07362620855537,19.14746431424866,6.3824881047495525,9,2321
0.29,0.74,1.5,30s,30,168.07531519597035,13.336897035816865,4.445632345272288,9,877
0.29,0.74,1.5,60s,60,168.03005873263865,11.828455325659972,3.9428184418866574,9,1597
0.29,0.74,1.5,90s,90,177.98030286140596,16.332006104895175,5.444002034965059,9,2307
0.29,0.74,1.6,30s,30,164.83633326026526,12.048525481953677,4.016175160651225,9,868
0.29,0.74,1.6,60s,60,167.8907603453162,11.835098461919864,3.945032820639955,9,1643
0.29,0.74,1.6,90s,90,178.09514089456053,17.582665361520867,5.860888453840289,9,2346
0.29,0.74,1.7,30s,30,164.30700037120806,10.586464706834217,3.528821568944739,9,857
0.29,0.74,1.7,60s,60,167.1939028569451,11.920110620228485,3.9733702067428283,9,1622
0.29,0.74,1.7,90s,90,176.0193796323513,15.560938436143605,5.186979478714535,9,2363
0.29,0.74,1.8,30s,30,167.3979780378186,9.880511623749966,3.293503874583322,9,896
0.29,0.74,1.8,60s,60,166.22644108792576,13.584067298446797,4.528022432815599,9,1587
0.29,0.74,1.8,90s,90,177.16908362032808,16.931534562011937,5.643844854003979,9,2311
0.29,0.74,1.9,30s,30,164.19491144042283,7.8619115221771425,2.6206371740590475,9,879
0.29,0.74,1.9,60s,60,166.7687437647295,12.838674921582221,4.2795583071940735,9,1611
0.29,0.74,1.9,90s,90,175.5732472073045,18.588283238272577,6.1960944127575255,9,2291
0.29,0.74,2.0,30s,30,164.19201631770295,11.673935142391098,3.891311714130366,9,839
0.29,0.74,2.0,60s,60,165.94966970592787,13.106611957510315,4.368870652503438,9,1604
0.29,0.74,2.0,90s,90,174.27403440288165,14.279842504276308,4.759947501425436,9,2343
0.29,0.75,1.0,30s,30,168.76166261894915,12.884329759133259,4.294776586377753,9,925
0.29,0.75,1.0,60s,60,170.24182630765188,10.877326227887455,3.625775409295818,9,1624
0.29,0.75,1.0,90s,90,177.68789745765616,16.08353366040007,5.361177886800024,9,2288
0.29,0.75,1.1,30s,30,172.8369273418913,12.359568814366819,4.119856271455606,9,881
0.29,0.75,1.1,60s,60,170.31875632955177,11.939428890414757,3.979809630138252,9,1608
0.29,0.75,1.1,90s,90,180.88350013032726,20.330099540335528,6.776699846778509,9,2313
0.29,0.75,1.2,30s,30,171.8115681180313,15.214265478854259,5.071421826284753,9,857
0.29,0.75,1.2,60s,60,170.25077077351438,15.371348985712801,5.1237829952376,9,1633
0.29,0.75,1.2,90s,90,181.4607419532345,19.985936303758482,6.661978767919494,9,2350
0.29,0.75,1.3,30s,30,170.26590552885364,14.473557366890324,4.824519122296775,9,885
0.29,0.75,1.3,60s,60,169.16224122525352,12.486760027822076,4.162253342607358,9,1638
0.29,0.75,1.3,90s,90,179.73925559413,19.812853566286176,6.604284522095392,9,2332
0.29,0.75,1.4,30s,30,169.51134272906262,14.49944762707316,4.833149209024387,9,846
0.29,0.75,1.4,60s,60,167.74096348896876,13.25301044701063,4.417670149003543,9,1584
0.29,0.75,1.4,90s,90,179.4429740996334,18.923071005001365,6.307690335000455,9,2275
0.29,0.75,1.5,30s,30,169.7866685669543,11.306281729462611,3.768760576487537,9,876
0.29,0.75,1.5,60s,60,167.53939559428431,12.707394344751412,4.235798114917137,9,1625
0.29,0.75,1.5,90s,90,179.74792090682703,21.726987726388856,7.242329242129618,9,2332
0.29,0.75,1.6,30s,30,168.96026137628712,11.28664954434226,3.7622165147807536,9,907
0.29,0.75,1.6,60s,60,169.42665326941895,13.099722173542208,4.366574057847402,9,1617
0.29,0.75,1.6,90s,90,180.22289856285613,19.686537731753226,6.562179243917742,9,2304
0.29,0.75,1.7,30s,30,167.7034777796658,9.504843987667703,3.1682813292225678,9,872
0.29,0.75,1.7,60s,60,169.038724914093,13.36888734668945,4.456295782229817,9,1593
0.29,0.75,1.7,90s,90,177.9489224311808,19.459739230366495,6.486579743455498,9,2276
0.29,0.75,1.8,30s,30,167.3255956142797,10.740886938104829,3.580295646034943,9,882
0.29,0.75,1.8,60s,60,167.80495415673727,13.378791212432098,4.459597070810699,9,1631
0.29,0.75,1.8,90s,90,177.39241068458637,16.379110552119375,5.459703517373125,9,2263
0.29,0.75,1.9,30s,30,165.1876786910917,7.7524788694570645,2.5841596231523547,9,853
0.29,0.75,1.9,60s,60,168.5531543077869,14.167642222725194,4.722547407575065,9,1613
0.29,0.75,1.9,90s,90,176.46416626026846,16.152008017504954,5.384002672501651,9,2361
0.29,0.75,2.0,30s,30,165.24713835432104,9.506198211620738,3.1687327372069127,9,915
0.29,0.75,2.0,60s,60,167.6142959743365,12.737282533785237,4.245760844595079,9,1597
0.29,0.75,2.0,90s,90,174.92936850397822,14.492312836694545,4.830770945564848,9,2311
0.29,0.76,1.0,30s,30,173.5897460210995,17.98695066249637,5.995650220832123,9,879
0.29,0.76,1.0,60s,60,170.76167176396544,14.198840616659625,4.732946872219875,9,1591
0.29,0.76,1.0,90s,90,180.19330222728655,18.887560289277275,6.295853429759092,9,2309
0.29,0.76,1.1,30s,30,170.59621642189356,15.674064529704408,5.224688176568136,9,860
0.29,0.76,1.1,60s,60,170.76942586651683,11.827530545293683,3.942510181764561,9,1661
0.29,0.76,1.1,90s,90,181.57723577563237,20.741218266485365,6.913739422161789,9,2358
0.29,0.76,1.2,30s,30,170.93023294785496,16.553324451112957,5.517774817037652,9,889
0.29,0.76,1.2,60s,60,168.97076070129793,13.031348265945168,4.343782755315056,9,1629
0.29,0.76,1.2,90s,90,182.1357733650512,19.182286639417903,6.394095546472634,9,2303
0.29,0.76,1.3,30s,30,168.9397365309209,10.891012091079837,3.630337363693279,9,895
0.29,0.76,1.3,60s,60,169.1481308989875,12.0963758130107,4.032125271003567,9,1615
0.29,0.76,1.3,90s,90,180.80071370128243,18.103686535904092,6.0345621786346975,9,2360
0.29,0.76,1.4,30s,30,168.4892399226608,14.350810118321407,4.783603372773802,9,900
0.29,0.76,1.4,60s,60,170.1565251073449,13.211037785227619,4.40367926174254,9,1623
0.29,0.76,1.4,90s,90,181.05678766101667,15.38972842159075,5.1299094738635835,9,2299
0.29,0.76,1.5,30s,30,167.95105714548484,9.14100375709369,3.0470012523645633,9,883
0.29,0.76,1.5,60s,60,168.40348021619243,13.47003364183383,4.49001121394461,9,1620
0.29,0.76,1.5,90s,90,181.6348155120557,19.441048658399122,6.480349552799708,9,2348
0.29,0.76,1.6,30s,30,169.61773040116555,10.346333118533531,3.4487777061778435,9,828
0.29,0.76,1.6,60s,60,168.82755286285854,13.483173974530722,4.494391324843574,9,1648
0.29,0.76,1.6,90s,90,180.3992311349312,17.319742107390407,5.773247369130136,9,2337
0.29,0.76,1.7,30s,30,167.42063595740646,7.69518347412577,2.565061158041923,9,902
0.29,0.76,1.7,60s,60,168.30522160058092,13.876160945545706,4.6253869818485684,9,1598
0.29,0.76,1.7,90s,90,179.98182304888988,19.615609365391638,6.538536455130546,9,2324
0.29,0.76,1.8,30s,30,166.94210128544603,9.66272421929373,3.22090807309791,9,850
0.29,0.76,1.8,60s,60,168.74993496449324,11.54871245092424,3.849570816974747,9,1607
0.29,0.76,1.8,90s,90,181.13996153947912,19.58417802937389,6.528059343124631,9,2304
0.29,0.76,1.9,30s,30,167.72706682753326,9.697307708149062,3.232435902716354,9,887
0.29,0.76,1.9,60s,60,168.01838099082931,13.78009425348154,4.593364751160514,9,1630
0.29,0.76,1.9,90s,90,178.1358538257036,15.993159154780678,5.3310530515935595,9,2316
0.29,0.76,2.0,30s,30,168.37794403804196,9.765363218161275,3.2551210727204247,9,904
0.29,0.76,2.0,60s,60,167.93465882982466,13.648140268576784,4.549380089525594,9,1640
0.29,0.76,2.0,90s,90,176.19918419819584,14.993547551991805,4.9978491839972685,9,2346
0.29,0.77,1.0,30s,30,173.15119080893655,14.448082888524452,4.8160276295081506,9,856
0.29,0.77,1.0,60s,60,171.57904877378394,14.557193076078518,4.852397692026172,9,1660
0.29,0.77,1.0,90s,90,182.30476488358013,17.33664007645405,5.778880025484683,9,2314
0.29,0.77,1.1,30s,30,172.68782953558707,13.667556865185738,4.555852288395246,9,911
0.29,0.77,1.1,60s,60,169.681490641547,14.53211735131494,4.8440391171049795,9,1632
0.29,0.77,1.1,90s,90,184.36228323827527,20.560467355384628,6.8534891184615425,9,2328
0.29,0.77,1.2,30s,30,174.20495144416262,14.337527520285756,4.7791758400952515,9,872
0.29,0.77,1.2,60s,60,170.7537205529597,14.751000883486276,4.917000294495425,9,1645
0.29,0.77,1.2,90s,90,184.57628485618181,18.660917017463074,6.220305672487691,9,2363
0.29,0.77,1.3,30s,30,174.95915012616854,15.232050437022043,5.077350145674014,9,844
0.29,0.77,1.3,60s,60,169.8557363702903,13.200631133329491,4.400210377776497,9,1609
0.29,0.77,1.3,90s,90,184.2275766413313,20.75992030976702,6.919973436589006,9,2305
0.29,0.77,1.4,30s,30,170.77413076309534,11.123730511735213,3.7079101705784043,9,868
0.29,0.77,1.4,60s,60,169.73301456961067,13.230309325311952,4.410103108437317,9,1638
0.29,0.77,1.4,90s,90,183.24576591305947,20.165032931451,6.721677643817,9,2349
0.29,0.77,1.5,30s,30,171.24762035944914,12.551293240717074,4.183764413572358,9,884
0.29,0.77,1.5,60s,60,168.638062769076,13.538258433284506,4.512752811094836,9,1623
0.29,0.77,1.5,90s,90,182.87985566321296,19.496114013507135,6.498704671169045,9,2365
0.29,0.77,1.6,30s,30,169.05082631374114,11.12083245371512,3.7069441512383734,9,869
0.29,0.77,1.6,60s,60,170.56999184516732,14.15884650052298,4.719615500174327,9,1628
0.29,0.77,1.6,90s,90,181.07752314851652,17.091461677807857,5.697153892602619,9,2314
0.29,0.77,1.7,30s,30,169.60789709874032,8.336903358960729,2.778967786320243,9,876
0.29,0.77,1.7,60s,60,169.89712930496793,14.667800511793699,4.889266837264566,9,1605
0.29,0.77,1.7,90s,90,183.23734128188045,20.44032618005437,6.813442060018123,9,2346
0.29,0.77,1.8,30s,30,169.22094445071193,10.241154248997017,3.4137180829990057,9,842
0.29,0.77,1.8,60s,60,172.06542375409688,16.395126444778516,5.4650421482595055,9,1663
0.29,0.77,1.8,90s,90,181.80164425037268,19.36080639894399,6.45360213298133,9,2382
0.29,0.77,1.9,30s,30,167.62983731131317,8.719685502913594,2.906561834304531,9,877
0.29,0.77,1.9,60s,60,169.18240453112583,12.991975100299243,4.330658366766414,9,1607
0.29,0.77,1.9,90s,90,180.71906281800875,17.15165736944344,5.717219123147814,9,2319
0.29,0.77,2.0,30s,30,168.94569845193772,10.62748321264171,3.5424944042139033,9,879
0.29,0.77,2.0,60s,60,169.477028023152,15.01949850313304,5.006499501044346,9,1678
0.29,0.77,2.0,90s,90,178.2791831626048,14.425510081293492,4.808503360431164,9,2296
0.29,0.78,1.0,30s,30,170.44773345494323,12.721743842765235,4.240581280921745,9,865
0.29,0.78,1.0,60s,60,173.19647781306747,14.622781955395363,4.874260651798454,9,1555
0.29,0.78,1.0,90s,90,183.73785150717757,18.842687518643103,6.280895839547701,9,2355
0.29,0.78,1.1,30s,30,170.64207239054727,11.881835918015295,3.960611972671765,9,925
0.29,0.78,1.1,60s,60,172.64267738586514,16.710019429930828,5.570006476643609,9,1605
0.29,0.78,1.1,90s,90,185.13123527601476,20.40930530342635,6.8031017678087835,9,2306
0.29,0.78,1.2,30s,30,170.65350650247822,10.756764816935021,3.5855882723116737,9,863
0.29,0.78,1.2,60s,60,170.8477267677695,14.006372576294613,4.668790858764871,9,1617
0.29,0.78,1.2,90s,90,183.84057916526606,20.191200005920326,6.730400001973442,9,2329
0.29,0.78,1.3,30s,30,171.19249762929908,12.394914920795609,4.13163830693187,9,877
0.29,0.78,1.3,60s,60,170.0223842474515,13.434306759111706,4.478102253037235,9,1591
0.29,0.78,1.3,90s,90,184.24504613656114,18.481176580925396,6.1603921936417985,9,2336
0.29,0.78,1.4,30s,30,173.77674583461257,11.244584698351781,3.748194899450594,9,883
0.29,0.78,1.4,60s,60,171.10586750130346,14.890923897972062,4.963641299324021,9,1603
0.29,0.78,1.4,90s,90,183.64776569123723,21.34661952354324,7.1155398411810795,9,2319
0.29,0.78,1.5,30s,30,171.43819610243605,10.875682973595712,3.625227657865237,9,878
0.29,0.78,1.5,60s,60,170.2352535096225,14.79650544454452,4.93216848151484,9,1579
0.29,0.78,1.5,90s,90,182.96394652785818,17.7555513750526,5.918517125017534,9,2308
0.29,0.78,1.6,30s,30,170.14503309822692,9.643710615430656,3.214570205143552,9,873
0.29,0.78,1.6,60s,60,170.38093665337527,15.22856394588469,5.076187981961564,9,1623
0.29,0.78,1.6,90s,90,179.88674581571166,16.416704190818066,5.472234730272689,9,2344
0.29,0.78,1.7,30s,30,168.68059006317955,9.64350667397474,3.2145022246582466,9,853
0.29,0.78,1.7,60s,60,170.91409441648958,15.463612008059286,5.154537336019762,9,1624
0.29,0.78,1.7,90s,90,181.0693226348513,16.010304126925696,5.336768042308566,9,2222
0.29,0.78,1.8,30s,30,169.00398662912153,9.267108767846976,3.089036255948992,9,939
0.29,0.78,1.8,60s,60,172.61691135236046,17.95487051682147,5.98495683894049,9,1647
0.29,0.78,1.8,90s,90,180.69895812893586,17.54454535735567,5.848181785785223,9,2393
0.29,0.78,1.9,30s,30,166.18978131525446,10.846842420611555,3.6156141402038515,9,868
0.29,0.78,1.9,60s,60,171.42418374693074,16.536465708571683,5.512155236190561,9,1594
0.29,0.78,1.9,90s,90,180.49111601241398,19.46381839919902,6.4879394663996734,9,2354
0.29,0.78,2.0,30s,30,167.0839139749591,10.03557200615233,3.3451906687174433,9,867
0.29,0.78,2.0,60s,60,169.32729661676223,13.762510119952019,4.58750337331734,9,1587
0.29,0.78,2.0,90s,90,179.44618013343026,17.51942384589426,5.83980794863142,9,2338
0.29,0.79,1.0,30s,30,172.60102108374628,11.23190758231713,3.7439691941057096,9,920
0.29,0.79,1.0,60s,60,172.29426478988725,13.883310161234867,4.627770053744956,9,1632
0.29,0.79,1.0,90s,90,186.45346208168678,17.060729819309692,5.6869099397698974,9,2294
0.29,0.79,1.1,30s,30,174.77434170164136,15.229675837679373,5.076558612559791,9,841
0.29,0.79,1.1,60s,60,173.18571142677717,14.352744187603575,4.784248062534525,9,1626
0.29,0.79,1.1,90s,90,183.81825514591665,14.700861736554227,4.900287245518076,9,2308
0.29,0.79,1.2,30s,30,173.703002013385,14.590489253247318,4.863496417749106,9,857
0.29,0.79,1.2,60s,60,176.06433788225638,19.545414327552326,6.515138109184108,9,1636
0.29,0.79,1.2,90s,90,183.50829972506398,14.811486922099059,4.937162307366353,9,2314
0.29,0.79,1.3,30s,30,173.69270113113052,10.442458813655339,3.4808196045517796,9,903
0.29,0.79,1.3,60s,60,173.69256654369303,17.138117092258494,5.712705697419498,9,1635
0.29,0.79,1.3,90s,90,185.90614233320298,16.94249296837316,5.647497656124386,9,2347
0.29,0.79,1.4,30s,30,172.7564062246155,12.193127239443937,4.064375746481312,9,904
0.29,0.79,1.4,60s,60,171.7387451476271,14.284139633201313,4.761379877733771,9,1629
0.29,0.79,1.4,90s,90,185.52429183118457,18.59206026199574,6.197353420665247,9,2367
0.29,0.79,1.5,30s,30,172.08797807094297,11.769659295850008,3.9232197652833363,9,872
0.29,0.79,1.5,60s,60,172.2591512849722,15.824093493286975,5.274697831095659,9,1575
0.29,0.79,1.5,90s,90,185.3972253024594,18.011971226259316,6.003990408753105,9,2338
0.29,0.79,1.6,30s,30,170.82184861412472,11.49169508557858,3.8305650285261934,9,879
0.29,0.79,1.6,60s,60,172.09054534024955,15.356395155156322,5.1187983850521075,9,1678
0.29,0.79,1.6,90s,90,186.01739554095116,19.683604217479296,6.561201405826432,9,2340
0.29,0.79,1.7,30s,30,171.1018503977154,8.52350547357179,2.841168491190597,9,893
0.29,0.79,1.7,60s,60,171.82298646735822,14.991050168447478,4.997016722815826,9,1549
0.29,0.79,1.7,90s,90,183.20906509605717,14.766821438039704,4.922273812679902,9,2313
0.29,0.79,1.8,30s,30,172.17711913293238,8.75487806828593,2.918292689428643,9,867
0.29,0.79,1.8,60s,60,171.0886950377041,14.181733885882474,4.727244628627491,9,1583
0.29,0.79,1.8,90s,90,183.5621150163864,17.810294734347384,5.936764911449128,9,2374
0.29,0.79,1.9,30s,30,170.0814523747504,7.745501027338298,2.5818336757794325,9,872
0.29,0.79,1.9,60s,60,171.698443482608,14.573922768179905,4.857974256059968,9,1618
0.29,0.79,1.9,90s,90,183.6141195631785,16.866392685041465,5.622130895013822,9,2308
0.29,0.79,2.0,30s,30,168.7156970144238,8.945357090253102,2.981785696751034,9,868
0.29,0.79,2.0,60s,60,171.56816036560102,14.216834852571145,4.738944950857048,9,1574
0.29,0.79,2.0,90s,90,181.81643930592497,14.494244565489165,4.831414855163055,9,2329
0.29,0.8,1.0,30s,30,174.82954255177555,10.921534824929473,3.6405116083098243,9,891
0.29,0.8,1.0,60s,60,176.05244019195047,13.774690245993986,4.591563415331328,9,1562
0.29,0.8,1.0,90s,90,189.78538559915128,20.081915925121464,6.693971975040488,9,2359
0.29,0.8,1.1,30s,30,175.37197468020506,11.803118921209066,3.9343729737363553,9,886
0.29,0.8,1.1,60s,60,175.57314845060878,13.342174185502198,4.4473913951674,9,1584
0.29,0.8,1.1,90s,90,189.6981043601968,19.98900262228091,6.663000874093637,9,2337
0.29,0.8,1.2,30s,30,171.92951553143843,9.793180526125468,3.264393508708489,9,851
0.29,0.8,1.2,60s,60,179.49678632874927,16.93904868430771,5.646349561435904,9,1614
0.29,0.8,1.2,90s,90,190.14195181338954,20.685903880015253,6.8953012933384175,9,2270
0.29,0.8,1.3,30s,30,173.42764944958094,10.773543911719491,3.591181303906497,9,919
0.29,0.8,1.3,60s,60,176.1857502519133,15.257008994547158,5.0856696648490525,9,1616
0.29,0.8,1.3,90s,90,188.17257622866845,16.547015973392202,5.515671991130734,9,2331
0.29,0.8,1.4,30s,30,173.85744209644042,12.75876486930519,4.25292162310173,9,872
0.29,0.8,1.4,60s,60,174.51438261043185,14.314492271130206,4.771497423710069,9,1638
0.29,0.8,1.4,90s,90,189.44655179233763,19.610959668830898,6.536986556276966,9,2341
0.29,0.8,1.5,30s,30,174.99501251331708,10.989797595053137,3.663265865017712,9,835
0.29,0.8,1.5,60s,60,175.37607129030235,16.24866698969334,5.4162223298977805,9,1624
0.29,0.8,1.5,90s,90,188.54610628904663,18.653835711408025,6.217945237136008,9,2295
0.29,0.8,1.6,30s,30,174.679377988762,8.620589232487358,2.8735297441624525,9,840
0.29,0.8,1.6,60s,60,177.26361568496878,17.90595431910696,5.96865143970232,9,1625
0.29,0.8,1.6,90s,90,187.16929465649196,17.029550699699953,5.676516899899984,9,2280
0.29,0.8,1.7,30s,30,173.08993016836294,9.17094682253525,3.0569822741784165,9,877
0.29,0.8,1.7,60s,60,174.80404589756853,15.062293136602568,5.020764378867523,9,1614
0.29,0.8,1.7,90s,90,187.61214272469547,20.65335260987286,6.884450869957621,9,2273
0.29,0.8,1.8,30s,30,172.24838180039978,7.241564168036664,2.413854722678888,9,831
0.29,0.8,1.8,60s,60,174.55416286563735,14.848760348629593,4.949586782876531,9,1655
0.29,0.8,1.8,90s,90,186.03780335296585,17.698020332453005,5.899340110817668,9,2252
0.29,0.8,1.9,30s,30,173.09765629542787,9.648123569137788,3.216041189712596,9,874
0.29,0.8,1.9,60s,60,173.885553097374,14.833741780172032,4.944580593390677,9,1620
0.29,0.8,1.9,90s,90,184.7929578717673,17.9475529528421,5.982517650947366,9,2242
0.29,0.8,2.0,30s,30,171.03843391012333,8.148148301355866,2.7160494337852885,9,920
0.29,0.8,2.0,60s,60,173.65433053544893,13.61183211635383,4.537277372117943,9,1586
0.29,0.8,2.0,90s,90,184.05835244206943,18.376599142716103,6.125533047572034,9,2345
0.3,0.5,0.0,30s,30,136.42219589257178,17.65623537742807,5.885411792476024,9,935
0.3,0.5,0.0,60s,60,128.2277500945479,10.476382186174956,3.492127395391652,9,1643
0.3,0.5,0.0,90s,90,130.44977937537158,11.700045389313456,3.900015129771152,9,2393
0.3,0.5,0.5,30s,30,137.46084555405008,12.570634604515003,4.190211534838334,9,925
0.3,0.5,0.5,60s,60,125.48565032632112,9.164378192807419,3.0547927309358065,9,1619
0.3,0.5,0.5,90s,90,129.65383906811377,8.213070620849335,2.7376902069497784,9,2343
0.3,0.5,1.0,30s,30,138.86462018198304,8.522513875561863,2.840837958520621,9,863
0.3,0.5,1.0,60s,60,127.60512503581127,8.28112139594195,2.7603737986473167,9,1625
0.3,0.5,1.0,90s,90,128.5304400334401,10.981902821765273,3.6606342739217577,9,2232
0.3,0.5,1.5,30s,30,134.45518216627823,8.987125452464285,2.9957084841547617,9,949
0.3,0.5,1.5,60s,60,128.00367170631526,6.646854963999566,2.2156183213331886,9,1665
0.3,0.5,1.5,90s,90,129.58053673552288,9.348123835827737,3.1160412786092455,9,2396
0.3,0.5,2.0,30s,30,135.3524013528747,7.645610718724427,2.5485369062414756,9,896
0.3,0.5,2.0,60s,60,127.92475835543782,7.195229467553857,2.3984098225179524,9,1669
0.3,0.5,2.0,90s,90,127.36797846375332,8.178396878208464,2.7261322927361546,9,2381
0.3,0.5,2.5,30s,30,130.8634946611368,7.165238713600598,2.3884129045335327,9,906
0.3,0.5,2.5,60s,60,127.79269960979221,7.073383285770603,2.3577944285902013,9,1669
0.3,0.5,2.5,90s,90,127.43449780433954,8.818488760423682,2.9394962534745606,9,2302
0.3,0.5,3.0,30s,30,133.1470295493233,7.493476958650394,2.497825652883465,9,904
0.3,0.5,3.0,60s,60,127.35040130131425,6.548414397207747,2.182804799069249,9,1647
0.3,0.5,3.0,90s,90,125.47780563267709,7.52553791480864,2.5085126382695466,9,2331
0.3,0.6,0.0,30s,30,153.3082754141801,22.08622106804228,7.362073689347427,9,897
0.3,0.6,0.0,60s,60,143.32634784509037,13.758896157659212,4.586298719219737,9,1617
0.3,0.6,0.0,90s,90,144.38268563329342,14.07575517765288,4.69191839255096,9,2333
0.3,0.6,0.5,30s,30,154.1932014485498,16.272053143826096,5.4240177146086985,9,903
0.3,0.6,0.5,60s,60,139.62190122890962,13.51151567905725,4.50383855968575,9,1591
0.3,0.6,0.5,90s,90,144.95787008683527,11.839719699063041,3.9465732330210135,9,2277
0.3,0.6,1.0,30s,30,156.35342939258356,13.98354698117325,4.66118232705775,9,916
0.3,0.6,1.0,60s,60,142.7209312677253,7.992684970163057,2.6642283233876856,9,1595
0.3,0.6,1.0,90s,90,146.2847801957622,13.230975460893388,4.410325153631129,9,2303
0.3,0.6,1.1,30s,30,149.9553184958437,11.644955017312707,3.881651672437569,9,949
0.3,0.6,1.1,60s,60,144.4136437182897,10.27772593568717,3.425908645229057,9,1619
0.3,0.6,1.1,90s,90,147.73742433766492,14.268842183939023,4.756280727979674,9,2367
0.3,0.6,1.2,30s,30,150.78776631818957,9.003314700856082,3.0011049002853607,9,881
0.3,0.6,1.2,60s,60,142.1248325553647,10.576428906254867,3.5254763020849555,9,1590
0.3,0.6,1.2,90s,90,146.93966038083087,12.9092545061401,4.303084835380033,9,2313
0.3,0.6,1.3,30s,30,153.28599149802034,10.117529826579329,3.3725099421931097,9,880
0.3,0.6,1.3,60s,60,141.85006108972655,9.607253452704756,3.202417817568252,9,1640
0.3,0.6,1.3,90s,90,146.85961944059875,12.97991860807245,4.3266395360241505,9,2306
0.3,0.6,1.4,30s,30,152.44183726779514,11.137657157536163,3.7125523858453877,9,906
0.3,0.6,1.4,60s,60,142.7681810727244,9.306788786712229,3.1022629289040764,9,1600
0.3,0.6,1.4,90s,90,148.11089885443573,13.657691857096376,4.552563952365459,9,2344
0.3,0.6,1.5,30s,30,149.7814743177694,9.769550442319431,3.2565168141064773,9,901
0.3,0.6,1.5,60s,60,140.96408436081126,9.121631988129833,3.0405439960432776,9,1655
0.3,0.6,1.5,90s,90,146.37332940031988,12.324237260680086,4.108079086893362,9,2278
0.3,0.6,1.6,30s,30,150.22767894605855,10.015810515735952,3.338603505245317,9,909
0.3,0.6,1.6,60s,60,142.122483035194,10.58018222517524,3.526727408391747,9,1688
0.3,0.6,1.6,90s,90,145.0645196994744,12.943622438924947,4.3145408129749825,9,2275
0.3,0.6,1.7,30s,30,147.86668143117717,8.654229151762415,2.884743050587472,9,915
0.3,0.6,1.7,60s,60,141.09688878268983,9.492573534370313,3.164191178123438,9,1611
0.3,0.6,1.7,90s,90,143.84851497691722,9.439849177851555,3.146616392617185,9,2330
0.3,0.6,1.8,30s,30,147.9841655031732,5.831859803030376,1.943953267676792,9,904
0.3,0.6,1.8,60s,60,142.19889795620006,10.02770067864109,3.342566892880363,9,1612
0.3,0.6,1.8,90s,90,144.96365191921822,12.542556225421643,4.180852075140548,9,2343
0.3,0.6,1.9,30s,30,148.71883713409773,5.2348609563614215,1.7449536521204738,9,899
0.3,0.6,1.9,60s,60,140.42056790487322,11.320290944364109,3.7734303147880364,9,1596
0.3,0.6,1.9,90s,90,143.13622950819698,9.415639749513584,3.1385465831711947,9,2318
0.3,0.6,2.0,30s,30,149.2148927435668,6.9178362291749025,2.3059454097249676,9,912
0.3,0.6,2.0,60s,60,140.85807499909814,11.263125772972328,3.754375257657443,9,1671
0.3,0.6,2.0,90s,90,143.8873314944309,10.769228160515754,3.589742720171918,9,2349
0.3,0.6,2.5,30s,30,143.16724179675646,7.44750940215231,2.48250313405077,9,850
0.3,0.6,2.5,60s,60,141.57838915738634,10.884300667154568,3.6281002223848557,9,1666
0.3,0.6,2.5,90s,90,142.06714862588044,9.154854334881941,3.0516181116273136,9,2367
0.3,0.6,3.0,30s,30,144.5199612247967,8.620028918379392,2.8733429727931306,9,897
0.3,0.6,3.0,60s,60,140.56105701244098,10.137900843881265,3.379300281293755,9,1685
0.3,0.6,3.0,90s,90,139.51268376186064,9.065553526538935,3.021851175512978,9,2367
0.3,0.61,1.0,30s,30,154.72598454440842,13.861143819928294,4.620381273309431,9,892
0.3,0.61,1.0,60s,60,144.33847152407975,10.408028981573988,3.469342993857996,9,1602
0.3,0.61,1.0,90s,90,149.43255915966722,14.051803817308727,4.683934605769576,9,2329
0.3,0.61,1.1,30s,30,153.17968360221164,10.069976087522349,3.356658695840783,9,892
0.3,0.61,1.1,60s,60,143.75433116608397,10.735157017905296,3.5783856726350987,9,1621
0.3,0.61,1.1,90s,90,151.21111896592802,16.08578954678197,5.361929848927324,9,2305
0.3,0.61,1.2,30s,30,152.60062936860348,10.14646950151635,3.38215650050545,9,822
0.3,0.61,1.2,60s,60,144.84565893108328,9.125813539326291,3.041937846442097,9,1615
0.3,0.61,1.2,90s,90,150.79541058598005,14.980461374118283,4.993487124706094,9,2355
0.3,0.61,1.3,30s,30,153.01667422509544,11.320623251613892,3.7735410838712973,9,876
0.3,0.61,1.3,60s,60,145.43179045867407,8.805249030625628,2.9350830102085426,9,1662
0.3,0.61,1.3,90s,90,151.3868395544829,14.753383411137959,4.917794470379319,9,2366
0.3,0.61,1.4,30s,30,151.76301291199604,10.912022676548432,3.6373408921828108,9,888
0.3,0.61,1.4,60s,60,143.809889268558,8.498856157707692,2.832952052569231,9,1631
0.3,0.61,1.4,90s,90,148.1700007857517,12.573382538562203,4.1911275128540675,9,2229
0.3,0.61,1.5,30s,30,151.3550961099428,9.291228187811107,3.0970760626037026,9,856
0.3,0.61,1.5,60s,60,141.2533110151264,10.69497826096969,3.564992753656563,9,1634
0.3,0.61,1.5,90s,90,149.64129559962745,15.277912091013437,5.0926373636711455,9,2347
0.3,0.61,1.6,30s,30,152.57238553499946,10.469202443337752,3.4897341477792505,9,875
0.3,0.61,1.6,60s,60,143.36280474428074,11.699486333907908,3.8998287779693026,9,1619
0.3,0.61,1.6,90s,90,150.2344670718461,14.713408608650312,4.90446953621677,9,2323
0.3,0.61,1.7,30s,30,150.28494021229116,12.175780198292305,4.058593399430769,9,906
0.3,0.61,1.7,60s,60,142.43677256473038,10.498850989274182,3.4996169964247272,9,1601
0.3,0.61,1.7,90s,90,148.06574993057646,11.69039877497295,3.89679959165765,9,2385
0.3,0.61,1.8,30s,30,147.96227273244125,6.680548329906862,2.2268494433022874,9,861
0.3,0.61,1.8,60s,60,142.39637875681066,9.917781961175585,3.3059273203918615,9,1605
0.3,0.61,1.8,90s,90,146.406910244203,10.563861719275721,3.5212872397585735,9,2297
0.3,0.61,1.9,30s,30,149.4838955086783,8.634695174786387,2.8782317249287956,9,883
0.3,0.61,1.9,60s,60,142.95536649653798,10.029611622330831,3.343203874110277,9,1660
0.3,0.61,1.9,90s,90,147.12625298153495,11.470904941689628,3.8236349805632095,9,2306
0.3,0.61,2.0,30s,30,149.87994935819313,7.7484684385470235,2.582822812849008,9,893
0.3,0.61,2.0,60s,60,142.56774684529984,11.170857809800985,3.723619269933662,9,1646
0.3,0.61,2.0,90s,90,146.92771352461196,12.329208577141184,4.109736192380395,9,2353
0.3,0.62,1.0,30s,30,154.37015620063758,15.39548175340335,5.1318272511344505,9,942
0.3,0.62,1.0,60s,60,145.74344395013367,11.238979791293474,3.746326597097825,9,1617
0.3,0.62,1.0,90s,90,148.6753707502785,10.023435813887712,3.341145271295904,9,2270
0.3,0.62,1.1,30s,30,152.63330679046982,11.952886195127736,3.9842953983759117,9,912
0.3,0.62,1.1,60s,60,147.90268133540715,10.885305003691908,3.628435001230636,9,1641
0.3,0.62,1.1,90s,90,151.74990244192787,13.84651199648576,4.615503998828586,9,2330
0.3,0.62,1.2,30s,30,153.82405637669,13.084845263591149,4.361615087863716,9,923
0.3,0.62,1.2,60s,60,146.0564203047049,8.889448165387002,2.963149388462334,9,1603
0.3,0.62,1.2,90s,90,150.6641319304392,12.739889091182645,4.2466296970608814,9,2310
0.3,0.62,1.3,30s,30,152.1524032286557,13.327792558025946,4.442597519341982,9,916
0.3,0.62,1.3,60s,60,148.15061683996748,10.683151058111893,3.561050352703964,9,1629
0.3,0.62,1.3,90s,90,151.0075032782745,12.128902910965735,4.042967636988578,9,2312
0.3,0.62,1.4,30s,30,152.55091729681232,12.803851353617718,4.267950451205906,9,881
0.3,0.62,1.4,60s,60,145.2671419301542,11.72249422818228,3.90749807606076,9,1581
0.3,0.62,1.4,90s,90,150.5088673435111,12.850940216692356,4.283646738897452,9,2299
0.3,0.62,1.5,30s,30,154.3128905652395,13.210690839874102,4.403563613291367,9,916
0.3,0.62,1.5,60s,60,144.20762838973266,12.124522341079214,4.0415074470264045,9,1626
0.3,0.62,1.5,90s,90,149.7106480413562,13.360844113245179,4.45361470441506,9,2238
0.3,0.62,1.6,30s,30,152.1112163083091,10.615079351960231,3.538359783986744,9,910
0.3,0.62,1.6,60s,60,146.01729045364385,12.76552754020591,4.255175846735304,9,1646
0.3,0.62,1.6,90s,90,149.3411889521358,13.765487757987986,4.588495919329328,9,2333
0.3,0.62,1.7,30s,30,149.52831816413334,8.875948484173417,2.9586494947244724,9,917
0.3,0.62,1.7,60s,60,146.04133864114974,10.656234470035816,3.5520781566786055,9,1598
0.3,0.62,1.7,90s,90,150.97933898257628,13.71867100930786,4.572890336435953,9,2363
0.3,0.62,1.8,30s,30,149.50181543310168,7.7552586217414365,2.5850862072471457,9,912
0.3,0.62,1.8,60s,60,145.50308787805213,12.215650393904225,4.071883464634742,9,1663
0.3,0.62,1.8,90s,90,147.64894109152786,9.510708044655875,3.1702360148852917,9,2335
0.3,0.62,1.9,30s,30,149.21104029723423,7.489125062781139,2.4963750209270463,9,900
0.3,0.62,1.9,60s,60,144.79617522474183,13.260475521807592,4.420158507269197,9,1679
0.3,0.62,1.9,90s,90,146.1549898777147,10.37338203996127,3.4577940133204232,9,2327
0.3,0.62,2.0,30s,30,149.26684232407393,7.239592677824384,2.4131975592747947,9,878
0.3,0.62,2.0,60s,60,145.26433988652184,11.841411580353173,3.9471371934510575,9,1600
0.3,0.62,2.0,90s,90,146.30967548570212,9.66455140444941,3.22151713481647,9,2310
0.3,0.63,1.0,30s,30,160.29423845499093,14.353433085972707,4.784477695324235,9,848
0.3,0.63,1.0,60s,60,148.92334365402974,12.070789003777033,4.0235963345923444,9,1656
0.3,0.63,1.0,90s,90,153.117096256553,14.107829554619796,4.702609851539932,9,2390
0.3,0.63,1.1,30s,30,152.41394882333083,11.069848480332576,3.689949493444192,9,853
0.3,0.63,1.1,60s,60,149.5726947506788,11.443904802134854,3.8146349340449515,9,1601
0.3,0.63,1.1,90s,90,153.27931427825007,13.00071041289262,4.333570137630873,9,2314
0.3,0.63,1.2,30s,30,154.90184943261596,12.987628319746182,4.329209439915394,9,909
0.3,0.63,1.2,60s,60,150.17848056969797,10.767179133954091,3.5890597113180305,9,1644
0.3,0.63,1.2,90s,90,155.57599010982156,14.998913244461615,4.999637748153872,9,2398
0.3,0.63,1.3,30s,30,154.93507328637395,11.072497566880132,3.6908325222933773,9,897
0.3,0.63,1.3,60s,60,149.98427982585073,11.354431181380905,3.784810393793635,9,1591
0.3,0.63,1.3,90s,90,153.97507550124269,15.12885885207735,5.04295295069245,9,2363
0.3,0.63,1.4,30s,30,153.83915720931103,11.337556637467285,3.7791855458224286,9,877
0.3,0.63,1.4,60s,60,150.18426092041582,9.659411628932475,3.219803876310825,9,1634
0.3,0.63,1.4,90s,90,153.00099086517503,15.74524766911268,5.248415889704227,9,2342
0.3,0.63,1.5,30s,30,157.3404472643942,11.001087316410489,3.667029105470163,9,881
0.3,0.63,1.5,60s,60,149.69927412324753,12.193674516768267,4.064558172256089,9,1637
0.3,0.63,1.5,90s,90,151.5909502894921,14.030074732308314,4.676691577436105,9,2339
0.3,0.63,1.6,30s,30,151.35958129494838,12.283816555327936,4.094605518442646,9,933
0.3,0.63,1.6,60s,60,148.2216412458131,12.337877992813642,4.112625997604547,9,1616
0.3,0.63,1.6,90s,90,153.17901423274634,14.628566816754903,4.876188938918301,9,2355
0.3,0.63,1.7,30s,30,151.24849475573805,10.184957758066465,3.3949859193554883,9,909
0.3,0.63,1.7,60s,60,148.18573096601378,12.186455819892462,4.062151939964154,9,1659
0.3,0.63,1.7,90s,90,151.89161218277874,14.123373222505675,4.707791074168559,9,2349
0.3,0.63,1.8,30s,30,152.15244399481784,6.4188088985791465,2.1396029661930487,9,879
0.3,0.63,1.8,60s,60,149.36108363147983,12.18672105486081,4.06224035162027,9,1683
0.3,0.63,1.8,90s,90,149.0070441989012,11.107394227783361,3.702464742594454,9,2298
0.3,0.63,1.9,30s,30,150.00385136848493,9.073764471842214,3.024588157280738,9,861
0.3,0.63,1.9,60s,60,147.16921653117834,11.760999920991303,3.920333306997101,9,1655
0.3,0.63,1.9,90s,90,148.49791129863056,10.413700006992965,3.4712333356643215,9,2343
0.3,0.63,2.0,30s,30,150.4913335098785,8.252028278139507,2.750676092713169,9,910
0.3,0.63,2.0,60s,60,148.9073936744984,13.385330812392311,4.461776937464104,9,1627
0.3,0.63,2.0,90s,90,150.64512727097733,11.612353820559788,3.8707846068532628,9,2333
0.3,0.64,1.0,30s,30,156.11758797403868,16.481881383996015,5.493960461332005,9,918
0.3,0.64,1.0,60s,60,152.53188623556883,10.975237910905038,3.6584126369683463,9,1585
0.3,0.64,1.0,90s,90,153.6448912096272,11.399081507850806,3.7996938359502686,9,2325
0.3,0.64,1.1,30s,30,153.55570975446017,14.074270015543233,4.691423338514411,9,933
0.3,0.64,1.1,60s,60,151.0365175467828,7.94105479117758,2.64701826372586,9,1570
0.3,0.64,1.1,90s,90,157.3550698251009,15.467584145418098,5.155861381806033,9,2329
0.3,0.64,1.2,30s,30,156.1306470241367,12.064385017447043,4.0214616724823475,9,918
0.3,0.64,1.2,60s,60,151.7782785966059,10.930363753528377,3.6434545845094592,9,1619
0.3,0.64,1.2,90s,90,155.71989146960024,15.483064169585333,5.161021389861777,9,2372
0.3,0.64,1.3,30s,30,156.73581039634752,12.065179138080454,4.021726379360151,9,918
0.3,0.64,1.3,60s,60,152.08630938030575,11.54362296887509,3.847874322958363,9,1649
0.3,0.64,1.3,90s,90,156.33022949093123,12.740298826166336,4.2467662753887785,9,2330
0.3,0.64,1.4,30s,30,155.08024306904974,11.771832758441166,3.923944252813722,9,920
0.3,0.64,1.4,60s,60,149.9145056074991,12.00756875862702,4.00252291954234,9,1613
0.3,0.64,1.4,90s,90,157.06139773278247,15.997626853786755,5.332542284595585,9,2346
0.3,0.64,1.5,30s,30,157.42842522983653,9.864545490887016,3.288181830295672,9,868
0.3,0.64,1.5,60s,60,148.78031268189105,11.61360562785393,3.8712018759513103,9,1629
0.3,0.64,1.5,90s,90,155.84535557117871,15.204582438418852,5.068194146139617,9,2315
0.3,0.64,1.6,30s,30,154.06313827433254,8.704316851318124,2.9014389504393745,9,883
0.3,0.64,1.6,60s,60,151.1056474882777,11.305924554103258,3.7686415180344195,9,1620
0.3,0.64,1.6,90s,90,156.7952552077152,14.939202130624057,4.979734043541352,9,2369
0.3,0.64,1.7,30s,30,152.60086560683823,9.474301190981128,3.1581003969937096,9,873
0.3,0.64,1.7,60s,60,149.34734929606486,11.486821824091228,3.8289406080304094,9,1653
0.3,0.64,1.7,90s,90,156.223421690948,15.948750406273694,5.316250135424565,9,2325
0.3,0.64,1.8,30s,30,153.3725954683677,7.254347531429187,2.418115843809729,9,889
0.3,0.64,1.8,60s,60,149.508632417426,12.307533587078037,4.102511195692679,9,1625
0.3,0.64,1.8,90s,90,155.51039988507424,13.930992327035161,4.643664109011721,9,2310
0.3,0.64,1.9,30s,30,151.97230358256766,9.259564382322443,3.0865214607741476,9,941
0.3,0.64,1.9,60s,60,148.33801062174464,11.907927566766114,3.969309188922038,9,1653
0.3,0.64,1.9,90s,90,151.063919147845,11.88829664281865,3.962765547606217,9,2358
0.3,0.64,2.0,30s,30,152.0869528653788,7.296553532522354,2.4321845108407847,9,887
0.3,0.64,2.0,60s,60,149.05204682861935,11.867082643260682,3.955694214420227,9,1657
0.3,0.64,2.0,90s,90,151.6434364197507,13.0936611213843,4.3645537071281,9,2336
0.3,0.65,1.0,30s,30,158.40613950121684,10.584337909398362,3.528112636466121,9,837
0.3,0.65,1.0,60s,60,152.9093657973438,11.780461707675409,3.926820569225136,9,1638
0.3,0.65,1.0,90s,90,156.64291553115174,11.559618930691112,3.853206310230371,9,2296
0.3,0.65,1.1,30s,30,154.99949659239817,11.995503195703334,3.9985010652344446,9,903
0.3,0.65,1.1,60s,60,152.98811002423693,12.219616584048538,4.073205528016179,9,1597
0.3,0.65,1.1,90s,90,157.46067091842247,13.299503660433011,4.433167886811003,9,2300
0.3,0.65,1.2,30s,30,156.48515434628837,10.25071219522641,3.4169040650754696,9,853
0.3,0.65,1.2,60s,60,151.81925288005115,9.192760547096244,3.064253515698748,9,1590
0.3,0.65,1.2,90s,90,159.40644210597577,14.607697468971322,4.869232489657107,9,2316
0.3,0.65,1.3,30s,30,154.04398416699618,12.394189721177925,4.131396573725975,9,899
0.3,0.65,1.3,60s,60,153.18937816845843,11.58252177418288,3.860840591394293,9,1620
0.3,0.65,1.3,90s,90,158.66093315467577,13.672854179343206,4.557618059781069,9,2342
0.3,0.65,1.4,30s,30,156.76631022961755,13.373437132212366,4.457812377404122,9,943
0.3,0.65,1.4,60s,60,151.04574273411586,11.756665208462604,3.9188884028208677,9,1589
0.3,0.65,1.4,90s,90,158.1927777178145,12.857336316641334,4.285778772213778,9,2332
0.3,0.65,1.5,30s,30,156.61474336601032,11.337097671870549,3.779032557290183,9,885
0.3,0.65,1.5,60s,60,150.4541013519065,10.540903181531844,3.513634393843948,9,1603
0.3,0.65,1.5,90s,90,157.41930064590514,11.798698367436264,3.932899455812088,9,2321
0.3,0.65,1.6,30s,30,152.08133757001866,8.475969104899606,2.8253230349665355,9,856
0.3,0.65,1.6,60s,60,150.99357810149274,11.52461461952345,3.8415382065078165,9,1633
0.3,0.65,1.6,90s,90,158.62402256056515,14.475107781405546,4.825035927135182,9,2328
0.3,0.65,1.7,30s,30,152.92289100606342,9.304280179714876,3.1014267265716255,9,879
0.3,0.65,1.7,60s,60,152.09910221256987,12.365545316093115,4.121848438697705,9,1619
0.3,0.65,1.7,90s,90,156.16283445685073,11.171052798012164,3.7236842660040548,9,2314
0.3,0.65,1.8,30s,30,155.91438995218238,7.284278434913204,2.4280928116377347,9,891
0.3,0.65,1.8,60s,60,150.98706592479505,10.520934880311483,3.506978293437161,9,1662
0.3,0.65,1.8,90s,90,154.9315614948249,12.031653966568632,4.010551322189544,9,2287
0.3,0.65,1.9,30s,30,152.91355444178532,7.737286117903805,2.5790953726346015,9,868
0.3,0.65,1.9,60s,60,149.60976410832603,11.794366405949827,3.931455468649942,9,1649
0.3,0.65,1.9,90s,90,154.75762828648394,11.131893377364117,3.710631125788039,9,2300
0.3,0.65,2.0,30s,30,152.9016899223549,9.888676598686652,3.296225532895551,9,877
0.3,0.65,2.0,60s,60,150.83754996140306,12.324358329555096,4.108119443185032,9,1613
0.3,0.65,2.0,90s,90,155.6514442570232,12.109702672718537,4.0365675575728455,9,2367
0.3,0.66,1.0,30s,30,158.0313209856788,15.449045248727513,5.149681749575838,9,915
0.3,0.66,1.0,60s,60,154.16158003759952,9.432277209092396,3.1440924030307986,9,1606
0.3,0.66,1.0,90s,90,163.4312815117395,15.176100721512165,5.058700240504055,9,2377
0.3,0.66,1.1,30s,30,158.6838758421078,12.104057378856822,4.034685792952274,9,857
0.3,0.66,1.1,60s,60,155.086879031591,9.219247493387028,3.073082497795676,9,1645
0.3,0.66,1.1,90s,90,160.78006499208647,13.006743004082889,4.335581001360963,9,2273
0.3,0.66,1.2,30s,30,157.37544157206293,12.927879076683407,4.309293025561136,9,873
0.3,0.66,1.2,60s,60,155.22725856310237,7.920410822121152,2.6401369407070505,9,1586
0.3,0.66,1.2,90s,90,162.25402253110195,14.884109668407824,4.961369889469275,9,2317
0.3,0.66,1.3,30s,30,155.28187740433316,13.274943083979887,4.4249810279932955,9,907
0.3,0.66,1.3,60s,60,155.45357887934676,11.03314907803779,3.6777163593459297,9,1625
0.3,0.66,1.3,90s,90,162.94327812839634,15.670398432679413,5.223466144226471,9,2322
0.3,0.66,1.4,30s,30,157.14603842086555,12.627419585593005,4.209139861864335,9,919
0.3,0.66,1.4,60s,60,151.65881614980128,10.393296206301729,3.464432068767243,9,1624
0.3,0.66,1.4,90s,90,160.89936170235472,13.438595528942686,4.4795318429808955,9,2300
0.3,0.66,1.5,30s,30,156.3455359877713,10.676962349399396,3.558987449799799,9,921
0.3,0.66,1.5,60s,60,152.49551977145873,10.466907086674171,3.48896902889139,9,1634
0.3,0.66,1.5,90s,90,160.64126366507728,12.256213666043507,4.085404555347836,9,2339
0.3,0.66,1.6,30s,30,155.30530632036283,9.65770708050341,3.219235693501137,9,912
0.3,0.66,1.6,60s,60,151.95450910667898,10.886132659860747,3.628710886620249,9,1578
0.3,0.66,1.6,90s,90,161.55239467667695,15.179810473860325,5.059936824620109,9,2314
0.3,0.66,1.7,30s,30,154.8572300601994,12.542790413417377,4.180930137805793,9,892
0.3,0.66,1.7,60s,60,153.5696266060052,10.770897783191623,3.5902992610638744,9,1684
0.3,0.66,1.7,90s,90,160.11318270962198,13.568925747240295,4.5229752490800985,9,2351
0.3,0.66,1.8,30s,30,154.22449520471068,9.037565418554085,3.012521806184695,9,917
0.3,0.66,1.8,60s,60,152.02348941173162,11.426623283373658,3.808874427791219,9,1593
0.3,0.66,1.8,90s,90,159.35748976321682,13.731034922494137,4.577011640831379,9,2310
0.3,0.66,1.9,30s,30,155.44134119520047,8.478786535868242,2.826262178622747,9,931
0.3,0.66,1.9,60s,60,150.7057742074158,11.690958310245517,3.896986103415172,9,1609
0.3,0.66,1.9,90s,90,157.38316400884494,12.617575276503722,4.205858425501241,9,2249
0.3,0.66,2.0,30s,30,152.32422950123686,6.690995890313212,2.230331963437737,9,868
0.3,0.66,2.0,60s,60,151.54781164931717,11.364531625604384,3.7881772085347944,9,1608
0.3,0.66,2.0,90s,90,158.03329381828834,11.853012697903457,3.9510042326344856,9,2379
0.3,0.67,1.0,30s,30,160.98887930495266,14.135911882124372,4.71197062737479,9,946
0.3,0.67,1.0,60s,60,157.08547784853778,9.882768462837227,3.2942561542790756,9,1632
0.3,0.67,1.0,90s,90,164.71554575249138,17.430584834520282,5.810194944840094,9,2306
0.3,0.67,1.1,30s,30,158.49927307135593,11.608050333652766,3.8693501112175888,9,914
0.3,0.67,1.1,60s,60,155.62067581567123,9.979541138588472,3.3265137128628237,9,1568
0.3,0.67,1.1,90s,90,167.6756076568498,17.44405958247969,5.81468652749323,9,2331
0.3,0.67,1.2,30s,30,159.78134657790943,12.10203945355095,4.0340131511836494,9,891
0.3,0.67,1.2,60s,60,156.10245175899172,8.914826256378495,2.971608752126165,9,1632
0.3,0.67,1.2,90s,90,166.87250099799778,16.604572152625675,5.534857384208558,9,2353
0.3,0.67,1.3,30s,30,159.3668765860078,12.03658944325559,4.012196481085197,9,887
0.3,0.67,1.3,60s,60,156.43552745520128,8.652838910235552,2.884279636745184,9,1618
0.3,0.67,1.3,90s,90,164.77738355408363,14.568431025731147,4.8561436752437155,9,2320
0.3,0.67,1.4,30s,30,156.8419239459229,14.562392511198347,4.854130837066116,9,910
0.3,0.67,1.4,60s,60,154.57356431659395,11.17033397402436,3.7234446580081197,9,1595
0.3,0.67,1.4,90s,90,164.2411918301908,16.50169416504104,5.500564721680347,9,2311
0.3,0.67,1.5,30s,30,158.10262235928568,9.802763040816528,3.2675876802721757,9,899
0.3,0.67,1.5,60s,60,153.7524171807123,9.366322290471642,3.122107430157214,9,1606
0.3,0.67,1.5,90s,90,163.46966206093776,15.792338237509844,5.264112745836615,9,2275
0.3,0.67,1.6,30s,30,155.85737341845112,6.889799452955301,2.296599817651767,9,845
0.3,0.67,1.6,60s,60,154.3636561676606,10.92339593102511,3.6411319770083703,9,1646
0.3,0.67,1.6,90s,90,163.32830373463253,15.22929368499971,5.076431228333237,9,2293
0.3,0.67,1.7,30s,30,156.73931282421907,9.34808011174751,3.116026703915837,9,899
0.3,0.67,1.7,60s,60,154.8965694580957,12.747836648760853,4.249278882920284,9,1599
0.3,0.67,1.7,90s,90,162.67917348699777,13.619273564272541,4.5397578547575135,9,2300
0.3,0.67,1.8,30s,30,155.06971787325486,8.225728965274813,2.7419096550916042,9,915
0.3,0.67,1.8,60s,60,154.01488449031206,11.502746059834475,3.8342486866114918,9,1613
0.3,0.67,1.8,90s,90,163.20350975021992,15.54464523759701,5.181548412532337,9,2301
0.3,0.67,1.9,30s,30,155.30172895928777,8.384428346303906,2.794809448767969,9,880
0.3,0.67,1.9,60s,60,153.2530226375042,11.67304127791361,3.8910137593045366,9,1612
0.3,0.67,1.9,90s,90,161.88604977046032,14.216074622593332,4.738691540864444,9,2296
0.3,0.67,2.0,30s,30,156.2739285367196,8.425712821383904,2.8085709404613013,9,853
0.3,0.67,2.0,60s,60,152.9961062528599,11.924112642161251,3.9747042140537503,9,1584
0.3,0.67,2.0,90s,90,160.95641412741776,14.84949989207733,4.94983329735911,9,2298
0.3,0.68,1.0,30s,30,159.03485117127812,15.05702145444429,5.01900715148143,9,878
0.3,0.68,1.0,60s,60,156.28709062383373,9.020048874854597,3.0066829582848658,9,1616
0.3,0.68,1.0,90s,90,166.94616976829988,16.28376220446591,5.42792073482197,9,2357
0.3,0.68,1.1,30s,30,156.80014559250102,10.709544236433507,3.569848078811169,9,889
0.3,0.68,1.1,60s,60,158.7358106242515,9.948162070014481,3.3160540233381606,9,1580
0.3,0.68,1.1,90s,90,167.70882975788547,17.159202274486987,5.7197340914956625,9,2324
0.3,0.68,1.2,30s,30,158.75123684012277,16.607829455952476,5.535943151984159,9,909
0.3,0.68,1.2,60s,60,156.81349637436617,7.742361345732748,2.580787115244249,9,1625
0.3,0.68,1.2,90s,90,166.1901384075517,17.24824782016159,5.749415940053864,9,2284
0.3,0.68,1.3,30s,30,160.38263365212893,14.081032383607642,4.693677461202547,9,917
0.3,0.68,1.3,60s,60,157.54270465648327,7.352052438240108,2.450684146080036,9,1557
0.3,0.68,1.3,90s,90,168.1354995335093,18.618998282770367,6.2063327609234555,9,2287
0.3,0.68,1.4,30s,30,158.58165581461407,13.599429468666731,4.533143156222244,9,887
0.3,0.68,1.4,60s,60,156.22561997905134,13.40070239390014,4.466900797966713,9,1610
0.3,0.68,1.4,90s,90,166.03208368616382,17.4335807412545,5.811193580418166,9,2310
0.3,0.68,1.5,30s,30,156.35472098537969,11.851070837236403,3.9503569457454675,9,867
0.3,0.68,1.5,60s,60,157.92177569108523,7.858170609340615,2.619390203113538,9,1611
0.3,0.68,1.5,90s,90,164.93748054564003,15.488742719495555,5.162914239831852,9,2311
0.3,0.68,1.6,30s,30,157.51860045679842,8.149604089362606,2.716534696454202,9,876
0.3,0.68,1.6,60s,60,155.3855574689586,12.11140340265272,4.037134467550906,9,1631
0.3,0.68,1.6,90s,90,164.4496547649709,13.85130221623414,4.617100738744713,9,2281
0.3,0.68,1.7,30s,30,157.03029128404793,8.407227468575199,2.802409156191733,9,878
0.3,0.68,1.7,60s,60,155.80536724237453,11.338715428286053,3.7795718094286843,9,1685
0.3,0.68,1.7,90s,90,164.10518269116892,15.09360283614711,5.03120094538237,9,2304
0.3,0.68,1.8,30s,30,158.39253409759897,10.528030872113089,3.509343624037696,9,868
0.3,0.68,1.8,60s,60,155.54292394763573,11.446186778744229,3.815395592914743,9,1657
0.3,0.68,1.8,90s,90,163.1953074554284,15.285405327022044,5.095135109007348,9,2300
0.3,0.68,1.9,30s,30,157.22662191165324,9.130985602400715,3.043661867466905,9,899
0.3,0.68,1.9,60s,60,155.6090270837825,12.808461604372653,4.269487201457551,9,1653
0.3,0.68,1.9,90s,90,162.68480363416484,13.386664698840288,4.462221566280096,9,2332
0.3,0.68,2.0,30s,30,154.72563760854928,9.186950358820113,3.062316786273371,9,852
0.3,0.68,2.0,60s,60,154.79129621197828,11.331971283270114,3.777323761090038,9,1611
0.3,0.68,2.0,90s,90,164.77594889621543,16.967021701377387,5.655673900459129,9,2265
0.3,0.69,1.0,30s,30,169.38623995385274,14.486306894707802,4.828768964902601,9,884
0.3,0.69,1.0,60s,60,159.2417598403897,9.787803666434536,3.2626012221448453,9,1604
0.3,0.69,1.0,90s,90,168.4492988596743,20.049170235853342,6.683056745284447,9,2273
0.3,0.69,1.1,30s,30,160.70575817401536,11.728623118221389,3.9095410394071295,9,897
0.3,0.69,1.1,60s,60,159.3372912788503,9.06250185930269,3.020833953100897,9,1597
0.3,0.69,1.1,90s,90,169.80874425954315,19.113747763386638,6.371249254462213,9,2296
0.3,0.69,1.2,30s,30,163.79108473190752,13.187659636984911,4.395886545661637,9,874
0.3,0.69,1.2,60s,60,159.7847395543796,8.395799264387191,2.7985997547957306,9,1615
0.3,0.69,1.2,90s,90,169.88529832443282,17.950076187831048,5.983358729277016,9,2350
0.3,0.69,1.3,30s,30,161.1816626911193,11.565062122442926,3.8550207074809753,9,907
0.3,0.69,1.3,60s,60,160.52397968637155,9.45209339277156,3.1506977975905204,9,1606
0.3,0.69,1.3,90s,90,169.01003909532216,18.26384649685091,6.087948832283637,9,2246
0.3,0.69,1.4,30s,30,159.89863399422077,14.39032615379721,4.79677538459907,9,904
0.3,0.69,1.4,60s,60,157.12360181794608,9.203834112606968,3.0679447042023225,9,1571
0.3,0.69,1.4,90s,90,167.71155017894267,16.439639201046795,5.479879733682265,9,2296
0.3,0.69,1.5,30s,30,161.89992629084648,9.182061689143966,3.0606872297146555,9,886
0.3,0.69,1.5,60s,60,156.30197821181133,11.086433312576789,3.6954777708589295,9,1576
0.3,0.69,1.5,90s,90,166.74386148173275,16.318209626853136,5.439403208951045,9,2329
0.3,0.69,1.6,30s,30,160.17842003071888,10.839326891586186,3.613108963862062,9,883
0.3,0.69,1.6,60s,60,156.86580525539617,9.399386307758453,3.1331287692528176,9,1585
0.3,0.69,1.6,90s,90,164.5173259415032,15.121940600507484,5.040646866835828,9,2279
0.3,0.69,1.7,30s,30,158.39487749143933,8.438534431222648,2.812844810407549,9,876
0.3,0.69,1.7,60s,60,157.74023609381914,11.264061236593122,3.754687078864374,9,1662
0.3,0.69,1.7,90s,90,167.70156745566865,18.449824772217607,6.1499415907392025,9,2294
0.3,0.69,1.8,30s,30,159.09960949296624,9.225843177667047,3.0752810592223487,9,893
0.3,0.69,1.8,60s,60,156.5504904992609,11.514689214833409,3.838229738277803,9,1621
0.3,0.69,1.8,90s,90,167.35620500942974,17.741545848073063,5.913848616024354,9,2323
0.3,0.69,1.9,30s,30,158.10371304153637,8.697785584450008,2.899261861483336,9,886
0.3,0.69,1.9,60s,60,156.16337001358713,13.053917950770836,4.3513059835902785,9,1576
0.3,0.69,1.9,90s,90,165.2866655870684,15.881908846020506,5.293969615340169,9,2339
0.3,0.69,2.0,30s,30,157.4809217514974,6.374451255247767,2.1248170850825887,9,856
0.3,0.69,2.0,60s,60,155.357105430444,11.077997366985421,3.6926657889951406,9,1564
0.3,0.69,2.0,90s,90,166.08913758891256,17.86010983702006,5.953369945673354,9,2330
0.3,0.7,0.0,30s,30,158.89728842242917,21.55041149858765,7.183470499529217,9,918
0.3,0.7,0.0,60s,60,155.33486943557432,13.89115834126496,4.630386113754986,9,1593
0.3,0.7,0.0,90s,90,164.80973204787668,19.453014919946156,6.484338306648719,9,2302
0.3,0.7,0.5,30s,30,162.69492784681495,21.6063050958428,7.202101698614267,9,856
0.3,0.7,0.5,60s,60,158.14240710759435,12.645115718057948,4.215038572685983,9,1577
0.3,0.7,0.5,90s,90,163.45267957069643,10.05919054065324,3.35306351355108,9,2291
0.3,0.7,1.0,30s,30,168.31749221972592,19.09324115860818,6.36441371953606,9,906
0.3,0.7,1.0,60s,60,162.24458287306254,8.484075600603447,2.828025200201149,9,1633
0.3,0.7,1.0,90s,90,173.34388363804857,17.39896589471461,5.7996552982382035,9,2354
0.3,0.7,1.1,30s,30,162.65623251246222,14.287019117069404,4.762339705689802,9,834
0.3,0.7,1.1,60s,60,161.14734968101803,8.024627358397481,2.674875786132494,9,1597
0.3,0.7,1.1,90s,90,171.07205297426756,18.868671068690997,6.289557022896999,9,2289
0.3,0.7,1.2,30s,30,161.99580990552826,11.299480354938707,3.7664934516462356,9,904
0.3,0.7,1.2,60s,60,161.27567506874954,9.910348018407465,3.303449339469155,9,1597
0.3,0.7,1.2,90s,90,171.18536567369873,17.68769524879374,5.89589841626458,9,2324
0.3,0.7,1.3,30s,30,161.96691809901256,11.794367176820556,3.931455725606852,9,868
0.3,0.7,1.3,60s,60,162.78119804462872,11.37036111353359,3.7901203711778635,9,1633
0.3,0.7,1.3,90s,90,171.39570166909388,16.11021714404803,5.370072381349343,9,2348
0.3,0.7,1.4,30s,30,162.84562412726393,13.33790177802779,4.445967259342597,9,893
0.3,0.7,1.4,60s,60,157.3824592662208,11.38602534010383,3.79534178003461,9,1609
0.3,0.7,1.4,90s,90,171.39453635970256,19.061500459487004,6.353833486495668,9,2306
0.3,0.7,1.5,30s,30,164.5168692923733,11.96141276176755,3.98713758725585,9,883
0.3,0.7,1.5,60s,60,157.8830951341454,11.15184255034808,3.7172808501160266,9,1618
0.3,0.7,1.5,90s,90,169.2814840223133,16.33287310618649,5.444291035395497,9,2302
0.3,0.7,1.6,30s,30,162.40403256473166,11.178440643258181,3.7261468810860605,9,858
0.3,0.7,1.6,60s,60,158.38919753669128,11.15760243996849,3.7192008133228303,9,1579
0.3,0.7,1.6,90s,90,171.14944113462525,19.387933079575514,6.462644359858505,9,2274
0.3,0.7,1.7,30s,30,160.82596618879876,11.67481851869136,3.89160617289712,9,871
0.3,0.7,1.7,60s,60,158.75727543649677,12.321265497927147,4.107088499309049,9,1629
0.3,0.7,1.7,90s,90,167.35299235465533,15.445113765704377,5.148371255234792,9,2241
0.3,0.7,1.8,30s,30,160.025963689073,9.82688817474017,3.2756293915800563,9,843
0.3,0.7,1.8,60s,60,158.08305588840017,11.851849167907025,3.9506163893023416,9,1600
0.3,0.7,1.8,90s,90,169.29483653511176,16.447875053154693,5.482625017718231,9,2303
0.3,0.7,1.9,30s,30,162.28665630182715,10.86796492755062,3.6226549758502067,9,841
0.3,0.7,1.9,60s,60,156.89440994501308,12.215149530655028,4.071716510218343,9,1613
0.3,0.7,1.9,90s,90,168.83067569705577,16.488280625103958,5.4960935417013195,9,2262
0.3,0.7,2.0,30s,30,158.04668470650282,6.471220064212315,2.1570733547374386,9,883
0.3,0.7,2.0,60s,60,157.9710403987798,11.749460162671376,3.916486720890459,9,1605
0.3,0.7,2.0,90s,90,164.9389941856055,12.15108732080639,4.050362440268796,9,2271
0.3,0.7,2.5,30s,30,156.55389908229932,7.125397424368231,2.3751324747894103,9,871
0.3,0.7,2.5,60s,60,159.01460725150966,11.838104449563357,3.9460348165211188,9,1599
0.3,0.7,2.5,90s,90,162.82857620026084,16.311195939588476,5.437065313196158,9,2263
0.3,0.7,3.0,30s,30,157.12150381640885,8.119779466235752,2.7065931554119174,9,878
0.3,0.7,3.0,60s,60,157.296334565009,10.424747984106826,3.4749159947022754,9,1639
0.3,0.7,3.0,90s,90,159.50660999521284,14.885812533129027,4.961937511043009,9,2409
0.3,0.71,1.0,30s,30,167.09550303285573,15.388037068262872,5.1293456894209575,9,893
0.3,0.71,1.0,60s,60,161.96679074585003,10.3095707834067,3.4365235944689,9,1592
0.3,0.71,1.0,90s,90,172.6488667085957,19.10321024659076,6.367736748863586,9,2272
0.3,0.71,1.1,30s,30,165.86623366886775,14.640235000609133,4.880078333536377,9,850
0.3,0.71,1.1,60s,60,162.60442553972666,9.488177623306525,3.1627258744355085,9,1623
0.3,0.71,1.1,90s,90,172.10058633441665,14.517612097872973,4.839204032624324,9,2295
0.3,0.71,1.2,30s,30,164.02976158415046,11.008604421793814,3.6695348072646046,9,884
0.3,0.71,1.2,60s,60,160.27959074633387,8.118177705954468,2.706059235318156,9,1606
0.3,0.71,1.2,90s,90,174.71270721738745,19.89627914436134,6.6320930481204465,9,2347
0.3,0.71,1.3,30s,30,168.44669338115756,15.123133818430489,5.041044606143497,9,846
0.3,0.71,1.3,60s,60,161.3452082157116,12.419287163080584,4.139762387693528,9,1619
0.3,0.71,1.3,90s,90,172.67720747211771,17.58275741624379,5.8609191387479305,9,2307
0.3,0.71,1.4,30s,30,165.12638545639513,14.124278705515241,4.7080929018384134,9,887
0.3,0.71,1.4,60s,60,160.48811793543308,11.357216728831395,3.785738909610465,9,1625
0.3,0.71,1.4,90s,90,171.8101548524063,17.420935793161874,5.806978597720625,9,2266
0.3,0.71,1.5,30s,30,164.38762997092326,10.900225108785696,3.633408369595232,9,890
0.3,0.71,1.5,60s,60,161.6839554956225,9.022682391019025,3.0075607970063416,9,1607
0.3,0.71,1.5,90s,90,169.7963445312909,16.078434973664148,5.359478324554716,9,2228
0.3,0.71,1.6,30s,30,161.7133699536395,9.98605387045212,3.32868462348404,9,855
0.3,0.71,1.6,60s,60,159.01942760359736,11.868527499175885,3.9561758330586283,9,1580
0.3,0.71,1.6,90s,90,168.6516531577736,13.623941138422326,4.541313712807442,9,2252
0.3,0.71,1.7,30s,30,162.15694157525584,9.258923515470018,3.086307838490006,9,843
0.3,0.71,1.7,60s,60,160.32830077800256,11.72627328645163,3.908757762150543,9,1618
0.3,0.71,1.7,90s,90,171.08811243787062,16.483507247092312,5.494502415697437,9,2324
0.3,0.71,1.8,30s,30,161.62476378735266,9.625551513695452,3.2085171712318172,9,850
0.3,0.71,1.8,60s,60,159.65269266757775,10.855302927356716,3.6184343091189053,9,1595
0.3,0.71,1.8,90s,90,170.51374578830257,15.803198173879172,5.2677327246263905,9,2321
0.3,0.71,1.9,30s,30,162.49509276225484,10.51257718990701,3.50419239663567,9,876
0.3,0.71,1.9,60s,60,159.54091912743647,12.857001710543308,4.285667236847769,9,1613
0.3,0.71,1.9,90s,90,169.69568191041603,15.133710633808187,5.044570211269396,9,2306
0.3,0.71,2.0,30s,30,161.14807376700927,10.521998182390337,3.507332727463446,9,886
0.3,0.71,2.0,60s,60,159.6422005534314,12.495796418820015,4.165265472940005,9,1599
0.3,0.71,2.0,90s,90,168.23111896767304,14.72370950522104,4.907903168407013,9,2276
0.3,0.72,1.0,30s,30,166.98793428984612,16.462506416435986,5.487502138811995,9,893
0.3,0.72,1.0,60s,60,163.6317845077783,8.87247654182314,2.9574921806077135,9,1569
0.3,0.72,1.0,90s,90,174.12368901995836,17.78247198290606,5.927490660968687,9,2310
0.3,0.72,1.1,30s,30,169.04333662033946,17.503011240372103,5.834337080124034,9,900
0.3,0.72,1.1,60s,60,164.1555131615183,7.387292017124021,2.4624306723746736,9,1609
0.3,0.72,1.1,90s,90,172.61458782734047,15.97347690069116,5.3244923002303866,9,2291
0.3,0.72,1.2,30s,30,164.7465303681917,15.891336379435232,5.297112126478411,9,879
0.3,0.72,1.2,60s,60,162.96120819365717,7.438905459159012,2.479635153053004,9,1650
0.3,0.72,1.2,90s,90,171.54242678492827,16.171985275308547,5.390661758436182,9,2284
0.3,0.72,1.3,30s,30,166.25778670066268,15.056576519815932,5.018858839938644,9,904
0.3,0.72,1.3,60s,60,162.33982787287277,7.6727085659352765,2.5575695219784254,9,1575
0.3,0.72,1.3,90s,90,172.84273918405114,17.44265274267584,5.814217580891946,9,2308
0.3,0.72,1.4,30s,30,165.20623894695802,15.331629431634076,5.110543143878025,9,874
0.3,0.72,1.4,60s,60,160.62117640178627,10.389726887009795,3.463242295669932,9,1628
0.3,0.72,1.4,90s,90,173.85714448874802,18.732848034127898,6.244282678042633,9,2350
0.3,0.72,1.5,30s,30,161.4273938222611,13.573306775368623,4.524435591789541,9,871
0.3,0.72,1.5,60s,60,162.05858531532562,10.231749454585554,3.410583151528518,9,1625
0.3,0.72,1.5,90s,90,174.4463062775087,18.343787944175528,6.114595981391843,9,2301
0.3,0.72,1.6,30s,30,164.10687001998627,12.193853724469221,4.064617908156407,9,876
0.3,0.72,1.6,60s,60,161.666381256442,12.183883505322841,4.06129450177428,9,1647
0.3,0.72,1.6,90s,90,172.25946552766686,16.00120071479151,5.333733571597169,9,2280
0.3,0.72,1.7,30s,30,163.97039306315125,10.645035545586873,3.5483451818622913,9,838
0.3,0.72,1.7,60s,60,161.31514179463056,11.30768736257666,3.7692291208588866,9,1595
0.3,0.72,1.7,90s,90,171.92486815504216,16.840967032392943,5.6136556774643145,9,2273
0.3,0.72,1.8,30s,30,162.14270226994677,10.569150889060664,3.5230502963535546,9,841
0.3,0.72,1.8,60s,60,161.59695703987887,10.2739082499623,3.4246360833207667,9,1642
0.3,0.72,1.8,90s,90,174.1700875539135,18.465477585664384,6.1551591952214615,9,2298
0.3,0.72,1.9,30s,30,161.2500156861255,9.16828177513708,3.0560939250456935,9,870
0.3,0.72,1.9,60s,60,161.37947749292053,10.58726164000371,3.52908721333457,9,1672
0.3,0.72,1.9,90s,90,172.8211594998729,17.262655459505844,5.754218486501948,9,2315
0.3,0.72,2.0,30s,30,162.75471632242136,9.434451378366898,3.1448171261222995,9,840
0.3,0.72,2.0,60s,60,161.43899935519798,10.52874417788776,3.509581392629253,9,1609
0.3,0.72,2.0,90s,90,170.54385864112595,14.84148760207113,4.94716253402371,9,2294
0.3,0.73,1.0,30s,30,169.68490161095633,16.84449180596469,5.61483060198823,9,850
0.3,0.73,1.0,60s,60,166.1750526357316,7.997923729273633,2.6659745764245444,9,1547
0.3,0.73,1.0,90s,90,178.07772824133187,21.274618486124403,7.091539495374801,9,2319
0.3,0.73,1.1,30s,30,170.39663521459735,16.753422218451625,5.584474072817208,9,860
0.3,0.73,1.1,60s,60,165.65379712631758,10.053098794326369,3.351032931442123,9,1631
0.3,0.73,1.1,90s,90,177.7753097576783,19.48535097371682,6.49511699123894,9,2279
0.3,0.73,1.2,30s,30,165.81808020674376,12.181796433387735,4.060598811129245,9,889
0.3,0.73,1.2,60s,60,164.36577469569815,9.82690985594432,3.275636618648107,9,1615
0.3,0.73,1.2,90s,90,178.39304337789181,19.804972172417585,6.601657390805862,9,2309
0.3,0.73,1.3,30s,30,165.47898370678558,17.19919677449657,5.733065591498857,9,893
0.3,0.73,1.3,60s,60,165.04225363450917,9.626872067321536,3.2089573557738453,9,1582
0.3,0.73,1.3,90s,90,177.49317795021008,19.028890594699288,6.342963531566429,9,2280
0.3,0.73,1.4,30s,30,165.028654260302,13.663940730386038,4.554646910128679,9,889
0.3,0.73,1.4,60s,60,162.9445373003668,11.12885054463777,3.70961684821259,9,1604
0.3,0.73,1.4,90s,90,176.72651750699012,21.23203994776905,7.0773466492563495,9,2305
0.3,0.73,1.5,30s,30,165.14427936486234,14.971637740034923,4.990545913344975,9,872
0.3,0.73,1.5,60s,60,163.60429146994593,10.78991958036052,3.5966398601201734,9,1629
0.3,0.73,1.5,90s,90,175.08144740193515,17.015415437162524,5.671805145720842,9,2299
0.3,0.73,1.6,30s,30,164.7872251593437,13.51678584290518,4.505595280968394,9,871
0.3,0.73,1.6,60s,60,164.83221438070052,10.977184136474484,3.6590613788248283,9,1605
0.3,0.73,1.6,90s,90,174.28052476432757,16.933323519750033,5.644441173250011,9,2272
0.3,0.73,1.7,30s,30,163.77064902946358,11.057047974869738,3.6856826582899127,9,858
0.3,0.73,1.7,60s,60,164.7964856341523,11.425877398376993,3.808625799458998,9,1584
0.3,0.73,1.7,90s,90,175.27169112540662,15.523464758456596,5.174488252818866,9,2278
0.3,0.73,1.8,30s,30,162.81340827582073,11.284754056213792,3.7615846854045976,9,867
0.3,0.73,1.8,60s,60,164.2065417493394,12.875692424968701,4.291897474989567,9,1650
0.3,0.73,1.8,90s,90,174.5185809103211,17.448712580226925,5.8162375267423085,9,2351
0.3,0.73,1.9,30s,30,163.80626183434475,11.793870860624326,3.931290286874775,9,860
0.3,0.73,1.9,60s,60,163.007152877361,12.930292059587279,4.31009735319576,9,1536
0.3,0.73,1.9,90s,90,176.7367916816125,20.092360176543202,6.6974533921810675,9,2345
0.3,0.73,2.0,30s,30,164.76955054644182,9.69778500656223,3.2325950021874097,9,887
0.3,0.73,2.0,60s,60,163.11495918803652,12.755340696125813,4.251780232041938,9,1631
0.3,0.73,2.0,90s,90,172.58401169470756,15.60129900838559,5.200433002795196,9,2252
0.3,0.74,1.0,30s,30,171.3690167834551,18.579337114935647,6.193112371645216,9,880
0.3,0.74,1.0,60s,60,167.4251959589796,11.605626224570257,3.868542074856752,9,1621
0.3,0.74,1.0,90s,90,179.58080043843526,20.977817041717135,6.992605680572378,9,2246
0.3,0.74,1.1,30s,30,169.25834290313026,14.178064234009103,4.726021411336368,9,896
0.3,0.74,1.1,60s,60,168.0000723892607,11.575699132177844,3.8585663773926147,9,1591
0.3,0.74,1.1,90s,90,178.37688466649547,18.29308579422072,6.097695264740239,9,2248
0.3,0.74,1.2,30s,30,168.37493067879035,16.004684428841337,5.334894809613779,9,855
0.3,0.74,1.2,60s,60,167.90445456065402,12.191977604342538,4.063992534780846,9,1599
0.3,0.74,1.2,90s,90,177.2661051606234,19.7250603689326,6.575020122977533,9,2246
0.3,0.74,1.3,30s,30,166.656958716116,16.348563540002118,5.449521180000706,9,885
0.3,0.74,1.3,60s,60,166.96551938048594,12.082210586528314,4.027403528842771,9,1586
0.3,0.74,1.3,90s,90,175.81784108646846,13.661559077949873,4.553853025983291,9,2290
0.3,0.74,1.4,30s,30,165.7171566511522,13.042619481500594,4.347539827166865,9,878
0.3,0.74,1.4,60s,60,165.85802907112353,10.863964966920857,3.6213216556402856,9,1561
0.3,0.74,1.4,90s,90,175.84016641766328,15.475038699852737,5.158346233284246,9,2310
0.3,0.74,1.5,30s,30,164.65025354805655,11.418872889551624,3.8062909631838746,9,854
0.3,0.74,1.5,60s,60,167.74679629854998,14.422938281304035,4.807646093768011,9,1659
0.3,0.74,1.5,90s,90,174.63662917019036,14.59109126156901,4.86369708718967,9,2261
0.3,0.74,1.6,30s,30,165.17358264641618,13.653545988517255,4.551181996172418,9,876
0.3,0.74,1.6,60s,60,168.3523379787546,12.365212870578105,4.121737623526035,9,1644
0.3,0.74,1.6,90s,90,176.88791299613894,18.380964771016043,6.1269882570053475,9,2351
0.3,0.74,1.7,30s,30,165.3228988834968,11.60078694620476,3.8669289820682535,9,877
0.3,0.74,1.7,60s,60,166.866140294045,11.90956038163737,3.96985346054579,9,1602
0.3,0.74,1.7,90s,90,175.97948057432836,17.565281963885298,5.855093987961766,9,2239
0.3,0.74,1.8,30s,30,166.67079669126596,10.80919458700604,3.6030648623353465,9,853
0.3,0.74,1.8,60s,60,167.77594942526034,12.529130136024365,4.176376712008122,9,1578
0.3,0.74,1.8,90s,90,177.99463952311157,19.80913517548236,6.6030450584941205,9,2279
0.3,0.74,1.9,30s,30,163.6292221478291,10.623161007124173,3.541053669041391,9,848
0.3,0.74,1.9,60s,60,166.11006125677537,13.198376378086927,4.3994587926956426,9,1547
0.3,0.74,1.9,90s,90,175.87719383038475,17.834778055327515,5.944926018442505,9,2259
0.3,0.74,2.0,30s,30,165.52072336118192,11.124947746111436,3.7083159153704788,9,840
0.3,0.74,2.0,60s,60,165.13857788587126,13.008454422884046,4.336151474294682,9,1641
0.3,0.74,2.0,90s,90,173.66854969246776,16.25929656613376,5.419765522044586,9,2332
0.3,0.75,1.0,30s,30,173.36448987700913,19.410388465961418,6.470129488653806,9,875
0.3,0.75,1.0,60s,60,168.8947525751392,14.359928058901119,4.786642686300373,9,1603
0.3,0.75,1.0,90s,90,179.77761465393834,18.998291591039127,6.332763863679709,9,2284
0.3,0.75,1.1,30s,30,170.7768924588755,14.421468937402006,4.8071563124673355,9,919
0.3,0.75,1.1,60s,60,168.93544121232208,11.690651457038932,3.8968838190129773,9,1587
0.3,0.75,1.1,90s,90,180.03578085818947,18.10243922418478,6.034146408061594,9,2337
0.3,0.75,1.2,30s,30,170.04728699432658,13.58969785923812,4.529899286412706,9,885
0.3,0.75,1.2,60s,60,169.47638667386178,11.567652248794959,3.8558840829316527,9,1587
0.3,0.75,1.2,90s,90,179.94306993300987,18.614693723488823,6.204897907829608,9,2337
0.3,0.75,1.3,30s,30,171.75315783122946,12.15045045344834,4.050150151149446,9,868
0.3,0.75,1.3,60s,60,169.8558462714747,12.259812099600698,4.086604033200232,9,1601
0.3,0.75,1.3,90s,90,180.1161953244229,18.91219765261312,6.304065884204373,9,2280
0.3,0.75,1.4,30s,30,167.23483879616913,15.472398094409991,5.157466031469997,9,846
0.3,0.75,1.4,60s,60,167.76066499848335,11.425030585412149,3.8083435284707163,9,1594
0.3,0.75,1.4,90s,90,178.95772829147242,19.63493070052816,6.544976900176053,9,2327
0.3,0.75,1.5,30s,30,169.33153389212492,11.008797271546698,3.669599090515566,9,798
0.3,0.75,1.5,60s,60,168.35158462146035,12.616166575151171,4.205388858383723,9,1588
0.3,0.75,1.5,90s,90,178.48268229430315,18.384101145779592,6.128033715259864,9,2291
0.3,0.75,1.6,30s,30,168.048413920802,10.231432592775745,3.4104775309252484,9,863
0.3,0.75,1.6,60s,60,168.93569777849123,12.357209954481773,4.119069984827258,9,1652
0.3,0.75,1.6,90s,90,179.17695397774926,19.08748427497451,6.362494758324837,9,2273
0.3,0.75,1.7,30s,30,166.1478452682619,9.8352244433896,3.2784081477965334,9,846
0.3,0.75,1.7,60s,60,168.11502698542853,13.134687953331689,4.37822931777723,9,1590
0.3,0.75,1.7,90s,90,179.2205189195328,22.460560624734597,7.486853541578199,9,2311
0.3,0.75,1.8,30s,30,165.2831365704594,10.21234382023947,3.40411460674649,9,867
0.3,0.75,1.8,60s,60,168.21027301178808,13.351660537724483,4.450553512574827,9,1627
0.3,0.75,1.8,90s,90,177.91012173303037,17.77937521120934,5.926458403736447,9,2313
0.3,0.75,1.9,30s,30,165.55480416417163,10.223263319197674,3.407754439732558,9,857
0.3,0.75,1.9,60s,60,167.5343052303045,13.513694985074569,4.5045649950248565,9,1593
0.3,0.75,1.9,90s,90,177.3821806481238,18.89287523927152,6.2976250797571725,9,2308
0.3,0.75,2.0,30s,30,166.35284231106846,10.044181015746549,3.348060338582183,9,873
0.3,0.75,2.0,60s,60,166.726115405024,13.99799583459127,4.665998611530424,9,1580
0.3,0.75,2.0,90s,90,172.75733449198543,12.663085753842454,4.221028584614151,9,2263
0.3,0.76,1.0,30s,30,168.56581335906776,14.437525567844235,4.812508522614745,9,873
0.3,0.76,1.0,60s,60,171.1694828656703,12.873975592965651,4.291325197655217,9,1574
0.3,0.76,1.0,90s,90,180.979466136191,19.458533101200725,6.486177700400241,9,2317
0.3,0.76,1.1,30s,30,169.99804916641676,14.599022840533422,4.866340946844474,9,898
0.3,0.76,1.1,60s,60,169.5835895828494,13.355278702369665,4.451759567456555,9,1622
0.3,0.76,1.1,90s,90,180.2471370076381,16.90874959878385,5.636249866261283,9,2316
0.3,0.76,1.2,30s,30,169.65659573588843,16.038282798185904,5.346094266061968,9,857
0.3,0.76,1.2,60s,60,169.12903144243228,12.029772157628392,4.0099240525427975,9,1617
0.3,0.76,1.2,90s,90,182.78233695789197,19.88442406838838,6.62814135612946,9,2297
0.3,0.76,1.3,30s,30,169.5845764399984,15.384523895783834,5.128174631927945,9,877
0.3,0.76,1.3,60s,60,168.19864918362447,13.396072204921726,4.465357401640575,9,1648
0.3,0.76,1.3,90s,90,180.9290267143394,19.748878175718225,6.582959391906075,9,2279
0.3,0.76,1.4,30s,30,170.2706109670022,13.205541637469153,4.401847212489717,9,889
0.3,0.76,1.4,60s,60,169.48954618993923,12.31827560434769,4.106091868115897,9,1635
0.3,0.76,1.4,90s,90,182.97289467873748,20.83743095324513,6.945810317748376,9,2340
0.3,0.76,1.5,30s,30,169.2703129622009,12.040427350415678,4.013475783471892,9,886
0.3,0.76,1.5,60s,60,169.24770660880307,12.5620862778514,4.187362092617133,9,1604
0.3,0.76,1.5,90s,90,181.68156697793438,20.72232708912746,6.907442363042487,9,2299
0.3,0.76,1.6,30s,30,166.78039240653675,10.035986821231434,3.3453289404104782,9,833
0.3,0.76,1.6,60s,60,168.11193928837415,11.765142961033353,3.921714320344451,9,1591
0.3,0.76,1.6,90s,90,179.66504041637953,18.10880480788512,6.03626826929504,9,2277
0.3,0.76,1.7,30s,30,168.76748717508042,10.494225297338318,3.4980750991127727,9,866
0.3,0.76,1.7,60s,60,169.36882487565677,12.71898126448258,4.239660421494193,9,1606
0.3,0.76,1.7,90s,90,180.2023131020285,19.114611380500783,6.371537126833594,9,2328
0.3,0.76,1.8,30s,30,166.4072417951924,9.779159940328936,3.2597199801096455,9,866
0.3,0.76,1.8,60s,60,168.93948538567355,12.175214195939837,4.0584047319799454,9,1577
0.3,0.76,1.8,90s,90,179.4445282413702,18.007967038922523,6.002655679640841,9,2306
0.3,0.76,1.9,30s,30,165.3280094033177,9.204781028367266,3.0682603427890887,9,849
0.3,0.76,1.9,60s,60,167.61501445314278,13.325387209659716,4.441795736553239,9,1541
0.3,0.76,1.9,90s,90,176.68704085923667,15.197626663743712,5.065875554581237,9,2361
0.3,0.76,2.0,30s,30,166.32062502051824,9.599976716195602,3.1999922387318676,9,885
0.3,0.76,2.0,60s,60,168.65309081360718,12.897690348995233,4.299230116331745,9,1616
0.3,0.76,2.0,90s,90,177.82742265043993,16.048047143834296,5.349349047944766,9,2235
0.3,0.77,1.0,30s,30,171.5158296036078,14.013417190847509,4.671139063615836,9,879
0.3,0.77,1.0,60s,60,171.0683155399312,15.379677766092302,5.126559255364101,9,1554
0.3,0.77,1.0,90s,90,184.0163996271249,20.675569093974367,6.891856364658122,9,2275
0.3,0.77,1.1,30s,30,173.25974443842202,15.660018766456236,5.220006255485412,9,863
0.3,0.77,1.1,60s,60,171.81520077184572,13.085762176860182,4.3619207256200605,9,1634
0.3,0.77,1.1,90s,90,183.44314537599874,19.957816875157285,6.652605625052428,9,2269
0.3,0.77,1.2,30s,30,172.04841886922915,17.16181794583119,5.72060598194373,9,903
0.3,0.77,1.2,60s,60,170.32413905172584,14.39896203216447,4.79965401072149,9,1610
0.3,0.77,1.2,90s,90,182.91736507016537,19.337992444881273,6.445997481627091,9,2300
0.3,0.77,1.3,30s,30,169.4042730336222,10.091222749402606,3.363740916467535,9,855
0.3,0.77,1.3,60s,60,170.1256724091165,13.575468990086051,4.5251563300286834,9,1615
0.3,0.77,1.3,90s,90,185.02613797508832,20.24005189619459,6.746683965398197,9,2301
0.3,0.77,1.4,30s,30,170.86691686209986,13.921952431839694,4.640650810613232,9,871
0.3,0.77,1.4,60s,60,170.66340557440446,14.525675255996344,4.841891751998781,9,1588
0.3,0.77,1.4,90s,90,183.87056911816057,20.263513912822315,6.754504637607439,9,2289
0.3,0.77,1.5,30s,30,171.13132398664027,10.753143221895465,3.584381073965155,9,863
0.3,0.77,1.5,60s,60,170.09472912075236,13.788454039022454,4.596151346340818,9,1623
0.3,0.77,1.5,90s,90,181.0376852270752,15.542613671586283,5.180871223862094,9,2307
0.3,0.77,1.6,30s,30,168.75626634018428,12.255928590716199,4.085309530238733,9,866
0.3,0.77,1.6,60s,60,169.65376608757913,12.744358723018138,4.24811957433938,9,1578
0.3,0.77,1.6,90s,90,181.51964962525415,18.287230183726695,6.095743394575565,9,2305
0.3,0.77,1.7,30s,30,169.88994633348608,10.64846309182528,3.5494876972750933,9,848
0.3,0.77,1.7,60s,60,168.85637679508056,13.543647924146958,4.514549308048986,9,1634
0.3,0.77,1.7,90s,90,183.06494377065158,22.46058319826576,7.486861066088586,9,2263
0.3,0.77,1.8,30s,30,169.3186628019443,9.076175179849002,3.025391726616334,9,850
0.3,0.77,1.8,60s,60,172.4130227644124,16.03809655216997,5.346032184056657,9,1622
0.3,0.77,1.8,90s,90,180.58136946844309,16.728569441369604,5.576189813789868,9,2325
0.3,0.77,1.9,30s,30,168.04236972190245,10.440057126435704,3.480019042145235,9,864
0.3,0.77,1.9,60s,60,168.97013964161175,15.267937589153668,5.08931252971789,9,1628
0.3,0.77,1.9,90s,90,181.24270993293905,18.05578145762244,6.018593819207481,9,2287
0.3,0.77,2.0,30s,30,167.60781061610885,8.463841290430201,2.8212804301434002,9,897
0.3,0.77,2.0,60s,60,168.65949859998778,14.078199422124673,4.692733140708224,9,1592
0.3,0.77,2.0,90s,90,177.71838216192086,13.398844761175333,4.466281587058444,9,2331
0.3,0.78,1.0,30s,30,172.70379948495267,18.208366155935938,6.069455385311979,9,865
0.3,0.78,1.0,60s,60,170.79527332353877,14.17942821257753,4.726476070859177,9,1548
0.3,0.78,1.0,90s,90,182.5861250546464,18.87572624193512,6.291908747311706,9,2333
0.3,0.78,1.1,30s,30,170.8283894382714,12.578503371785963,4.192834457261988,9,900
0.3,0.78,1.1,60s,60,173.15948391747136,14.054085745683105,4.684695248561035,9,1618
0.3,0.78,1.1,90s,90,184.69867408730255,21.871731937920508,7.29057731264017,9,2307
0.3,0.78,1.2,30s,30,173.36892959195632,12.585552417896066,4.195184139298688,9,862
0.3,0.78,1.2,60s,60,172.81548656423,15.012035876870767,5.004011958956922,9,1607
0.3,0.78,1.2,90s,90,183.4258205344437,18.23577564564287,6.078591881880957,9,2301
0.3,0.78,1.3,30s,30,169.40585816890746,12.960249486304962,4.320083162101654,9,860
0.3,0.78,1.3,60s,60,172.37393511406435,15.617078735171408,5.205692911723802,9,1585
0.3,0.78,1.3,90s,90,183.50698773920146,19.928761347646084,6.642920449215361,9,2308
0.3,0.78,1.4,30s,30,170.65421196069153,14.781565735803733,4.927188578601244,9,870
0.3,0.78,1.4,60s,60,171.4206727896775,15.450220402801936,5.150073467600645,9,1611
0.3,0.78,1.4,90s,90,180.73528008272368,16.673733888606996,5.557911296202332,9,2268
0.3,0.78,1.5,30s,30,170.04403989535507,14.62069879965519,4.873566266551729,9,851
0.3,0.78,1.5,60s,60,171.03481416526083,14.797283833083872,4.932427944361291,9,1637
0.3,0.78,1.5,90s,90,183.12405551461725,17.48576361391636,5.828587871305454,9,2289
0.3,0.78,1.6,30s,30,168.16945679977854,11.151578389516503,3.717192796505501,9,860
0.3,0.78,1.6,60s,60,170.4444266709898,14.2979219894987,4.765973996499567,9,1562
0.3,0.78,1.6,90s,90,182.90252623939412,21.322196616373873,7.107398872124624,9,2280
0.3,0.78,1.7,30s,30,169.02405886096042,10.51315373197044,3.50438457732348,9,838
0.3,0.78,1.7,60s,60,169.8058666692611,15.133104233330624,5.044368077776874,9,1624
0.3,0.78,1.7,90s,90,182.47431574457335,17.42067390648541,5.8068913021618025,9,2309
0.3,0.78,1.8,30s,30,167.97088185467686,10.1398772800772,3.379959093359067,9,865
0.3,0.78,1.8,60s,60,169.81080097734548,14.245025655965488,4.748341885321829,9,1637
0.3,0.78,1.8,90s,90,180.386044840473,17.888567593088844,5.962855864362948,9,2246
0.3,0.78,1.9,30s,30,169.97925017096688,9.369904052771615,3.1233013509238714,9,879
0.3,0.78,1.9,60s,60,171.1303147638194,14.924252433111958,4.974750811037319,9,1619
0.3,0.78,1.9,90s,90,178.63502357515074,16.018796038786952,5.3395986795956505,9,2301
0.3,0.78,2.0,30s,30,167.41799077445182,10.626496133066928,3.542165377688976,9,857
0.3,0.78,2.0,60s,60,170.07723031183622,15.700880216226931,5.23362673874231,9,1616
0.3,0.78,2.0,90s,90,179.08125944523218,16.176884747456565,5.392294915818855,9,2241
0.3,0.79,1.0,30s,30,170.00855634527457,11.226985484714692,3.7423284949048976,9,877
0.3,0.79,1.0,60s,60,173.26546129172476,14.945128806836571,4.981709602278857,9,1634
0.3,0.79,1.0,90s,90,184.67300073857456,17.433730934062602,5.811243644687534,9,2299
0.3,0.79,1.1,30s,30,170.46629225437405,10.801461940953962,3.6004873136513207,9,888
0.3,0.79,1.1,60s,60,174.7718763155084,12.994325527376738,4.331441842458912,9,1614
0.3,0.79,1.1,90s,90,184.27349320370413,16.24241456056137,5.414138186853791,9,2291
0.3,0.79,1.2,30s,30,174.15551231783147,12.793462586371367,4.264487528790456,9,844
0.3,0.79,1.2,60s,60,171.4868583941565,14.594484641218669,4.864828213739556,9,1597
0.3,0.79,1.2,90s,90,187.71480382632427,20.183309087605203,6.727769695868401,9,2292
0.3,0.79,1.3,30s,30,172.6861518268304,14.257803099350754,4.752601033116918,9,873
0.3,0.79,1.3,60s,60,172.16651572274742,14.292753697689347,4.764251232563116,9,1596
0.3,0.79,1.3,90s,90,185.20812180185177,17.189205982589158,5.72973532752972,9,2243
0.3,0.79,1.4,30s,30,172.44062863318376,13.321131615448143,4.440377205149381,9,857
0.3,0.79,1.4,60s,60,172.80660184439287,14.711959151343072,4.903986383781024,9,1604
0.3,0.79,1.4,90s,90,186.23311445294993,19.093086746554054,6.364362248851351,9,2362
0.3,0.79,1.5,30s,30,174.01351045826212,11.559302189665996,3.853100729888665,9,874
0.3,0.79,1.5,60s,60,171.47864060231637,15.290658574019727,5.096886191339909,9,1570
0.3,0.79,1.5,90s,90,186.8510735791352,19.306825352929792,6.435608450976598,9,2318
0.3,0.79,1.6,30s,30,171.64535291264696,11.069146433485335,3.689715477828445,9,855
0.3,0.79,1.6,60s,60,172.3220908420293,15.960823326764888,5.320274442254963,9,1626
0.3,0.79,1.6,90s,90,181.54072309820916,13.927002913963404,4.642334304654468,9,2268
0.3,0.79,1.7,30s,30,172.2277108559298,10.557265389709004,3.5190884632363346,9,839
0.3,0.79,1.7,60s,60,173.60672569229646,15.574142924054568,5.191380974684856,9,1558
0.3,0.79,1.7,90s,90,185.58133119305785,21.982355007579347,7.327451669193116,9,2258
0.3,0.79,1.8,30s,30,171.53277183556705,7.394685037686422,2.4648950125621405,9,835
0.3,0.79,1.8,60s,60,170.50130500827566,14.466735004276483,4.822245001425494,9,1650
0.3,0.79,1.8,90s,90,182.58243480472456,15.784393539210932,5.261464513070311,9,2267
0.3,0.79,1.9,30s,30,169.30460034711413,7.202186618477705,2.4007288728259017,9,876
0.3,0.79,1.9,60s,60,171.6414641791684,16.479462069140574,5.493154023046858,9,1654
0.3,0.79,1.9,90s,90,179.64715745209813,15.655574166793368,5.218524722264456,9,2299
0.3,0.79,2.0,30s,30,168.0368586168374,10.007084280475572,3.3356947601585243,9,869
0.3,0.79,2.0,60s,60,171.61419120584546,15.108532294339014,5.036177431446338,9,1600
0.3,0.79,2.0,90s,90,181.66069030093144,16.6984194798499,5.5661398266166335,9,2338
0.3,0.8,0.0,30s,30,175.07523664064266,21.86132322739263,7.287107742464211,9,879
0.3,0.8,0.0,60s,60,171.882267151391,17.737153743930495,5.912384581310165,9,1533
0.3,0.8,0.0,90s,90,178.956811992173,13.155398482507715,4.385132827502572,9,2291
0.3,0.8,0.5,30s,30,177.92024909381155,18.525298167435142,6.175099389145047,9,867
0.3,0.8,0.5,60s,60,172.72873525883733,14.004208132087118,4.6680693773623725,9,1560
0.3,0.8,0.5,90s,90,185.65526455353154,18.702547299814967,6.2341824332716556,9,2260
0.3,0.8,1.0,30s,30,177.55002201203536,16.36984243507689,5.45661414502563,9,852
0.3,0.8,1.0,60s,60,179.69517529144426,15.968365352704556,5.322788450901519,9,1576
0.3,0.8,1.0,90s,90,189.28445635932135,20.508638407009936,6.836212802336646,9,2310
0.3,0.8,1.1,30s,30,174.15188158664736,10.068485359823294,3.3561617866077644,9,857
0.3,0.8,1.1,60s,60,175.83411172032461,14.10386832679573,4.701289442265243,9,1619
0.3,0.8,1.1,90s,90,189.6815768037887,19.007299191419,6.335766397139667,9,2285
0.3,0.8,1.2,30s,30,174.63657395053116,14.622581638689327,4.8741938795631095,9,872
0.3,0.8,1.2,60s,60,175.9334764110139,11.898165135013429,3.966055045004476,9,1594
0.3,0.8,1.2,90s,90,190.21150117507216,18.1719617547096,6.0573205849031995,9,2243
0.3,0.8,1.3,30s,30,172.9894492262087,14.026451407007821,4.675483802335941,9,859
0.3,0.8,1.3,60s,60,177.26851963514997,15.647399965586848,5.215799988528949,9,1620
0.3,0.8,1.3,90s,90,188.32746714276882,19.476337472549012,6.492112490849671,9,2262
0.3,0.8,1.4,30s,30,174.86357519038953,11.549184454006648,3.8497281513355492,9,851
0.3,0.8,1.4,60s,60,175.39604370120134,15.80480516250271,5.268268387500903,9,1570
0.3,0.8,1.4,90s,90,188.03789360721194,17.10792477513937,5.702641591713124,9,2307
0.3,0.8,1.5,30s,30,172.11469489270732,11.569229270295033,3.856409756765011,9,855
0.3,0.8,1.5,60s,60,175.58781049003892,17.60352114528368,5.867840381761226,9,1620
0.3,0.8,1.5,90s,90,187.47007192566704,17.43928466043155,5.813094886810517,9,2256
0.3,0.8,1.6,30s,30,173.69769541468568,10.11597844286641,3.3719928142888036,9,845
0.3,0.8,1.6,60s,60,176.6793551882108,18.848280838434608,6.282760279478203,9,1629
0.3,0.8,1.6,90s,90,187.0765344531402,19.87271917708034,6.624239725693447,9,2246
0.3,0.8,1.7,30s,30,171.0802266646201,9.240312492179006,3.080104164059669,9,818
0.3,0.8,1.7,60s,60,174.97876704279008,15.354718053438948,5.118239351146316,9,1632
0.3,0.8,1.7,90s,90,186.77835985633712,19.349943999630664,6.449981333210221,9,2304
0.3,0.8,1.8,30s,30,172.38923363879144,8.6118191001374,2.8706063667124666,9,864
0.3,0.8,1.8,60s,60,173.72312774428508,15.071924171799141,5.023974723933047,9,1623
0.3,0.8,1.8,90s,90,183.87397998893536,15.959386880575302,5.319795626858434,9,2335
0.3,0.8,1.9,30s,30,173.06412451974498,7.701375933201869,2.5671253110672896,9,851
0.3,0.8,1.9,60s,60,176.25644212558274,16.944953190095095,5.648317730031699,9,1617
0.3,0.8,1.9,90s,90,185.65456825692766,17.170812848522637,5.723604282840879,9,2307
0.3,0.8,2.0,30s,30,172.12894454120155,9.388058799061868,3.129352933020623,9,890
0.3,0.8,2.0,60s,60,175.65950349937737,15.11460140348491,5.038200467828303,9,1618
0.3,0.8,2.0,90s,90,184.66028199592697,16.47075034936338,5.490250116454461,9,2365
0.3,0.8,2.5,30s,30,167.72692476066487,9.452233639888457,3.1507445466294857,9,819
0.3,0.8,2.5,60s,60,174.7272332588739,14.503391149361159,4.83446371645372,9,1611
0.3,0.8,2.5,90s,90,184.33160104066954,19.852789107262414,6.6175963690874715,9,2307
0.3,0.8,3.0,30s,30,170.87562839915867,10.035092637643686,3.345030879214562,9,829
0.3,0.8,3.0,60s,60,172.72120865247203,14.279753278864476,4.759917759621492,9,1618
0.3,0.8,3.0,90s,90,177.55163231691665,14.4180099901608,4.8060033300536,9,2324
0.3,0.9,0.0,30s,30,180.03305365557011,27.15544455417094,9.051814851390313,9,881
0.3,0.9,0.0,60s,60,184.90130875464672,14.361144833785756,4.7870482779285854,9,1553
0.3,0.9,0.0,90s,90,195.1983996250084,13.887676324358598,4.629225441452866,9,2222
0.3,0.9,0.5,30s,30,183.42152095447793,19.843539488681248,6.61451316289375,9,835
0.3,0.9,0.5,60s,60,191.65871167303087,13.211768724366683,4.403922908122228,9,1545
0.3,0.9,0.5,90s,90,195.9568795830109,14.716540793007761,4.905513597669254,9,2269
0.3,0.9,1.0,30s,30,179.73959452159363,8.739305681712382,2.9131018939041273,9,891
0.3,0.9,1.0,60s,60,188.8720783026961,10.935455337032675,3.6451517790108916,9,1566
0.3,0.9,1.0,90s,90,199.97789762627562,16.593947158824875,5.531315719608291,9,2222
0.3,0.9,1.5,30s,30,184.47864743979457,10.441006256314383,3.480335418771461,9,847
0.3,0.9,1.5,60s,60,189.35829524056504,13.681148556991207,4.560382852330402,9,1559
0.3,0.9,1.5,90s,90,199.574939769536,15.319856184294908,5.106618728098303,9,2233
0.3,0.9,2.0,30s,30,180.14147688475182,8.67166036585873,2.890553455286243,9,830
0.3,0.9,2.0,60s,60,187.63327245768912,14.774647134460473,4.924882378153491,9,1644
0.3,0.9,2.0,90s,90,197.44511778059325,17.319959746428026,5.773319915476009,9,2234
0.3,0.9,2.5,30s,30,179.0385076185278,7.637517233454041,2.5458390778180138,9,855
0.3,0.9,2.5,60s,60,188.03268595211966,12.758289482935137,4.252763160978379,9,1556
0.3,0.9,2.5,90s,90,195.44328150179967,19.65604487463483,6.55201495821161,9,2230
0.3,0.9,3.0,30s,30,181.18879354926122,7.880962801306976,2.6269876004356587,9,868
0.3,0.9,3.0,60s,60,185.47956710404006,13.28040708986822,4.426802363289407,9,1576
0.3,0.9,3.0,90s,90,187.01753493690487,12.24024651068299,4.080082170227663,9,2240
0.3,1.0,0.0,30s,30,191.16541448947544,22.667584175200105,7.555861391733369,9,880
0.3,1.0,0.0,60s,60,196.25422404007452,16.577926960129957,5.525975653376652,9,1560
0.3,1.0,0.0,90s,90,204.9567349207948,18.24518409069305,6.081728030231017,9,2192
0.3,1.0,0.5,30s,30,201.09529184636006,14.00957845561533,4.66985948520511,9,798
0.3,1.0,0.5,60s,60,199.27193379509492,16.585090433752274,5.528363477917424,9,1533
0.3,1.0,0.5,90s,90,209.6767903766048,16.744648199082196,5.581549399694065,9,2272
0.3,1.0,1.0,30s,30,194.1620824227365,16.91260354535197,5.6375345151173235,9,877
0.3,1.0,1.0,60s,60,200.66715854602268,12.532611216862072,4.1775370722873575,9,1537
0.3,1.0,1.0,90s,90,211.7572904053403,15.736244152818957,5.245414717606319,9,2197
0.3,1.0,1.5,30s,30,192.19114472302562,13.130210724281639,4.376736908093879,9,821
0.3,1.0,1.5,60s,60,198.16848587890348,15.778329749398694,5.259443249799564,9,1561
0.3,1.0,1.5,90s,90,210.27643862839582,16.5884659885768,5.529488662858934,9,2210
0.3,1.0,2.0,30s,30,188.576162405005,9.43819024908231,3.14606341636077,9,850
0.3,1.0,2.0,60s,60,196.92422095348198,15.229276734998948,5.076425578332983,9,1532
0.3,1.0,2.0,90s,90,206.14315372662597,17.09641341840655,5.698804472802183,9,2225
0.3,1.0,2.5,30s,30,189.19792273608792,7.5626772610723085,2.5208924203574363,9,782
0.3,1.0,2.5,60s,60,200.85887144148742,15.900727754635147,5.300242584878382,9,1547
0.3,1.0,2.5,90s,90,207.43763057926964,16.63276480838157,5.54425493612719,9,2263
0.3,1.0,3.0,30s,30,194.96189477700898,7.017102605566085,2.3390342018553616,9,891
0.3,1.0,3.0,60s,60,196.02375218833785,14.312112792441866,4.770704264147288,9,1567
0.3,1.0,3.0,90s,90,201.3911178964819,12.376262870360325,4.125420956786775,9,2255
