{
  "fr_mean_by_time": {
    "30s": 0.15815980231540008,
    "60s": 0.18822420983657903,
    "90s": 0.18590073407317345
  },
  "fr_std_by_time": {
    "30s": 0.08171516345177521,
    "60s": 0.07857489490328187,
    "90s": 0.08054575270630307
  },
  "n_rows": 288,
  "n_scored": 288,
  "missing_refs": 0
}