log_frequency,average_gaze_duration
0.292169364,268.6241985
1.588080537,236.2462574
2.422192651,226.5215215
3.468397584,216.2428391
4.192526148,212.5556617
