logit_predictability,average_gaze_duration
-2.300072911,247.8927203
-1.248348773,224.9042146
-0.7333269,229.2145594
-0.251994339,228.7356322
0.72170398,220.5938697
