{
    "Number of Fixations_90": 309.7469879518072,
    "Number of Fixations_90_std": 39.905564238494684,
    "Average Saccade Length (px)_90": 136.60914837838376,
    "Average Saccade Length (px)_90_std": 24.062755092965432,
    "Word Skip Percentage by Saccades V2 With Word Index Correction_90": 31.012941469670803,
    "Word Skip Percentage by Saccades V2 With Word Index Correction_90_std": 8.552293191297197,
    "Revisit Percentage by Saccades V2 With Word Index Correction_90": 59.10776774666215,
    "Revisit Percentage by Saccades V2 With Word Index Correction_90_std": 11.497130595402444,
    "Average Reading Speed (wpm)_90": 165.91164658634534,
    "Average Reading Speed (wpm)_90_std": 29.506929022535743,
    "Number of Fixations_30": 113.3452380952381,
    "Number of Fixations_30_std": 27.47141113421761,
    "Average Saccade Length (px)_30": 155.95404190273152,
    "Average Saccade Length (px)_30_std": 30.067132082066706,
    "Word Skip Percentage by Saccades V2 With Word Index Correction_30": 39.215056137433734,
    "Word Skip Percentage by Saccades V2 With Word Index Correction_30_std": 9.260099901135295,
    "Revisit Percentage by Saccades V2 With Word Index Correction_30": 31.982704799289206,
    "Revisit Percentage by Saccades V2 With Word Index Correction_30_std": 16.884940563640157,
    "Average Reading Speed (wpm)_30": 192.4047619047619,
    "Average Reading Speed (wpm)_30_std": 56.21284361111856,
    "Number of Fixations_60": 211.4047619047619,
    "Number of Fixations_60_std": 28.697568773586717,
    "Average Saccade Length (px)_60": 137.8451204092313,
    "Average Saccade Length (px)_60_std": 25.72278150857773,
    "Word Skip Percentage by Saccades V2 With Word Index Correction_60": 32.265846624427994,
    "Word Skip Percentage by Saccades V2 With Word Index Correction_60_std": 8.742162714803694,
    "Revisit Percentage by Saccades V2 With Word Index Correction_60": 47.72694567224823,
    "Revisit Percentage by Saccades V2 With Word Index Correction_60_std": 15.204800847137431,
    "Average Reading Speed (wpm)_60": 171.48809523809524,
    "Average Reading Speed (wpm)_60_std": 30.629698491908396,
    "sentence_level_revisit_90": {
        "avg_regressed_sentences": 7.843373493975903,
        "avg_sentences_read": 8.843373493975903,
        "regression_rate": 88.69209809264305
    },
    "sentence_level_revisit_30": {
        "avg_regressed_sentences": 6.714285714285714,
        "avg_sentences_read": 7.738095238095238,
        "regression_rate": 86.76923076923076
    },
    "sentence_level_revisit_60": {
        "avg_regressed_sentences": 7.690476190476191,
        "avg_sentences_read": 8.702380952380953,
        "regression_rate": 88.37209302325581
    }
}