time,mcq_mean,mcq_std,fr_mean,fr_std,n,label
30,0.5916666666666667,0.23200120991820017,0.6416666666666667,0.0947758204414548,96,Human
60,0.7312500000000001,0.1854227034302122,0.703125,0.08639337815755146,96,Human
90,0.8250000000000001,0.1569445091341791,0.7302083333333332,0.08720187306856815,96,Human
30,0.4,0.24494897427831785,0.5517777777777778,0.1305888373653906,9,Simulation
60,0.48888888888888893,0.22607766610417562,0.5361111111111111,0.09338287375697492,9,Simulation
90,0.48888888888888893,0.14529663145135577,0.5918888888888889,0.12775214718786965,9,Simulation
