time,mcq_mean,mcq_std,fr_mean,fr_std,n,label
30,0.5916666666666667,0.23200120991820017,0.6416666666666667,0.0947758204414548,96,Human
60,0.7312500000000001,0.1854227034302122,0.703125,0.08639337815755146,96,Human
90,0.8250000000000001,0.1569445091341791,0.7302083333333332,0.08720187306856815,96,Human
30,0.4,0.28284271247461895,0.65,0.021213203435596444,2,Simulation
60,0.30000000000000004,0.1414213562373095,0.6395,0.058689862838483535,2,Simulation
90,0.30000000000000004,0.14142135623730953,0.575,0.05091168824543143,2,Simulation
