time,mcq_mean,mcq_std,fr_mean,fr_std,n,label
30,0.5916666666666667,0.23200120991820017,0.6416666666666667,0.0947758204414548,96,Human
60,0.7312500000000001,0.1854227034302122,0.703125,0.08639337815755146,96,Human
90,0.8250000000000001,0.1569445091341791,0.7302083333333332,0.08720187306856815,96,Human
30,0.2,,0.505,,1,Simulation
60,0.2,,0.602,,1,Simulation
90,0.2,,0.684,,1,Simulation
