time,mcq_mean,mcq_std,fr_mean,fr_std,n,label
30,0.5916666666666667,0.23200120991820017,0.6416666666666667,0.0947758204414548,96,Human
60,0.7312500000000001,0.1854227034302122,0.703125,0.08639337815755146,96,Human
90,0.8250000000000001,0.1569445091341791,0.7302083333333332,0.08720187306856815,96,Human
30,0.3333333333333333,0.19999999999999998,0.6295555555555556,0.05994395530641754,9,Simulation
60,0.5555555555555556,0.16666666666666669,0.5853333333333333,0.09421385248465323,9,Simulation
90,0.48888888888888893,0.20275875100994067,0.6283333333333334,0.10443299287102713,9,Simulation
