class,log_frequency,average_gaze_duration,std_deviation,n_samples,std_error,ci_95_lower,ci_95_upper
class 1,0.3242157326979326,276.9196788228723,193.4831497098366,9045,2.0344117853837904,272.9322317235201,280.9071259222245
class 2,1.333111139929996,287.98757798887453,210.49333085572508,893,7.043890742439128,274.18155213369386,301.7936038440552
class 3,2.327534304172161,268.82194162014355,200.760332456986,96,20.49001562963033,228.6615109860681,308.982372254219
class 4,3.335064096426681,237.19933475592697,170.77274211147318,8,60.377281994422084,118.85986204685969,355.53880746499425
