class,logit_predictability,average_gaze_duration,std_deviation,n_samples,std_error,ci_95_lower,ci_95_upper
class 1,-1.985735466887729,289.4093965637231,90.54495519548914,231,5.957420674092842,277.7328520425011,301.08594108494503
class 2,-1.2107606655303744,281.2995400937751,83.86378707950101,339,4.554855681058192,272.372022958901,290.22705722864913
class 3,-0.7334131057826351,263.30885130717076,74.38171369039354,737,2.739885638631859,257.9386754554523,268.6790271588892
class 4,-0.24245373561364517,243.609009305386,66.46593943835086,1126,1.9807513119269384,239.7267367340092,247.4912818767628
class 5,0.6894115934658835,229.9654180629522,59.95332320258749,2546,1.1881849887834273,227.63657548493669,232.29426064096774
