word_length,average_gaze_duration
1,148.11648328035804
2,148.11972874839302
3,148.1232916349924
4,148.1170164297092
5,148.11707561320998
6,254.53812599286096
7,293.900686534015
8,306.458264976988
9,307.8750633570957
10,307.87063122786407
11,362.95157297632414
12,397.737592615524
13,409.37802165169677
14,422.98134729627407
