class,log_frequency,average_gaze_duration,std_deviation,n_samples,std_error,ci_95_lower,ci_95_upper
class 1,0.3184604638819299,254.78421583403804,127.63042528922998,4549,1.8923272700947804,251.07525438465225,258.4931772834238
class 2,1.336966651750828,238.41970522126692,115.00813076551766,485,5.222250204688383,228.1840948200777,248.65531562245616
class 3,2.3295266558404326,237.75558224923967,105.70596068270217,39,16.926500330314227,204.57964160182377,270.93152289665557
class 4,3.3869178854652757,245.58500928662232,137.53673467316452,5,61.50829762650963,125.02874593866345,366.1412726345812
class 5,4.0134812042512635,233.83257199605015,,1,,,
