class,logit_predictability,average_gaze_duration,std_deviation,n_samples,std_error,ci_95_lower,ci_95_upper
class 1,-1.9544547475087504,287.03237880033544,86.23158114840783,274,5.209440331454716,276.82187575068417,297.2428818499867
class 2,-1.2122961881976886,281.1061519420746,82.73835045430994,341,4.4805328796179875,272.3243074980233,289.88799638612585
class 3,-0.7233665020955014,265.702422892739,76.95373462628632,753,2.804349986809147,260.20589691859306,271.1989488668849
class 4,-0.2411317666456828,238.38274256165482,67.03452842826,1161,1.967353710325744,234.52672928941635,242.2387558338933
class 5,0.6811315179327391,230.25358099875237,61.16043902778313,2477,1.2288746656646745,227.84498665404962,232.66217534345512
