class,logit_predictability,average_gaze_duration,std_deviation,n_samples,std_error,ci_95_lower,ci_95_upper
class 1,-1.9571080576637228,249.2224199951935,103.97230794244246,1209,2.990229584575108,243.3615700094263,255.0832699809607
class 2,-1.2116123953508897,253.77978346264968,103.13079724905629,1867,2.3868010272468925,249.10165344924576,258.4579134760536
class 3,-0.7205354757083247,235.9147537205972,93.24751823336129,3674,1.5383944554169298,232.89950058798001,238.93000685321437
class 4,-0.24293721885084388,216.9749916855083,77.6813895763178,5761,1.023453341036554,214.96902313707665,218.98096023393992
class 5,0.6934718393502534,204.17314674686176,67.90453610324681,12443,0.6087461619499155,202.98000426943992,205.3662892242836
