class,log_frequency,average_gaze_duration,std_deviation,n_samples,std_error,ci_95_lower,ci_95_upper
class 1,0.31913133472748706,284.06053452746545,78.26641714773979,4484,1.168806589326248,281.769673612386,286.3513954425449
class 2,1.3339513124344957,273.74378002913306,65.99394240598768,457,3.087066417888824,267.693129850071,279.79443020819514
class 3,2.3327606453193463,275.25279258140654,63.78124146298934,50,9.020029670195271,257.5735344278238,292.9320507349893
class 4,3.3017747455446576,215.7919510794593,83.20805199152511,3,48.040191216051404,121.63317629599854,309.9507258629201
