class,logit_predictability,average_gaze_duration,std_deviation,n_samples,std_error,ci_95_lower,ci_95_upper
class 1,-1.9571080576637228,248.46806477167777,102.939577955923,1209,2.9605284091402235,242.66542908976294,254.2707004535926
class 2,-1.2116123953508897,254.3404516721123,103.37168274154419,1867,2.3923759452757967,249.65139481937175,259.0295085248529
class 3,-0.7205354757083247,235.31044355122614,92.62093974698531,3674,1.5280571843818764,232.31545146983765,238.30543563261463
class 4,-0.24293721885084388,217.2676878687064,77.72676376753832,5761,1.0240511466094815,215.2605476213518,219.27482811606097
class 5,0.6934718393502534,204.32043769717384,68.05651766168283,12443,0.6101086363248883,203.12462476997706,205.51625062437063
