class,log_frequency,average_gaze_duration,count
class 1,,,0
class 2,,,0
class 3,2.617302830672079,308.7443153964517,1
class 4,3.6825155356254293,283.63538625348093,13
class 5,4.708950577047782,249.38064937836614,176
