class,logit_predictability,average_gaze_duration,std_deviation,n_samples,std_error,ci_95_lower,ci_95_upper
class 1,-1.9513503878297094,282.81750609153306,85.16903957521359,2336,1.7621599669763721,279.36367255625936,286.27133962680676
class 2,-1.2144721091657786,279.3282312708322,81.23994090560706,3507,1.37183448495257,276.63943568032516,282.0170268613392
class 3,-0.7232500259860114,264.766746474201,75.30209475256316,7517,0.8685299167709735,263.0644278373299,266.4690651110721
class 4,-0.24091250792191213,242.33481039270723,67.54476159252332,11763,0.6227770853350593,241.1141673054505,243.55545347996394
class 5,0.6840486582508245,231.46951418059516,59.82693877871965,25073,0.3778275578197526,230.72897216726844,232.21005619392187
