class,log_frequency,average_gaze_duration,std_deviation,n_samples,std_error,ci_95_lower,ci_95_upper
class 1,0.3205379968874786,281.1776830373863,194.87177142621442,4505,2.903364319655829,275.4870889708609,286.86827710391174
class 2,1.3475510935400705,263.4531777662991,184.06481615804614,394,9.27305147309002,245.2779968790427,281.62835865355555
class 3,2.3544873097467174,281.9265752890745,205.18310623614119,45,30.586891558571512,221.97626783427432,341.87688274387466
class 4,3.307752166910833,258.12548676886985,287.04188063508707,3,165.72370705336397,-66.69297905572353,582.9439525934632
