class,logit_predictability,average_gaze_duration,std_deviation,n_samples,std_error,ci_95_lower,ci_95_upper
class 1,-1.9571080576637228,249.0080160547195,103.9364057600698,1209,2.9891970426415297,243.1491898511421,254.86684225829688
class 2,-1.2116123953508897,254.1296720806854,103.5766723036307,1867,2.3971201081293176,249.43131666875195,258.82802749261884
class 3,-0.7205354757083247,235.63081441151996,92.90239659021255,3674,1.5327006500232496,232.6267211374744,238.63490768556554
class 4,-0.24293721885084388,216.928548258801,77.37916306736595,5761,1.019471502760699,214.93038411339,218.92671240421197
class 5,0.6934718393502534,204.44660280549374,68.16788334280943,12443,0.6111070001286801,203.24883308524153,205.64437252574595
