class,logit_predictability,average_gaze_duration,std_deviation,n_samples,std_error,ci_95_lower,ci_95_upper
class 1,-1.9268558610481592,255.5453204417817,122.26066787939378,205,8.539055442799116,238.80877177389544,272.281869109668
class 2,-1.217289132754299,253.96402523435754,125.22217326109616,332,6.872459591152505,240.49400443569863,267.43404603301644
class 3,-0.7320224357752135,242.738682596611,123.57118700458642,752,4.506177535452184,233.9065746271247,251.5707905660973
class 4,-0.24892018874004035,228.79186474987418,114.54827983334884,1114,3.4319897046517926,222.06516492875667,235.51856457099169
class 5,0.671752188363348,206.3106442217915,100.62734897650414,2518,2.0053407010429405,202.38017644774735,210.24111199583567
