word_length,average_gaze_duration
1,148.11574594008542
2,148.11284640958547
3,148.11679728494946
4,148.11634121879072
5,148.11511885427717
6,202.70815093103832
7,234.48231975100853
8,264.5136960316434
9,305.8006419902961
10,307.43183731427183
11,321.24458214201604
