class,log_frequency,average_gaze_duration,std_deviation,n_samples,std_error,ci_95_lower,ci_95_upper
class 1,0.3294650784753698,284.1030247228429,77.3063538894697,4530,1.1485927998197518,281.8517828351962,286.3542666104896
class 2,1.324239415516365,273.377875977346,69.84878213310243,449,3.2963678349159053,266.9169950209108,279.83875693378116
class 3,2.333189191408878,257.6000479973726,65.080590498483,37,10.699183171185265,236.62964898184947,278.5704470128957
class 4,3.4067727147662468,297.93465154600005,56.52877696636041,5,25.280437596341244,248.38499385717122,347.4843092348289
