class,logit_predictability,average_gaze_duration,std_deviation,n_samples,std_error,ci_95_lower,ci_95_upper
class 1,-1.943567103248414,285.2657377250813,196.85882664457412,459,9.188583143850655,267.256114763134,303.2753606870286
class 2,-1.2174044034129092,274.68910231355585,195.0514576138309,731,7.214238762787916,260.54919433849153,288.82901028862017
class 3,-0.727205794850898,268.30411072074565,188.79623555446125,1456,4.947805774048031,258.6064114036115,278.0018100378798
class 4,-0.2425219612502605,242.09012529552135,173.9406643653468,2274,3.647588974891902,234.94085090473322,249.23939968630947
class 5,0.6806894755968989,211.51459888012565,151.6425409832631,5038,2.136446251958395,207.32716422628718,215.7020335339641
