class,logit_predictability,average_gaze_duration,std_deviation,n_samples,std_error,ci_95_lower,ci_95_upper
class 1,-1.9256234660936022,255.59284928121554,188.74535858731045,267,11.551028358366056,232.95283369881807,278.23286486361303
class 2,-1.2232530635145507,276.94239131547454,187.79693465799156,367,9.80292019370155,257.7286677358195,296.1561148951296
class 3,-0.7221711777856591,263.09600635096217,189.4594084938192,736,6.98356645006961,249.40821610882574,276.7837965930986
class 4,-0.23589022977362484,239.22432076050507,175.99561801326655,1103,5.299246218132474,228.83779817296542,249.6108433480447
class 5,0.7040770204828317,211.83763119074422,151.91600496842517,2506,3.034680664922637,205.88965708749586,217.78560529399257
