class,logit_predictability,average_gaze_duration,count
class 1,-1.9227396033106374,257.4557331227576,78
class 2,-1.2056197467575356,248.92087032868696,151
class 3,-0.7310763852324429,261.07446474169103,307
class 4,-0.24596651981965115,239.20458744039033,472
class 5,0.680562963165724,213.3601003053632,992
