class,logit_predictability,average_gaze_duration,count
class 1,-1.885132310523602,242.6935751082953,113
class 2,-1.2097651520083799,261.14061831521127,200
class 3,-0.7262699216229326,254.86780063969556,393
class 4,-0.25078433802348565,234.379747181667,541
class 5,0.6433591892739259,216.9955845531798,1249
