class,log_frequency,average_gaze_duration,std_deviation,n_samples,std_error,ci_95_lower,ci_95_upper
class 1,0.32294863941095503,284.65884279356,77.57761501704013,4527,1.1530049628623738,282.39895306634975,286.9187325207702
class 2,1.3019054356124462,273.1034755579858,71.5248692095284,447,3.383010227606445,266.47277551187716,279.73417560409445
class 3,2.306379983572953,268.67232073257406,73.86323848199027,46,10.89054036972032,247.32686160792224,290.0177798572259
class 4,3.391855489838092,217.11410395395484,62.48102008333106,5,27.942361641971562,162.34707513569057,271.8811327722191
class 5,4.33328621953331,257.2796810643873,66.4011615203906,2,46.952711589731436,165.2523663485137,349.30699578026093
