class,logit_predictability,average_gaze_duration,std_deviation,n_samples,std_error,ci_95_lower,ci_95_upper
class 1,-1.958068847972326,180.19560063481262,95.29997771018782,233,6.2433091229722395,167.95871475378704,192.4324865158382
class 2,-1.2276333169158362,196.80993639408533,102.97443572033052,361,5.41970714317529,186.18731039346176,207.4325623947089
class 3,-0.7280263492330656,185.3800928965589,96.47957368643972,747,3.530003003270952,178.46128701014783,192.29889878296996
class 4,-0.23491481621730836,171.3303740302827,94.30596817798913,1171,2.755882712522761,165.9288439137381,176.73190414682733
class 5,0.6746877437531316,148.07733706690092,78.89827225892466,2487,1.5820842255583345,144.9764519848066,151.17822214899525
