class,logit_predictability,average_gaze_duration,std_deviation,n_samples,std_error,ci_95_lower,ci_95_upper
class 1,-1.9863863246705087,266.0875117914716,194.76266610851889,268,11.897023349915175,242.76934602563787,289.40567755730535
class 2,-1.2040179130128303,259.15677823404025,202.97247816475152,353,10.8031349573853,237.98263371756505,280.3309227505154
class 3,-0.7201645493842338,275.5707346049232,197.30431295269904,760,7.156979654572815,261.5430544819605,289.5984147278859
class 4,-0.24790355554443028,244.9777568648327,180.6136846404448,1173,5.273532739328449,234.64163269574897,255.31388103391646
class 5,0.6856177228566553,211.50774405852985,146.50240279136656,2499,2.9306342413000013,205.76370094558186,217.25178717147784
