class,log_frequency,average_gaze_duration,std_deviation,n_samples,std_error,ci_95_lower,ci_95_upper
class 1,0.326106841610992,248.6557303044727,103.52415189458256,22598,0.6886628874174134,247.30595104513458,250.00550956381085
class 2,1.3260391100986815,235.25301817869632,91.55110607102657,2195,1.9540979687436344,231.4229861599588,239.08305019743383
class 3,2.3195472199427045,226.69809770913088,82.70277004958811,222,5.550646490175412,215.81883058838707,237.57736482987468
class 4,3.3162349012784897,217.15582025881093,75.25247206134027,26,14.758223980264228,188.22970125749305,246.08193926012882
class 5,4.661971641199953,236.7400697273782,112.1122926102176,5,50.138141477958776,138.469312430579,335.0108270241774
