class,log_frequency,average_gaze_duration,std_deviation,n_samples,std_error,ci_95_lower,ci_95_upper
class 1,0.3219389294858719,248.98694306313303,103.74032268503318,22511,0.6914331548927207,247.6317340795433,250.34215204672276
class 2,1.334974595035702,233.82332123607665,90.87677454433802,2293,1.8978018996741064,230.1036295127154,237.5430129594379
class 3,2.3189639380069207,223.07033401255208,76.43019984907188,212,5.249247676989761,212.78180856565214,233.35885945945202
class 4,3.3495305370486874,239.60306524974794,81.9790706002244,28,15.492588108600025,209.23759255689188,269.968537942604
class 5,4.412325153100626,196.54002551862163,94.75206468849215,2,66.99982747265922,65.22036367220957,327.85968736503366
