class,logit_predictability,average_gaze_duration,count
class 1,-1.9597218566857713,294.32409833941495,492
class 2,-1.2135181172948408,295.4998294184258,759
class 3,-0.717656171353237,274.11563178674174,1456
class 4,-0.2438179996009264,252.08752524824547,2317
class 5,0.6949981571310697,237.75462160857666,4956
