class,log_frequency,average_gaze_duration,count
class 1,0.3252261787845219,260.8367827047737,2248
class 2,1.3206678772488665,254.7721373431072,226
class 3,2.305490245063988,274.63732847192205,24
class 4,3.4032490987979016,244.0920641483714,5
class 5,4.140371341295042,148.10719485831268,1
