class,log_frequency,average_gaze_duration,count
class 1,0.3195556092518978,290.3228596354381,9022
class 2,1.3125279891849373,271.36158055437653,902
class 3,2.3142378899773073,281.36983501781,90
class 4,3.2769967463839818,244.0647020852516,5
class 5,4.311634107122719,148.1071953325069,1
