word_length,average_gaze_duration
1,148.11285982402808
2,148.11746857478732
3,148.11728449791133
4,148.11544631774024
5,148.12509592369435
6,252.6885526736446
7,271.8732085811407
8,294.01879298067047
9,307.86796223814395
10,307.8766907821357
11,336.9113432276225
