class,log_frequency,average_gaze_duration,std_deviation,n_samples,std_error,ci_95_lower,ci_95_upper
class 1,0.32181990076681277,195.43268026128968,102.23539582889263,4502,1.5236967368722723,192.44623465702003,198.41912586555932
class 2,1.3205298773079739,195.64550142943412,98.90755522376772,443,4.69923976377378,186.43499149243752,204.85601136643072
class 3,2.3170254016883285,189.4892102918271,92.70158167864652,49,13.243083096949503,163.53276742180608,215.44565316184813
class 4,3.408581532261494,124.94930720695726,43.909275316601324,6,17.92588658350959,89.81456950327846,160.08404491063607
class 5,4.125389239375796,115.09031318063315,,1,,,
