word_length,average_gaze_duration
1,148.11574594008542
2,148.11284640958547
3,148.11679728494946
4,148.11634121879072
5,148.11511885427717
6,203.2716494580397
7,233.95721818563337
8,267.4446236762294
9,305.1082907949734
10,307.90104741656904
11,321.2377516483455
