class,log_frequency,average_gaze_duration,std_deviation,n_samples,std_error,ci_95_lower,ci_95_upper
class 1,0.32502531666243933,248.54119721264482,103.63290672028742,22476,0.6912548123994594,247.1863377803419,249.89605664494775
class 2,1.33318418490551,237.80023666369368,91.24596317732077,2324,1.8927602120652676,234.09042664804576,241.5100466793416
class 3,2.3181712795697167,216.83364807221886,78.82310449832235,221,5.30221579343498,206.4413051170863,227.22599102735143
class 4,3.241707090229214,235.6165515524152,88.16550779897874,24,17.996708918405727,200.34300207233997,270.8901010324904
class 5,4.489781646603827,129.54019782059578,,1,,,
