class,log_frequency,average_gaze_duration,std_deviation,n_samples,std_error,ci_95_lower,ci_95_upper
class 1,0.3200832572953784,284.7463490930733,77.82582002207914,44914,0.3672255061139878,284.0265871010899,285.46611108505675
class 2,1.321018699066652,272.35243214595914,69.15061313539033,4412,1.041066048336602,270.31194269121943,274.39292160069886
class 3,2.3087308745575776,271.0682820780127,66.51315944265738,435,3.1890619018600264,264.8177207503671,277.31884340565836
class 4,3.3256202446358984,256.295852035375,61.85668198464872,39,9.904996286710194,236.882059313423,275.70964475732694
class 5,4.531558632850919,302.41932134469835,80.66081421524231,4,40.330407107621156,223.3717234137609,381.4669192756358
