word_length,average_gaze_duration
1,111.87363173045787
2,111.84981160902969
3,111.88263478150812
4,111.8785990274743
5,111.86855262459642
6,238.96087578382478
7,279.24916144859765
8,309.30732586617586
9,346.4209567221649
10,349.6544361992337
11,410.2998819938425
