{
  "fr_mean_by_time": {
    "30s": 0.44184744264930487,
    "60s": 0.5327457231469452,
    "90s": 0.5176015434165796
  },
  "fr_std_by_time": {
    "30s": 0.13071711601174693,
    "60s": 0.12040994720701342,
    "90s": 0.1552075907079258
  },
  "n_rows": 288,
  "n_scored": 288,
  "missing_refs": 0
}