{
  "mcq_mean_by_time": {
    "30s": 0.5916666666666667,
    "60s": 0.7312500000000001,
    "90s": 0.8250000000000001
  },
  "mcq_std_by_time": {
    "30s": 0.2307897070687705,
    "60s": 0.18445443204217135,
    "90s": 0.15612494995995999
  },
  "n_rows": 288,
  "n_scored": 288,
  "missing_mcq": 0
}