{
    "Number of Fixations_90": 309.7469879518072,
    "Average Saccade Length (px)_90": 136.60914837838376,
    "Word Skip Percentage by Saccades V2 With Word Index Correction_90": 31.012941469670803,
    "Revisit Percentage by Saccades V2 With Word Index Correction_90": 59.10776774666215,
    "Average Reading Speed (wpm)_90": 165.91164658634534,
    "Number of Fixations_30": 113.3452380952381,
    "Average Saccade Length (px)_30": 155.95404190273152,
    "Word Skip Percentage by Saccades V2 With Word Index Correction_30": 39.215056137433734,
    "Revisit Percentage by Saccades V2 With Word Index Correction_30": 31.982704799289206,
    "Average Reading Speed (wpm)_30": 192.4047619047619,
    "Number of Fixations_60": 211.4047619047619,
    "Average Saccade Length (px)_60": 137.8451204092313,
    "Word Skip Percentage by Saccades V2 With Word Index Correction_60": 32.265846624427994,
    "Revisit Percentage by Saccades V2 With Word Index Correction_60": 47.72694567224823,
    "Average Reading Speed (wpm)_60": 171.48809523809524,
    "sentence_level_revisit_90": {
        "avg_regressed_sentences": 7.843373493975903,
        "avg_sentences_read": 8.843373493975903,
        "regression_rate": 88.69209809264305
    },
    "sentence_level_revisit_30": {
        "avg_regressed_sentences": 6.714285714285714,
        "avg_sentences_read": 7.738095238095238,
        "regression_rate": 86.76923076923076
    },
    "sentence_level_revisit_60": {
        "avg_regressed_sentences": 7.690476190476191,
        "avg_sentences_read": 8.702380952380953,
        "regression_rate": 88.37209302325581
    }
}