participant_id,stimulus_index,time_constraint,sentence_idx,sentence_text,initial_appraisal,eligible_for_reread_analysis,reread,initial_coverage,return_coverage,n_words_in_sentence,n_unique_initial_words,n_unique_returned_words
23,7,90,0,"Cooking has always been something I needed to do every day, but recently, I’ve started seeing it as a way to relax and enjoy myself.",0.42372881355932196,1,1,0.76,0.92,25,19,23
23,7,90,1,"Mindful cooking means paying full attention while making a meal, focusing on each step, and enjoying the process rather than rushing.",0.44266441821247887,1,1,0.6190476190476191,0.8571428571428571,21,13,18
23,7,90,2,"I start by choosing fresh ingredients, noticing their colors, textures, and smells.",0.5172413793103449,1,1,0.75,0.9166666666666666,12,9,11
23,7,90,3,"As I cut, stir, and season, I pay attention to the sounds of vegetables cooking, the feel of the dough, and the aroma of spices.",0.43222683264177036,0,0,0.44,0.68,25,11,17
23,7,90,4,This way of cooking has changed how I feel about making food.,0.5535055350553506,1,1,0.5833333333333334,0.5,12,7,6
23,7,90,5,"Now, instead of thinking of it as just another chore, I see it as a creative activity and a way to take care of myself.",0.43584379358437936,1,1,0.52,0.52,25,13,13
23,7,90,6,"It also makes the food taste better and more enjoyable, because each dish is made with care and attention.",0.47123015873015867,1,0,0.7894736842105263,0.0,19,15,0
22,0,90,0,The city has announced an expansion of its public bicycle program to meet growing demand for eco-friendly transportation.,0.4567307692307693,1,1,0.6111111111111112,0.8888888888888888,18,11,16
22,0,90,1,"Starting next month, 500 new bikes will be added to the fleet, and new docking stations will be installed across key areas.",0.4464285714285714,1,1,0.6363636363636364,0.5909090909090909,22,14,13
22,0,90,2,"Launched three years ago, the program has seen significant growth, with daily ridership up by 20% in the past year.",0.46125461254612543,1,1,0.65,0.5,20,13,10
22,0,90,3,"City officials believe the expansion will encourage more residents to bike rather than drive, especially for short trips.",0.4601226993865031,1,0,0.7777777777777778,0.1111111111111111,18,14,2
22,0,90,4,"The new bikes have GPS tracking and improved safety features, including reflective strips and better lighting.",0.4750593824228029,0,0,0.4375,0.0625,16,7,1
22,0,90,5,"Additionally, the city will launch a public awareness campaign to promote safe biking practices, including workshops and free helmets.",0.4472693032015066,1,1,0.631578947368421,0.8421052631578947,19,12,16
22,0,90,6,The goal is to reduce traffic congestion and pollution while promoting a healthier lifestyle.,0.4971590909090909,1,1,0.6428571428571429,0.35714285714285715,14,9,5
22,0,90,7,"With these initiatives, the city hopes to lead in sustainable urban transportation.",0.5136986301369862,1,0,0.5,0.0,12,6,0
5,1,30,0,"A local high school has launched a robotics program to inspire students to explore careers in science, technology, engineering, and mathematics (STEM).",0.4290171606864274,1,0,0.7727272727272727,0.09090909090909091,22,17,2
5,1,30,1,"The program, which began this week, offers hands-on experience in designing and building robots, along with lessons in coding, electronics, and problem-solving.",0.41724617524339364,1,0,0.5,0.0,22,11,0
5,1,30,2,The school partnered with local tech companies to provide resources and mentorship.,0.5119453924914675,0,0,0.25,0.5,12,3,6
5,1,30,3,Students will also have the opportunity to compete in regional and national robotics competitions.,0.49019607843137253,1,0,0.7857142857142857,0.0,14,11,0
5,1,30,4,"The principal expressed enthusiasm, stating it provides a unique chance for students to engage with cutting-edge technology.",0.4573170731707317,1,0,0.7058823529411765,0.058823529411764705,17,12,1
5,1,30,5,"Parents support the initiative, noting it prepares students for careers in a rapidly evolving job market.",0.4807692307692307,1,0,0.625,0.0,16,10,0
5,1,30,6,"The program is expected to grow, with plans for advanced courses and summer camps.",0.5147058823529412,1,0,0.5,0.0,14,7,0
5,1,30,7,"By investing in STEM education, the school aims to empower students to become innovators and leaders in technology.",0.46583850931677023,1,0,0.5555555555555556,0.0,18,10,0
6,6,90,0,"In today’s hyper-connected world, taking a step back from constant digital engagement can feel challenging but profoundly rewarding.",0.4456327985739751,1,1,0.7222222222222222,0.9444444444444444,18,13,17
6,6,90,1,"A digital detox doesn’t necessarily mean abandoning technology altogether; rather, it’s about finding a healthy balance.",0.4620123203285421,1,1,0.9375,0.4375,16,15,7
6,6,90,2,"I recently decided to implement a digital detox routine, where I set aside specific times during the day to disconnect from screens and reconnect with the physical world.",0.39637599093997733,1,0,0.7857142857142857,0.03571428571428571,28,22,1
6,6,90,3,"One change was establishing tech-free zones in my home, like the bedroom and dining area, which has improved my sleep and presence during meals.",0.4211590296495957,1,0,0.8333333333333334,0.0,24,20,0
6,6,90,4,I’ve also dedicated my mornings to analog activities like reading a book or taking a walk instead of reaching for my phone.,0.4409509202453987,1,0,0.5454545454545454,0.0,22,12,0
6,6,90,5,"The benefits have been noticeable—I feel more focused, less overwhelmed, and have more time for hobbies.",0.4807692307692307,1,0,0.5,0.0625,16,8,1
6,6,90,6,"If you’re considering a digital detox, start small by setting limits on social media or creating screen-free zones.",0.45955882352941174,1,0,0.6111111111111112,0.0,18,11,0
11,2,30,0,The city’s community garden project is expanding and will soon reach more neighborhoods.,0.5043227665706052,1,0,0.5384615384615384,0.0,13,7,0
11,2,30,1,"This project, started five years ago, now has over 20 garden sites citywide.",0.5275974025974026,1,0,0.5384615384615384,0.23076923076923078,13,7,3
11,2,30,2,"The expansion will add five more gardens across the city, especially in areas needing them most.",0.49140049140049136,1,0,0.625,0.0625,16,10,1
11,2,30,3,These gardens give residents a chance to grow fruits and vegetables.,0.5392156862745098,0,0,0.36363636363636365,0.5454545454545454,11,4,6
11,2,30,4,"Community gardens are important, providing fresh food and a place for neighbors to gather.",0.5028735632183908,0,0,0.0,0.6428571428571429,14,0,9
11,2,30,5,"The new gardens will feature raised beds, composting stations, and water-saving systems.",0.5078125,0,0,0.25,0.5,12,3,6
11,2,30,6,Local volunteers will teach gardening classes to promote eco-friendly practices.,0.5149812734082397,1,0,0.8,0.0,10,8,0
11,2,30,7,"City officials are excited about the gardens' environmental benefits of these gardens, reducing the city’s carbon footprint by encouraging local food production.",0.4178779069767442,1,0,0.5,0.0,22,11,0
11,2,30,8,"They also add green spaces in crowded areas, improving neighborhood livability.",0.5188679245283019,1,0,0.5454545454545454,0.18181818181818182,11,6,2
11,2,30,9,The expansion has been funded by city grants and local business donations.,0.528169014084507,0,0,0.25,0.0,12,3,0
14,6,30,0,"In today’s hyper-connected world, taking a step back from constant digital engagement can feel challenging but profoundly rewarding.",0.4456327985739751,1,0,1.0,0.0,18,18,0
14,6,30,1,"A digital detox doesn’t necessarily mean abandoning technology altogether; rather, it’s about finding a healthy balance.",0.4620123203285421,1,0,0.75,0.0,16,12,0
14,6,30,2,"I recently decided to implement a digital detox routine, where I set aside specific times during the day to disconnect from screens and reconnect with the physical world.",0.39637599093997733,1,0,0.5714285714285714,0.0,28,16,0
14,6,30,3,"One change was establishing tech-free zones in my home, like the bedroom and dining area, which has improved my sleep and presence during meals.",0.4211590296495957,1,0,0.625,0.0,24,15,0
14,6,30,4,I’ve also dedicated my mornings to analog activities like reading a book or taking a walk instead of reaching for my phone.,0.4409509202453987,1,0,0.5454545454545454,0.0,22,12,0
14,6,30,5,"The benefits have been noticeable—I feel more focused, less overwhelmed, and have more time for hobbies.",0.4807692307692307,1,0,0.5625,0.0,16,9,0
14,6,30,6,"If you’re considering a digital detox, start small by setting limits on social media or creating screen-free zones.",0.45955882352941174,0,0,0.3333333333333333,0.0,18,6,0
19,5,60,0,Hello fellow readers!,0.625,1,1,1.0,1.0,3,3,3
19,5,60,1,"I wanted to share my thoughts on a remarkable book I just finished, The Journey Within.",0.5025125628140703,1,1,0.625,0.875,16,10,14
19,5,60,2,"This novel delves into themes of self-discovery and personal growth, exploring how the protagonist navigates complex emotional landscapes to understand themselves better.",0.41189111747851004,1,1,0.7727272727272727,0.7272727272727273,22,17,16
19,5,60,3,What struck me most was its ability to challenge my own perspectives.,0.5376344086021506,1,1,0.5,1.0,12,6,12
19,5,60,4,"The author’s nuanced portrayal of the characters’ struggles felt incredibly authentic, prompting me to reflect on my own life decisions.",0.4404362416107382,0,0,0.35,0.7,20,7,14
19,5,60,5,It’s rare to find a book that entertains and prompts introspection.,0.5415162454873647,0,0,0.09090909090909091,0.5454545454545454,11,1,6
19,5,60,6,I’m eager to hear what everyone has been reading lately.,0.565843621399177,1,0,0.7,0.0,10,7,0
19,5,60,7,Have you come across any books that left a lasting impression?,0.5522088353413654,0,0,0.36363636363636365,0.6363636363636364,11,4,7
19,5,60,8,Let’s discuss our favorite reads and share recommendations.,0.5541871921182265,0,0,0.25,0.125,8,2,1
19,5,60,9,There’s something special about connecting over a good book and exchanging ideas with fellow literature lovers.,0.4711751662971175,1,1,0.5,0.5,16,8,8
19,5,60,10,Looking forward to hearing your thoughts!,0.5859375,0,0,0.3333333333333333,0.0,6,2,0
15,1,90,0,"A local high school has launched a robotics program to inspire students to explore careers in science, technology, engineering, and mathematics (STEM).",0.4290171606864274,1,1,0.7272727272727273,0.6818181818181818,22,16,15
15,1,90,1,"The program, which began this week, offers hands-on experience in designing and building robots, along with lessons in coding, electronics, and problem-solving.",0.41724617524339364,1,1,0.8636363636363636,0.45454545454545453,22,19,10
15,1,90,2,The school partnered with local tech companies to provide resources and mentorship.,0.5119453924914675,1,0,0.5,0.08333333333333333,12,6,1
15,1,90,3,Students will also have the opportunity to compete in regional and national robotics competitions.,0.49019607843137253,1,1,0.6428571428571429,0.6428571428571429,14,9,9
15,1,90,4,"The principal expressed enthusiasm, stating it provides a unique chance for students to engage with cutting-edge technology.",0.4573170731707317,1,1,0.7647058823529411,0.6470588235294118,17,13,11
15,1,90,5,"Parents support the initiative, noting it prepares students for careers in a rapidly evolving job market.",0.4807692307692307,0,0,0.0625,1.0,16,1,16
15,1,90,6,"The program is expected to grow, with plans for advanced courses and summer camps.",0.5147058823529412,0,0,0.21428571428571427,0.5714285714285714,14,3,8
15,1,90,7,"By investing in STEM education, the school aims to empower students to become innovators and leaders in technology.",0.46583850931677023,1,0,0.6666666666666666,0.0,18,12,0
13,1,60,0,"A local high school has launched a robotics program to inspire students to explore careers in science, technology, engineering, and mathematics (STEM).",0.4290171606864274,1,1,0.8636363636363636,0.36363636363636365,22,19,8
13,1,60,1,"The program, which began this week, offers hands-on experience in designing and building robots, along with lessons in coding, electronics, and problem-solving.",0.41724617524339364,1,0,0.9090909090909091,0.0,22,20,0
13,1,60,2,The school partnered with local tech companies to provide resources and mentorship.,0.5119453924914675,1,0,0.9166666666666666,0.0,12,11,0
13,1,60,3,Students will also have the opportunity to compete in regional and national robotics competitions.,0.49019607843137253,1,0,0.5,0.0,14,7,0
13,1,60,4,"The principal expressed enthusiasm, stating it provides a unique chance for students to engage with cutting-edge technology.",0.4573170731707317,0,0,0.47058823529411764,0.11764705882352941,17,8,2
13,1,60,5,"Parents support the initiative, noting it prepares students for careers in a rapidly evolving job market.",0.4807692307692307,1,0,0.5625,0.0,16,9,0
13,1,60,6,"The program is expected to grow, with plans for advanced courses and summer camps.",0.5147058823529412,1,0,0.5,0.07142857142857142,14,7,1
13,1,60,7,"By investing in STEM education, the school aims to empower students to become innovators and leaders in technology.",0.46583850931677023,1,0,0.5,0.0,18,9,0
29,1,90,0,"A local high school has launched a robotics program to inspire students to explore careers in science, technology, engineering, and mathematics (STEM).",0.4290171606864274,1,1,0.7272727272727273,0.7272727272727273,22,16,16
29,1,90,1,"The program, which began this week, offers hands-on experience in designing and building robots, along with lessons in coding, electronics, and problem-solving.",0.41724617524339364,1,1,0.8181818181818182,0.6363636363636364,22,18,14
29,1,90,2,The school partnered with local tech companies to provide resources and mentorship.,0.5119453924914675,1,1,0.8333333333333334,0.8333333333333334,12,10,10
29,1,90,3,Students will also have the opportunity to compete in regional and national robotics competitions.,0.49019607843137253,1,1,0.5714285714285714,0.5,14,8,7
29,1,90,4,"The principal expressed enthusiasm, stating it provides a unique chance for students to engage with cutting-edge technology.",0.4573170731707317,1,1,0.7647058823529411,0.9411764705882353,17,13,16
29,1,90,5,"Parents support the initiative, noting it prepares students for careers in a rapidly evolving job market.",0.4807692307692307,1,1,0.625,0.5,16,10,8
29,1,90,6,"The program is expected to grow, with plans for advanced courses and summer camps.",0.5147058823529412,1,1,0.6428571428571429,0.7857142857142857,14,9,11
29,1,90,7,"By investing in STEM education, the school aims to empower students to become innovators and leaders in technology.",0.46583850931677023,1,0,0.9444444444444444,0.0,18,17,0
29,3,30,0,"Lately, I am making an effort to incorporate more sustainable practices into my routine.",0.5057803468208092,1,1,0.7142857142857143,0.5,14,10,7
29,3,30,1,I first changed to reduce my reliance on single-use plastics.,0.5544354838709677,1,0,0.7,0.2,10,7,2
29,3,30,2,"Switching to reusable bags, containers, and produce bags has significantly cut the waste I generate.",0.48955613577023505,1,1,0.7333333333333333,0.3333333333333333,15,11,5
29,3,30,3,"I’ve also focused on minimizing food waste, which helps the environment and saves money.",0.5040322580645161,1,0,0.6428571428571429,0.0,14,9,0
29,3,30,4,"Meal planning has been a game-changer, as I only buy what I need, resulting in fewer leftovers.",0.48701298701298706,1,0,0.5294117647058824,0.0,17,9,0
29,3,30,5,"Additionally, I set up a small compost bin in my backyard.",0.5635245901639344,0,0,0.45454545454545453,0.0,11,5,0
29,3,30,6,It’s gratifying to know my food scraps are repurposed into something beneficial for the garden instead of ending up in a landfill.,0.4362670713201821,1,0,0.6363636363636364,0.0,22,14,0
18,6,60,0,"In today’s hyper-connected world, taking a step back from constant digital engagement can feel challenging but profoundly rewarding.",0.4456327985739751,1,1,0.7777777777777778,0.8333333333333334,18,14,15
18,6,60,1,"A digital detox doesn’t necessarily mean abandoning technology altogether; rather, it’s about finding a healthy balance.",0.4620123203285421,1,0,0.8125,0.0,16,13,0
18,6,60,2,"I recently decided to implement a digital detox routine, where I set aside specific times during the day to disconnect from screens and reconnect with the physical world.",0.39637599093997733,1,0,0.7142857142857143,0.03571428571428571,28,20,1
18,6,60,3,"One change was establishing tech-free zones in my home, like the bedroom and dining area, which has improved my sleep and presence during meals.",0.4211590296495957,1,0,0.75,0.0,24,18,0
18,6,60,4,I’ve also dedicated my mornings to analog activities like reading a book or taking a walk instead of reaching for my phone.,0.4409509202453987,1,0,0.6363636363636364,0.0,22,14,0
18,6,60,5,"The benefits have been noticeable—I feel more focused, less overwhelmed, and have more time for hobbies.",0.4807692307692307,1,0,0.9375,0.0,16,15,0
18,6,60,6,"If you’re considering a digital detox, start small by setting limits on social media or creating screen-free zones.",0.45955882352941174,0,0,0.3888888888888889,0.0,18,7,0
12,3,60,0,"Lately, I am making an effort to incorporate more sustainable practices into my routine.",0.5057803468208092,1,1,0.5714285714285714,0.9285714285714286,14,8,13
12,3,60,1,I first changed to reduce my reliance on single-use plastics.,0.5544354838709677,1,1,0.8,0.5,10,8,5
12,3,60,2,"Switching to reusable bags, containers, and produce bags has significantly cut the waste I generate.",0.48955613577023505,1,1,0.8666666666666667,0.4,15,13,6
12,3,60,3,"I’ve also focused on minimizing food waste, which helps the environment and saves money.",0.5040322580645161,1,0,0.7857142857142857,0.0,14,11,0
12,3,60,4,"Meal planning has been a game-changer, as I only buy what I need, resulting in fewer leftovers.",0.48701298701298706,1,0,0.6470588235294118,0.0,17,11,0
12,3,60,5,"Additionally, I set up a small compost bin in my backyard.",0.5635245901639344,1,1,0.6363636363636364,0.45454545454545453,11,7,5
12,3,60,6,It’s gratifying to know my food scraps are repurposed into something beneficial for the garden instead of ending up in a landfill.,0.4362670713201821,1,0,0.7727272727272727,0.0,22,17,0
12,3,60,7,I’m curious how others are working towards sustainability.,0.556930693069307,1,0,0.625,0.0,8,5,0
12,3,60,8,What small changes you made that had a big impact?,0.5813953488372093,1,0,0.7,0.0,10,7,0
12,3,60,9,Let’s exchange ideas and support each other in making our community greener.,0.5241935483870968,0,0,0.25,0.0,12,3,0
12,3,60,10,Even small actions can lead to larger positive change to our daily lives!,0.5293159609120521,1,0,0.6923076923076923,0.0,13,9,0
15,4,60,0,"Hello, fitness enthusiasts!",0.5769230769230769,1,0,1.0,0.0,3,3,0
15,4,60,1,I recently embarked on a new workout regimen and wanted to share a few insights that have helped me maintain consistency and stay motivated.,0.42613636363636365,1,0,0.625,0.25,24,15,6
15,4,60,2,"Setting realistic, attainable goals has been essential.",0.550314465408805,1,0,1.0,0.0,7,7,0
15,4,60,3,"Instead of aiming for an intense workout daily, I’ve focused on incremental improvements, making progress more manageable and enjoyable.",0.4432624113475177,1,0,0.8421052631578947,0.0,19,16,0
15,4,60,4,"Another key factor has been having a workout partner, which has kept me accountable and added a social element, making exercise more fun.",0.43298192771084343,1,0,0.7391304347826086,0.0,23,17,0
15,4,60,5,"We check in regularly, keeping us on track.",0.6024096385542168,1,0,0.5,0.125,8,4,1
15,4,60,6,"Finally, I’ve come to appreciate the importance of rest and recovery.",0.539568345323741,1,0,0.7272727272727273,0.0,11,8,0
15,4,60,7,Taking time to listen to my body and allow for proper rest days has actually enhanced my performance and overall well-being.,0.444264943457189,1,0,0.8095238095238095,0.0,21,17,0
15,4,60,8,"If you’re starting a new routine, remember that consistency is key, but balance is equally important.",0.48405466970387245,1,0,0.8125,0.0625,16,13,1
15,4,60,9,Let’s keep pushing towards our fitness goals together!,0.5681818181818182,0,0,0.25,0.0,8,2,0
14,4,60,0,"Hello, fitness enthusiasts!",0.5769230769230769,1,1,1.0,1.0,3,3,3
14,4,60,1,I recently embarked on a new workout regimen and wanted to share a few insights that have helped me maintain consistency and stay motivated.,0.42613636363636365,1,1,0.5833333333333334,0.7083333333333334,24,14,17
14,4,60,2,"Setting realistic, attainable goals has been essential.",0.550314465408805,1,1,0.5714285714285714,0.5714285714285714,7,4,4
14,4,60,3,"Instead of aiming for an intense workout daily, I’ve focused on incremental improvements, making progress more manageable and enjoyable.",0.4432624113475177,1,1,0.8421052631578947,0.5789473684210527,19,16,11
14,4,60,4,"Another key factor has been having a workout partner, which has kept me accountable and added a social element, making exercise more fun.",0.43298192771084343,1,1,0.6956521739130435,0.30434782608695654,23,16,7
14,4,60,5,"We check in regularly, keeping us on track.",0.6024096385542168,1,0,0.5,0.0,8,4,0
14,4,60,6,"Finally, I’ve come to appreciate the importance of rest and recovery.",0.539568345323741,1,0,0.7272727272727273,0.0,11,8,0
14,4,60,7,Taking time to listen to my body and allow for proper rest days has actually enhanced my performance and overall well-being.,0.444264943457189,1,0,0.6666666666666666,0.0,21,14,0
14,4,60,8,"If you’re starting a new routine, remember that consistency is key, but balance is equally important.",0.48405466970387245,1,0,0.625,0.1875,16,10,3
14,4,60,9,Let’s keep pushing towards our fitness goals together!,0.5681818181818182,1,0,0.625,0.0,8,5,0
11,4,30,0,"Hello, fitness enthusiasts!",0.5769230769230769,1,1,0.6666666666666666,0.3333333333333333,3,2,1
11,4,30,1,I recently embarked on a new workout regimen and wanted to share a few insights that have helped me maintain consistency and stay motivated.,0.42613636363636365,1,0,0.6666666666666666,0.041666666666666664,24,16,1
11,4,30,2,"Setting realistic, attainable goals has been essential.",0.550314465408805,1,0,0.7142857142857143,0.0,7,5,0
11,4,30,3,"Instead of aiming for an intense workout daily, I’ve focused on incremental improvements, making progress more manageable and enjoyable.",0.4432624113475177,0,0,0.47368421052631576,0.47368421052631576,19,9,9
11,4,30,4,"Another key factor has been having a workout partner, which has kept me accountable and added a social element, making exercise more fun.",0.43298192771084343,0,0,0.4782608695652174,0.17391304347826086,23,11,4
11,4,30,5,"We check in regularly, keeping us on track.",0.6024096385542168,0,0,0.0,0.25,8,0,2
11,4,30,6,"Finally, I’ve come to appreciate the importance of rest and recovery.",0.539568345323741,1,0,0.6363636363636364,0.0,11,7,0
11,4,30,7,Taking time to listen to my body and allow for proper rest days has actually enhanced my performance and overall well-being.,0.444264943457189,1,0,0.5714285714285714,0.0,21,12,0
11,4,30,8,"If you’re starting a new routine, remember that consistency is key, but balance is equally important.",0.48405466970387245,0,0,0.3125,0.0,16,5,0
11,4,30,9,Let’s keep pushing towards our fitness goals together!,0.5681818181818182,0,0,0.125,0.0,8,1,0
32,4,60,0,"Hello, fitness enthusiasts!",0.5769230769230769,1,0,1.0,0.0,3,3,0
32,4,60,1,I recently embarked on a new workout regimen and wanted to share a few insights that have helped me maintain consistency and stay motivated.,0.42613636363636365,1,0,0.7083333333333334,0.0,24,17,0
32,4,60,2,"Setting realistic, attainable goals has been essential.",0.550314465408805,1,0,0.8571428571428571,0.0,7,6,0
32,4,60,3,"Instead of aiming for an intense workout daily, I’ve focused on incremental improvements, making progress more manageable and enjoyable.",0.4432624113475177,1,0,0.7894736842105263,0.0,19,15,0
32,4,60,4,"Another key factor has been having a workout partner, which has kept me accountable and added a social element, making exercise more fun.",0.43298192771084343,1,0,0.8260869565217391,0.0,23,19,0
32,4,60,5,"We check in regularly, keeping us on track.",0.6024096385542168,1,0,0.75,0.125,8,6,1
32,4,60,6,"Finally, I’ve come to appreciate the importance of rest and recovery.",0.539568345323741,1,0,0.7272727272727273,0.0,11,8,0
32,4,60,7,Taking time to listen to my body and allow for proper rest days has actually enhanced my performance and overall well-being.,0.444264943457189,1,0,0.7142857142857143,0.0,21,15,0
32,4,60,8,"If you’re starting a new routine, remember that consistency is key, but balance is equally important.",0.48405466970387245,0,0,0.125,0.0,16,2,0
19,2,30,0,The city’s community garden project is expanding and will soon reach more neighborhoods.,0.5043227665706052,1,0,0.7692307692307693,0.07692307692307693,13,10,1
19,2,30,1,"This project, started five years ago, now has over 20 garden sites citywide.",0.5275974025974026,1,0,0.8461538461538461,0.07692307692307693,13,11,1
19,2,30,2,"The expansion will add five more gardens across the city, especially in areas needing them most.",0.49140049140049136,1,0,0.875,0.0625,16,14,1
19,2,30,3,These gardens give residents a chance to grow fruits and vegetables.,0.5392156862745098,0,0,0.2727272727272727,0.0,11,3,0
19,2,30,4,"Community gardens are important, providing fresh food and a place for neighbors to gather.",0.5028735632183908,0,0,0.2857142857142857,0.14285714285714285,14,4,2
19,2,30,5,"The new gardens will feature raised beds, composting stations, and water-saving systems.",0.5078125,1,0,0.8333333333333334,0.0,12,10,0
19,2,30,6,Local volunteers will teach gardening classes to promote eco-friendly practices.,0.5149812734082397,1,0,0.6,0.0,10,6,0
19,2,30,7,"City officials are excited about the gardens' environmental benefits of these gardens, reducing the city’s carbon footprint by encouraging local food production.",0.4178779069767442,1,0,0.5909090909090909,0.0,22,13,0
19,2,30,8,"They also add green spaces in crowded areas, improving neighborhood livability.",0.5188679245283019,0,0,0.18181818181818182,0.0,11,2,0
19,2,30,9,The expansion has been funded by city grants and local business donations.,0.528169014084507,1,0,0.6666666666666666,0.0,12,8,0
10,5,90,0,Hello fellow readers!,0.625,1,1,0.6666666666666666,1.0,3,2,3
10,5,90,1,"I wanted to share my thoughts on a remarkable book I just finished, The Journey Within.",0.5025125628140703,1,1,0.8125,0.8125,16,13,13
10,5,90,2,"This novel delves into themes of self-discovery and personal growth, exploring how the protagonist navigates complex emotional landscapes to understand themselves better.",0.41189111747851004,1,1,0.7727272727272727,0.9545454545454546,22,17,21
10,5,90,3,What struck me most was its ability to challenge my own perspectives.,0.5376344086021506,1,1,0.75,0.9166666666666666,12,9,11
10,5,90,4,"The author’s nuanced portrayal of the characters’ struggles felt incredibly authentic, prompting me to reflect on my own life decisions.",0.4404362416107382,1,1,0.85,0.55,20,17,11
10,5,90,5,It’s rare to find a book that entertains and prompts introspection.,0.5415162454873647,0,0,0.36363636363636365,0.18181818181818182,11,4,2
10,5,90,6,I’m eager to hear what everyone has been reading lately.,0.565843621399177,1,0,0.5,0.0,10,5,0
10,5,90,7,Have you come across any books that left a lasting impression?,0.5522088353413654,1,0,0.6363636363636364,0.0,11,7,0
10,5,90,8,Let’s discuss our favorite reads and share recommendations.,0.5541871921182265,0,0,0.125,0.75,8,1,6
10,5,90,9,There’s something special about connecting over a good book and exchanging ideas with fellow literature lovers.,0.4711751662971175,1,0,0.5,0.0,16,8,0
24,3,30,0,"Lately, I am making an effort to incorporate more sustainable practices into my routine.",0.5057803468208092,1,0,0.7142857142857143,0.07142857142857142,14,10,1
24,3,30,1,I first changed to reduce my reliance on single-use plastics.,0.5544354838709677,0,0,0.4,0.2,10,4,2
24,3,30,2,"Switching to reusable bags, containers, and produce bags has significantly cut the waste I generate.",0.48955613577023505,1,0,0.8,0.2,15,12,3
24,3,30,3,"I’ve also focused on minimizing food waste, which helps the environment and saves money.",0.5040322580645161,0,0,0.42857142857142855,0.0,14,6,0
24,3,30,4,"Meal planning has been a game-changer, as I only buy what I need, resulting in fewer leftovers.",0.48701298701298706,0,0,0.47058823529411764,0.0,17,8,0
24,3,30,5,"Additionally, I set up a small compost bin in my backyard.",0.5635245901639344,1,0,0.6363636363636364,0.0,11,7,0
24,3,30,6,It’s gratifying to know my food scraps are repurposed into something beneficial for the garden instead of ending up in a landfill.,0.4362670713201821,1,0,0.6818181818181818,0.0,22,15,0
24,3,30,7,I’m curious how others are working towards sustainability.,0.556930693069307,1,0,0.875,0.0,8,7,0
31,8,30,0,"Traveling has always been one of my greatest passions, and over the years, I’ve learned that less truly is more when it comes to packing.",0.42098445595854916,1,0,0.72,0.0,25,18,0
31,8,30,1,Adopting a minimalist approach to travel has not only lightened my physical load but also enhanced my overall travel experience.,0.4480286738351254,1,0,0.8,0.0,20,16,0
31,8,30,2,The key is careful planning.,0.6377551020408163,1,0,0.6,0.0,5,3,0
31,8,30,3,"Before each trip, I list essentials, focusing on versatile clothing and multipurpose items.",0.5030959752321982,1,0,0.7692307692307693,0.0,13,10,0
31,8,30,4,"This allows me to pack everything into a single carry-on, avoiding the hassle of checked luggage and making it easier to navigate airports and cities.",0.4134860050890586,1,0,0.6,0.0,25,15,0
31,8,30,5,Traveling light encourages a mindful experience.,0.5555555555555556,1,0,0.6666666666666666,0.0,6,4,0
31,8,30,6,"With fewer possessions to worry about, I can fully immerse myself in the destination, appreciating the culture and scenery without distractions.",0.43460264900662254,0,0,0.47619047619047616,0.0,21,10,0
14,1,90,0,"A local high school has launched a robotics program to inspire students to explore careers in science, technology, engineering, and mathematics (STEM).",0.4290171606864274,1,1,0.7272727272727273,0.7272727272727273,22,16,16
14,1,90,1,"The program, which began this week, offers hands-on experience in designing and building robots, along with lessons in coding, electronics, and problem-solving.",0.41724617524339364,1,1,0.6818181818181818,0.8181818181818182,22,15,18
14,1,90,2,The school partnered with local tech companies to provide resources and mentorship.,0.5119453924914675,1,1,0.6666666666666666,0.6666666666666666,12,8,8
14,1,90,3,Students will also have the opportunity to compete in regional and national robotics competitions.,0.49019607843137253,1,1,0.5714285714285714,0.42857142857142855,14,8,6
14,1,90,4,"The principal expressed enthusiasm, stating it provides a unique chance for students to engage with cutting-edge technology.",0.4573170731707317,1,1,0.7058823529411765,0.7647058823529411,17,12,13
14,1,90,5,"Parents support the initiative, noting it prepares students for careers in a rapidly evolving job market.",0.4807692307692307,1,1,0.625,0.5625,16,10,9
14,1,90,6,"The program is expected to grow, with plans for advanced courses and summer camps.",0.5147058823529412,1,1,1.0,0.5714285714285714,14,14,8
14,1,90,7,"By investing in STEM education, the school aims to empower students to become innovators and leaders in technology.",0.46583850931677023,1,0,1.0,0.0,18,18,0
22,8,60,0,"Traveling has always been one of my greatest passions, and over the years, I’ve learned that less truly is more when it comes to packing.",0.42098445595854916,1,1,0.76,0.56,25,19,14
22,8,60,1,Adopting a minimalist approach to travel has not only lightened my physical load but also enhanced my overall travel experience.,0.4480286738351254,1,1,0.75,0.55,20,15,11
22,8,60,2,The key is careful planning.,0.6377551020408163,1,1,0.8,0.8,5,4,4
22,8,60,3,"Before each trip, I list essentials, focusing on versatile clothing and multipurpose items.",0.5030959752321982,1,0,0.7692307692307693,0.23076923076923078,13,10,3
22,8,60,4,"This allows me to pack everything into a single carry-on, avoiding the hassle of checked luggage and making it easier to navigate airports and cities.",0.4134860050890586,1,0,0.6,0.08,25,15,2
22,8,60,5,Traveling light encourages a mindful experience.,0.5555555555555556,1,0,0.8333333333333334,0.16666666666666666,6,5,1
22,8,60,6,"With fewer possessions to worry about, I can fully immerse myself in the destination, appreciating the culture and scenery without distractions.",0.43460264900662254,1,0,0.6666666666666666,0.0,21,14,0
22,8,60,7,"It has also taught me to value experiences over things, as the memories I create during my travels far outweigh any material items I might collect along the way.",0.3966083150984683,1,0,0.6551724137931034,0.0,29,19,0
19,1,30,0,"A local high school has launched a robotics program to inspire students to explore careers in science, technology, engineering, and mathematics (STEM).",0.4290171606864274,1,0,0.6818181818181818,0.0,22,15,0
19,1,30,1,"The program, which began this week, offers hands-on experience in designing and building robots, along with lessons in coding, electronics, and problem-solving.",0.41724617524339364,1,0,0.5909090909090909,0.0,22,13,0
19,1,30,2,The school partnered with local tech companies to provide resources and mentorship.,0.5119453924914675,1,0,0.75,0.0,12,9,0
19,1,30,3,Students will also have the opportunity to compete in regional and national robotics competitions.,0.49019607843137253,1,0,0.7857142857142857,0.14285714285714285,14,11,2
19,1,30,4,"The principal expressed enthusiasm, stating it provides a unique chance for students to engage with cutting-edge technology.",0.4573170731707317,1,0,0.6470588235294118,0.0,17,11,0
19,1,30,5,"Parents support the initiative, noting it prepares students for careers in a rapidly evolving job market.",0.4807692307692307,1,0,0.6875,0.0,16,11,0
19,1,30,6,"The program is expected to grow, with plans for advanced courses and summer camps.",0.5147058823529412,1,0,0.7142857142857143,0.0,14,10,0
19,1,30,7,"By investing in STEM education, the school aims to empower students to become innovators and leaders in technology.",0.46583850931677023,1,0,0.8888888888888888,0.0,18,16,0
30,2,60,0,The city’s community garden project is expanding and will soon reach more neighborhoods.,0.5043227665706052,1,1,0.8461538461538461,0.9230769230769231,13,11,12
30,2,60,1,"This project, started five years ago, now has over 20 garden sites citywide.",0.5275974025974026,0,0,0.3076923076923077,0.6153846153846154,13,4,8
30,2,60,2,"The expansion will add five more gardens across the city, especially in areas needing them most.",0.49140049140049136,1,0,0.9375,0.0,16,15,0
30,2,60,3,These gardens give residents a chance to grow fruits and vegetables.,0.5392156862745098,1,0,0.7272727272727273,0.0,11,8,0
30,2,60,4,"Community gardens are important, providing fresh food and a place for neighbors to gather.",0.5028735632183908,0,0,0.35714285714285715,0.0,14,5,0
30,2,60,5,"The new gardens will feature raised beds, composting stations, and water-saving systems.",0.5078125,1,0,0.8333333333333334,0.16666666666666666,12,10,2
30,2,60,6,Local volunteers will teach gardening classes to promote eco-friendly practices.,0.5149812734082397,1,0,0.8,0.1,10,8,1
30,2,60,7,"City officials are excited about the gardens' environmental benefits of these gardens, reducing the city’s carbon footprint by encouraging local food production.",0.4178779069767442,0,0,0.3181818181818182,0.0,22,7,0
6,3,30,0,"Lately, I am making an effort to incorporate more sustainable practices into my routine.",0.5057803468208092,1,1,0.7142857142857143,0.7142857142857143,14,10,10
6,3,30,1,I first changed to reduce my reliance on single-use plastics.,0.5544354838709677,1,0,0.8,0.0,10,8,0
6,3,30,2,"Switching to reusable bags, containers, and produce bags has significantly cut the waste I generate.",0.48955613577023505,0,0,0.4666666666666667,0.0,15,7,0
6,3,30,3,"I’ve also focused on minimizing food waste, which helps the environment and saves money.",0.5040322580645161,1,0,0.5714285714285714,0.0,14,8,0
6,3,30,4,"Meal planning has been a game-changer, as I only buy what I need, resulting in fewer leftovers.",0.48701298701298706,1,0,0.8235294117647058,0.0,17,14,0
6,3,30,5,"Additionally, I set up a small compost bin in my backyard.",0.5635245901639344,1,0,0.6363636363636364,0.0,11,7,0
6,3,30,6,It’s gratifying to know my food scraps are repurposed into something beneficial for the garden instead of ending up in a landfill.,0.4362670713201821,0,0,0.4090909090909091,0.0,22,9,0
9,2,60,0,The city’s community garden project is expanding and will soon reach more neighborhoods.,0.5043227665706052,1,1,0.8461538461538461,0.7692307692307693,13,11,10
9,2,60,1,"This project, started five years ago, now has over 20 garden sites citywide.",0.5275974025974026,1,1,0.6153846153846154,0.5384615384615384,13,8,7
9,2,60,2,"The expansion will add five more gardens across the city, especially in areas needing them most.",0.49140049140049136,1,1,0.625,0.5625,16,10,9
9,2,60,3,These gardens give residents a chance to grow fruits and vegetables.,0.5392156862745098,1,0,0.8181818181818182,0.09090909090909091,11,9,1
9,2,60,4,"Community gardens are important, providing fresh food and a place for neighbors to gather.",0.5028735632183908,0,0,0.0,0.7142857142857143,14,0,10
9,2,60,5,"The new gardens will feature raised beds, composting stations, and water-saving systems.",0.5078125,1,0,0.9166666666666666,0.0,12,11,0
9,2,60,6,Local volunteers will teach gardening classes to promote eco-friendly practices.,0.5149812734082397,1,0,0.7,0.1,10,7,1
9,2,60,7,"City officials are excited about the gardens' environmental benefits of these gardens, reducing the city’s carbon footprint by encouraging local food production.",0.4178779069767442,1,1,0.5,0.5,22,11,11
9,2,60,8,"They also add green spaces in crowded areas, improving neighborhood livability.",0.5188679245283019,1,1,0.5454545454545454,0.36363636363636365,11,6,4
9,2,60,9,The expansion has been funded by city grants and local business donations.,0.528169014084507,1,0,0.5833333333333334,0.0,12,7,0
22,5,30,0,Hello fellow readers!,0.625,1,1,0.6666666666666666,1.0,3,2,3
22,5,30,1,"I wanted to share my thoughts on a remarkable book I just finished, The Journey Within.",0.5025125628140703,1,0,0.6875,0.125,16,11,2
22,5,30,2,"This novel delves into themes of self-discovery and personal growth, exploring how the protagonist navigates complex emotional landscapes to understand themselves better.",0.41189111747851004,0,0,0.45454545454545453,0.18181818181818182,22,10,4
22,5,30,3,What struck me most was its ability to challenge my own perspectives.,0.5376344086021506,1,0,0.6666666666666666,0.0,12,8,0
22,5,30,4,"The author’s nuanced portrayal of the characters’ struggles felt incredibly authentic, prompting me to reflect on my own life decisions.",0.4404362416107382,1,0,0.55,0.25,20,11,5
22,5,30,5,It’s rare to find a book that entertains and prompts introspection.,0.5415162454873647,1,0,0.5454545454545454,0.0,11,6,0
22,5,30,6,I’m eager to hear what everyone has been reading lately.,0.565843621399177,1,0,0.5,0.0,10,5,0
22,5,30,7,Have you come across any books that left a lasting impression?,0.5522088353413654,0,0,0.45454545454545453,0.0,11,5,0
22,5,30,8,Let’s discuss our favorite reads and share recommendations.,0.5541871921182265,1,0,0.625,0.125,8,5,1
22,5,30,9,There’s something special about connecting over a good book and exchanging ideas with fellow literature lovers.,0.4711751662971175,1,1,0.5625,0.3125,16,9,5
22,5,30,10,Looking forward to hearing your thoughts!,0.5859375,1,0,0.6666666666666666,0.0,6,4,0
26,4,30,0,"Hello, fitness enthusiasts!",0.5769230769230769,1,0,1.0,0.0,3,3,0
26,4,30,1,I recently embarked on a new workout regimen and wanted to share a few insights that have helped me maintain consistency and stay motivated.,0.42613636363636365,1,0,0.625,0.0,24,15,0
26,4,30,2,"Setting realistic, attainable goals has been essential.",0.550314465408805,1,0,0.8571428571428571,0.0,7,6,0
26,4,30,3,"Instead of aiming for an intense workout daily, I’ve focused on incremental improvements, making progress more manageable and enjoyable.",0.4432624113475177,1,0,0.6842105263157895,0.15789473684210525,19,13,3
26,4,30,4,"Another key factor has been having a workout partner, which has kept me accountable and added a social element, making exercise more fun.",0.43298192771084343,1,0,0.8695652173913043,0.0,23,20,0
26,4,30,5,"We check in regularly, keeping us on track.",0.6024096385542168,1,0,0.625,0.0,8,5,0
26,4,30,6,"Finally, I’ve come to appreciate the importance of rest and recovery.",0.539568345323741,1,0,0.7272727272727273,0.0,11,8,0
26,4,30,7,Taking time to listen to my body and allow for proper rest days has actually enhanced my performance and overall well-being.,0.444264943457189,0,0,0.47619047619047616,0.0,21,10,0
30,3,60,0,"Lately, I am making an effort to incorporate more sustainable practices into my routine.",0.5057803468208092,1,0,0.7857142857142857,0.07142857142857142,14,11,1
30,3,60,1,I first changed to reduce my reliance on single-use plastics.,0.5544354838709677,1,0,1.0,0.0,10,10,0
30,3,60,2,"Switching to reusable bags, containers, and produce bags has significantly cut the waste I generate.",0.48955613577023505,1,0,0.8666666666666667,0.06666666666666667,15,13,1
30,3,60,3,"I’ve also focused on minimizing food waste, which helps the environment and saves money.",0.5040322580645161,1,0,0.5714285714285714,0.21428571428571427,14,8,3
30,3,60,4,"Meal planning has been a game-changer, as I only buy what I need, resulting in fewer leftovers.",0.48701298701298706,0,0,0.47058823529411764,0.35294117647058826,17,8,6
30,3,60,5,"Additionally, I set up a small compost bin in my backyard.",0.5635245901639344,1,1,0.6363636363636364,0.36363636363636365,11,7,4
30,3,60,6,It’s gratifying to know my food scraps are repurposed into something beneficial for the garden instead of ending up in a landfill.,0.4362670713201821,1,0,0.7272727272727273,0.0,22,16,0
30,3,60,7,I’m curious how others are working towards sustainability.,0.556930693069307,1,0,1.0,0.0,8,8,0
30,3,60,8,What small changes you made that had a big impact?,0.5813953488372093,1,0,0.6,0.1,10,6,1
30,3,60,9,Let’s exchange ideas and support each other in making our community greener.,0.5241935483870968,0,0,0.3333333333333333,0.16666666666666666,12,4,2
30,3,60,10,Even small actions can lead to larger positive change to our daily lives!,0.5293159609120521,0,0,0.15384615384615385,0.0,13,2,0
24,4,90,0,"Hello, fitness enthusiasts!",0.5769230769230769,1,1,1.0,1.0,3,3,3
24,4,90,1,I recently embarked on a new workout regimen and wanted to share a few insights that have helped me maintain consistency and stay motivated.,0.42613636363636365,1,1,0.875,0.875,24,21,21
24,4,90,2,"Setting realistic, attainable goals has been essential.",0.550314465408805,1,0,0.8571428571428571,0.2857142857142857,7,6,2
24,4,90,3,"Instead of aiming for an intense workout daily, I’ve focused on incremental improvements, making progress more manageable and enjoyable.",0.4432624113475177,1,0,0.8421052631578947,0.0,19,16,0
24,4,90,4,"Another key factor has been having a workout partner, which has kept me accountable and added a social element, making exercise more fun.",0.43298192771084343,1,0,0.782608695652174,0.08695652173913043,23,18,2
24,4,90,5,"We check in regularly, keeping us on track.",0.6024096385542168,1,0,0.75,0.0,8,6,0
24,4,90,6,"Finally, I’ve come to appreciate the importance of rest and recovery.",0.539568345323741,1,0,0.5454545454545454,0.0,11,6,0
24,4,90,7,Taking time to listen to my body and allow for proper rest days has actually enhanced my performance and overall well-being.,0.444264943457189,1,0,0.7142857142857143,0.0,21,15,0
24,4,90,8,"If you’re starting a new routine, remember that consistency is key, but balance is equally important.",0.48405466970387245,1,1,0.75,0.3125,16,12,5
24,4,90,9,Let’s keep pushing towards our fitness goals together!,0.5681818181818182,1,0,0.75,0.0,8,6,0
16,8,90,0,"Traveling has always been one of my greatest passions, and over the years, I’ve learned that less truly is more when it comes to packing.",0.42098445595854916,1,0,0.84,0.0,25,21,0
16,8,90,1,Adopting a minimalist approach to travel has not only lightened my physical load but also enhanced my overall travel experience.,0.4480286738351254,1,1,0.65,0.4,20,13,8
16,8,90,2,The key is careful planning.,0.6377551020408163,0,0,0.0,1.0,5,0,5
16,8,90,3,"Before each trip, I list essentials, focusing on versatile clothing and multipurpose items.",0.5030959752321982,1,1,0.9230769230769231,0.38461538461538464,13,12,5
16,8,90,4,"This allows me to pack everything into a single carry-on, avoiding the hassle of checked luggage and making it easier to navigate airports and cities.",0.4134860050890586,1,0,0.88,0.16,25,22,4
16,8,90,5,Traveling light encourages a mindful experience.,0.5555555555555556,1,0,0.8333333333333334,0.0,6,5,0
16,8,90,6,"With fewer possessions to worry about, I can fully immerse myself in the destination, appreciating the culture and scenery without distractions.",0.43460264900662254,1,0,0.8095238095238095,0.0,21,17,0
16,8,90,7,"It has also taught me to value experiences over things, as the memories I create during my travels far outweigh any material items I might collect along the way.",0.3966083150984683,1,0,0.7241379310344828,0.0,29,21,0
14,8,90,0,"Traveling has always been one of my greatest passions, and over the years, I’ve learned that less truly is more when it comes to packing.",0.42098445595854916,1,1,0.84,0.8,25,21,20
14,8,90,1,Adopting a minimalist approach to travel has not only lightened my physical load but also enhanced my overall travel experience.,0.4480286738351254,1,1,0.75,0.8,20,15,16
14,8,90,2,The key is careful planning.,0.6377551020408163,1,1,0.6,0.4,5,3,2
14,8,90,3,"Before each trip, I list essentials, focusing on versatile clothing and multipurpose items.",0.5030959752321982,1,1,0.8461538461538461,0.46153846153846156,13,11,6
14,8,90,4,"This allows me to pack everything into a single carry-on, avoiding the hassle of checked luggage and making it easier to navigate airports and cities.",0.4134860050890586,1,1,0.76,0.6,25,19,15
14,8,90,5,Traveling light encourages a mindful experience.,0.5555555555555556,1,1,0.6666666666666666,0.8333333333333334,6,4,5
14,8,90,6,"With fewer possessions to worry about, I can fully immerse myself in the destination, appreciating the culture and scenery without distractions.",0.43460264900662254,1,1,0.8571428571428571,0.8571428571428571,21,18,18
14,8,90,7,"It has also taught me to value experiences over things, as the memories I create during my travels far outweigh any material items I might collect along the way.",0.3966083150984683,1,0,0.8620689655172413,0.0,29,25,0
13,5,90,0,Hello fellow readers!,0.625,1,1,1.0,1.0,3,3,3
13,5,90,1,"I wanted to share my thoughts on a remarkable book I just finished, The Journey Within.",0.5025125628140703,1,1,0.8125,0.8125,16,13,13
13,5,90,2,"This novel delves into themes of self-discovery and personal growth, exploring how the protagonist navigates complex emotional landscapes to understand themselves better.",0.41189111747851004,1,1,0.7272727272727273,0.6818181818181818,22,16,15
13,5,90,3,What struck me most was its ability to challenge my own perspectives.,0.5376344086021506,1,1,0.6666666666666666,0.6666666666666666,12,8,8
13,5,90,4,"The author’s nuanced portrayal of the characters’ struggles felt incredibly authentic, prompting me to reflect on my own life decisions.",0.4404362416107382,1,1,0.85,0.8,20,17,16
13,5,90,5,It’s rare to find a book that entertains and prompts introspection.,0.5415162454873647,1,1,0.9090909090909091,0.36363636363636365,11,10,4
13,5,90,6,I’m eager to hear what everyone has been reading lately.,0.565843621399177,1,0,0.8,0.2,10,8,2
13,5,90,7,Have you come across any books that left a lasting impression?,0.5522088353413654,1,0,0.9090909090909091,0.2727272727272727,11,10,3
13,5,90,8,Let’s discuss our favorite reads and share recommendations.,0.5541871921182265,0,0,0.375,0.125,8,3,1
13,5,90,9,There’s something special about connecting over a good book and exchanging ideas with fellow literature lovers.,0.4711751662971175,1,0,0.5,0.0,16,8,0
13,5,90,10,Looking forward to hearing your thoughts!,0.5859375,1,0,0.6666666666666666,0.0,6,4,0
27,2,60,0,The city’s community garden project is expanding and will soon reach more neighborhoods.,0.5043227665706052,0,0,0.46153846153846156,0.8461538461538461,13,6,11
27,2,60,1,"This project, started five years ago, now has over 20 garden sites citywide.",0.5275974025974026,1,1,0.6153846153846154,0.9230769230769231,13,8,12
27,2,60,2,"The expansion will add five more gardens across the city, especially in areas needing them most.",0.49140049140049136,1,1,0.5625,0.4375,16,9,7
27,2,60,3,These gardens give residents a chance to grow fruits and vegetables.,0.5392156862745098,1,1,0.6363636363636364,0.45454545454545453,11,7,5
27,2,60,4,"Community gardens are important, providing fresh food and a place for neighbors to gather.",0.5028735632183908,0,0,0.0,0.7142857142857143,14,0,10
27,2,60,5,"The new gardens will feature raised beds, composting stations, and water-saving systems.",0.5078125,1,1,0.6666666666666666,0.5833333333333334,12,8,7
27,2,60,6,Local volunteers will teach gardening classes to promote eco-friendly practices.,0.5149812734082397,1,1,0.8,0.6,10,8,6
27,2,60,7,"City officials are excited about the gardens' environmental benefits of these gardens, reducing the city’s carbon footprint by encouraging local food production.",0.4178779069767442,1,1,0.6363636363636364,0.5909090909090909,22,14,13
27,2,60,8,"They also add green spaces in crowded areas, improving neighborhood livability.",0.5188679245283019,1,1,0.6363636363636364,0.6363636363636364,11,7,7
27,2,60,9,The expansion has been funded by city grants and local business donations.,0.528169014084507,1,0,0.8333333333333334,0.0,12,10,0
13,7,30,0,"Cooking has always been something I needed to do every day, but recently, I’ve started seeing it as a way to relax and enjoy myself.",0.42372881355932196,1,0,0.84,0.0,25,21,0
13,7,30,1,"Mindful cooking means paying full attention while making a meal, focusing on each step, and enjoying the process rather than rushing.",0.44266441821247887,1,0,0.7142857142857143,0.0,21,15,0
13,7,30,2,"I start by choosing fresh ingredients, noticing their colors, textures, and smells.",0.5172413793103449,1,0,0.5833333333333334,0.0,12,7,0
13,7,30,3,"As I cut, stir, and season, I pay attention to the sounds of vegetables cooking, the feel of the dough, and the aroma of spices.",0.43222683264177036,0,0,0.4,0.08,25,10,2
13,7,30,4,This way of cooking has changed how I feel about making food.,0.5535055350553506,0,0,0.25,0.0,12,3,0
13,7,30,5,"Now, instead of thinking of it as just another chore, I see it as a creative activity and a way to take care of myself.",0.43584379358437936,0,0,0.4,0.08,25,10,2
13,7,30,6,"It also makes the food taste better and more enjoyable, because each dish is made with care and attention.",0.47123015873015867,0,0,0.3684210526315789,0.0,19,7,0
7,3,30,0,"Lately, I am making an effort to incorporate more sustainable practices into my routine.",0.5057803468208092,1,1,0.5,0.7857142857142857,14,7,11
7,3,30,1,I first changed to reduce my reliance on single-use plastics.,0.5544354838709677,1,0,0.6,0.0,10,6,0
7,3,30,2,"Switching to reusable bags, containers, and produce bags has significantly cut the waste I generate.",0.48955613577023505,1,0,0.6,0.0,15,9,0
7,3,30,3,"I’ve also focused on minimizing food waste, which helps the environment and saves money.",0.5040322580645161,0,0,0.42857142857142855,0.0,14,6,0
7,3,30,4,"Meal planning has been a game-changer, as I only buy what I need, resulting in fewer leftovers.",0.48701298701298706,1,0,0.5294117647058824,0.0,17,9,0
7,3,30,5,"Additionally, I set up a small compost bin in my backyard.",0.5635245901639344,0,0,0.36363636363636365,0.0,11,4,0
7,3,30,6,It’s gratifying to know my food scraps are repurposed into something beneficial for the garden instead of ending up in a landfill.,0.4362670713201821,1,0,0.5909090909090909,0.0,22,13,0
7,3,30,7,I’m curious how others are working towards sustainability.,0.556930693069307,0,0,0.25,0.0,8,2,0
7,3,30,8,What small changes you made that had a big impact?,0.5813953488372093,0,0,0.3,0.0,10,3,0
7,3,30,9,Let’s exchange ideas and support each other in making our community greener.,0.5241935483870968,1,0,0.6666666666666666,0.0,12,8,0
7,3,30,10,Even small actions can lead to larger positive change to our daily lives!,0.5293159609120521,0,0,0.46153846153846156,0.0,13,6,0
6,7,60,0,"Cooking has always been something I needed to do every day, but recently, I’ve started seeing it as a way to relax and enjoy myself.",0.42372881355932196,1,1,0.88,0.56,25,22,14
6,7,60,1,"Mindful cooking means paying full attention while making a meal, focusing on each step, and enjoying the process rather than rushing.",0.44266441821247887,1,0,0.6666666666666666,0.09523809523809523,21,14,2
6,7,60,2,"I start by choosing fresh ingredients, noticing their colors, textures, and smells.",0.5172413793103449,0,0,0.3333333333333333,0.08333333333333333,12,4,1
6,7,60,3,"As I cut, stir, and season, I pay attention to the sounds of vegetables cooking, the feel of the dough, and the aroma of spices.",0.43222683264177036,1,0,0.68,0.0,25,17,0
6,7,60,4,This way of cooking has changed how I feel about making food.,0.5535055350553506,1,0,0.75,0.08333333333333333,12,9,1
6,7,60,5,"Now, instead of thinking of it as just another chore, I see it as a creative activity and a way to take care of myself.",0.43584379358437936,0,0,0.48,0.04,25,12,1
6,7,60,6,"It also makes the food taste better and more enjoyable, because each dish is made with care and attention.",0.47123015873015867,0,0,0.3157894736842105,0.0,19,6,0
28,0,60,0,The city has announced an expansion of its public bicycle program to meet growing demand for eco-friendly transportation.,0.4567307692307693,1,0,0.8888888888888888,0.1111111111111111,18,16,2
28,0,60,1,"Starting next month, 500 new bikes will be added to the fleet, and new docking stations will be installed across key areas.",0.4464285714285714,1,0,0.7727272727272727,0.0,22,17,0
28,0,60,2,"Launched three years ago, the program has seen significant growth, with daily ridership up by 20% in the past year.",0.46125461254612543,1,0,0.75,0.0,20,15,0
28,0,60,3,"City officials believe the expansion will encourage more residents to bike rather than drive, especially for short trips.",0.4601226993865031,1,0,0.7777777777777778,0.0,18,14,0
28,0,60,4,"The new bikes have GPS tracking and improved safety features, including reflective strips and better lighting.",0.4750593824228029,1,0,0.8125,0.0625,16,13,1
28,0,60,5,"Additionally, the city will launch a public awareness campaign to promote safe biking practices, including workshops and free helmets.",0.4472693032015066,1,0,0.7368421052631579,0.0,19,14,0
28,0,60,6,The goal is to reduce traffic congestion and pollution while promoting a healthier lifestyle.,0.4971590909090909,1,0,0.7857142857142857,0.0,14,11,0
28,0,60,7,"With these initiatives, the city hopes to lead in sustainable urban transportation.",0.5136986301369862,1,0,0.75,0.0,12,9,0
20,6,60,0,"In today’s hyper-connected world, taking a step back from constant digital engagement can feel challenging but profoundly rewarding.",0.4456327985739751,1,0,0.7777777777777778,0.0,18,14,0
20,6,60,1,"A digital detox doesn’t necessarily mean abandoning technology altogether; rather, it’s about finding a healthy balance.",0.4620123203285421,1,0,0.875,0.0,16,14,0
20,6,60,2,"I recently decided to implement a digital detox routine, where I set aside specific times during the day to disconnect from screens and reconnect with the physical world.",0.39637599093997733,1,0,0.7142857142857143,0.0,28,20,0
20,6,60,3,"One change was establishing tech-free zones in my home, like the bedroom and dining area, which has improved my sleep and presence during meals.",0.4211590296495957,1,0,0.8333333333333334,0.0,24,20,0
20,6,60,4,I’ve also dedicated my mornings to analog activities like reading a book or taking a walk instead of reaching for my phone.,0.4409509202453987,1,0,0.5909090909090909,0.0,22,13,0
20,6,60,5,"The benefits have been noticeable—I feel more focused, less overwhelmed, and have more time for hobbies.",0.4807692307692307,1,0,0.6875,0.0,16,11,0
20,6,60,6,"If you’re considering a digital detox, start small by setting limits on social media or creating screen-free zones.",0.45955882352941174,0,0,0.3888888888888889,0.0,18,7,0
25,1,30,0,"A local high school has launched a robotics program to inspire students to explore careers in science, technology, engineering, and mathematics (STEM).",0.4290171606864274,1,0,0.8636363636363636,0.18181818181818182,22,19,4
25,1,30,1,"The program, which began this week, offers hands-on experience in designing and building robots, along with lessons in coding, electronics, and problem-solving.",0.41724617524339364,0,0,0.36363636363636365,0.09090909090909091,22,8,2
25,1,30,2,The school partnered with local tech companies to provide resources and mentorship.,0.5119453924914675,1,0,0.5833333333333334,0.16666666666666666,12,7,2
25,1,30,3,Students will also have the opportunity to compete in regional and national robotics competitions.,0.49019607843137253,0,0,0.42857142857142855,0.14285714285714285,14,6,2
25,1,30,4,"The principal expressed enthusiasm, stating it provides a unique chance for students to engage with cutting-edge technology.",0.4573170731707317,0,0,0.23529411764705882,0.0,17,4,0
31,3,90,0,"Lately, I am making an effort to incorporate more sustainable practices into my routine.",0.5057803468208092,1,1,0.7142857142857143,0.8571428571428571,14,10,12
31,3,90,1,I first changed to reduce my reliance on single-use plastics.,0.5544354838709677,1,1,0.7,0.7,10,7,7
31,3,90,2,"Switching to reusable bags, containers, and produce bags has significantly cut the waste I generate.",0.48955613577023505,1,1,0.6,0.6,15,9,9
31,3,90,3,"I’ve also focused on minimizing food waste, which helps the environment and saves money.",0.5040322580645161,1,1,0.5714285714285714,0.7142857142857143,14,8,10
31,3,90,4,"Meal planning has been a game-changer, as I only buy what I need, resulting in fewer leftovers.",0.48701298701298706,1,0,0.7647058823529411,0.17647058823529413,17,13,3
31,3,90,5,"Additionally, I set up a small compost bin in my backyard.",0.5635245901639344,1,0,0.5454545454545454,0.09090909090909091,11,6,1
31,3,90,6,It’s gratifying to know my food scraps are repurposed into something beneficial for the garden instead of ending up in a landfill.,0.4362670713201821,1,1,0.6363636363636364,0.6818181818181818,22,14,15
31,3,90,7,I’m curious how others are working towards sustainability.,0.556930693069307,1,1,0.75,1.0,8,6,8
31,3,90,8,What small changes you made that had a big impact?,0.5813953488372093,1,0,0.7,0.0,10,7,0
31,3,90,9,Let’s exchange ideas and support each other in making our community greener.,0.5241935483870968,1,0,0.5833333333333334,0.25,12,7,3
31,3,90,10,Even small actions can lead to larger positive change to our daily lives!,0.5293159609120521,1,0,0.6923076923076923,0.0,13,9,0
31,4,90,0,"Hello, fitness enthusiasts!",0.5769230769230769,1,1,1.0,1.0,3,3,3
31,4,90,1,I recently embarked on a new workout regimen and wanted to share a few insights that have helped me maintain consistency and stay motivated.,0.42613636363636365,1,1,1.0,0.5,24,24,12
31,4,90,2,"Setting realistic, attainable goals has been essential.",0.550314465408805,1,0,0.8571428571428571,0.2857142857142857,7,6,2
31,4,90,3,"Instead of aiming for an intense workout daily, I’ve focused on incremental improvements, making progress more manageable and enjoyable.",0.4432624113475177,1,0,0.7368421052631579,0.2631578947368421,19,14,5
31,4,90,4,"Another key factor has been having a workout partner, which has kept me accountable and added a social element, making exercise more fun.",0.43298192771084343,1,1,0.6521739130434783,0.5217391304347826,23,15,12
31,4,90,5,"We check in regularly, keeping us on track.",0.6024096385542168,1,0,0.75,0.125,8,6,1
31,4,90,6,"Finally, I’ve come to appreciate the importance of rest and recovery.",0.539568345323741,1,1,0.5454545454545454,0.45454545454545453,11,6,5
31,4,90,7,Taking time to listen to my body and allow for proper rest days has actually enhanced my performance and overall well-being.,0.444264943457189,1,0,0.8095238095238095,0.0,21,17,0
31,4,90,8,"If you’re starting a new routine, remember that consistency is key, but balance is equally important.",0.48405466970387245,1,0,0.75,0.1875,16,12,3
31,4,90,9,Let’s keep pushing towards our fitness goals together!,0.5681818181818182,1,0,0.75,0.0,8,6,0
26,5,90,0,Hello fellow readers!,0.625,1,1,1.0,1.0,3,3,3
26,5,90,1,"I wanted to share my thoughts on a remarkable book I just finished, The Journey Within.",0.5025125628140703,1,1,0.5625,0.875,16,9,14
26,5,90,2,"This novel delves into themes of self-discovery and personal growth, exploring how the protagonist navigates complex emotional landscapes to understand themselves better.",0.41189111747851004,1,1,0.7727272727272727,0.9090909090909091,22,17,20
26,5,90,3,What struck me most was its ability to challenge my own perspectives.,0.5376344086021506,1,1,0.5833333333333334,0.75,12,7,9
26,5,90,4,"The author’s nuanced portrayal of the characters’ struggles felt incredibly authentic, prompting me to reflect on my own life decisions.",0.4404362416107382,1,1,0.8,0.7,20,16,14
26,5,90,5,It’s rare to find a book that entertains and prompts introspection.,0.5415162454873647,0,0,0.09090909090909091,0.36363636363636365,11,1,4
26,5,90,6,I’m eager to hear what everyone has been reading lately.,0.565843621399177,1,1,0.7,0.9,10,7,9
26,5,90,7,Have you come across any books that left a lasting impression?,0.5522088353413654,1,0,0.5454545454545454,0.09090909090909091,11,6,1
26,5,90,8,Let’s discuss our favorite reads and share recommendations.,0.5541871921182265,1,0,0.75,0.125,8,6,1
26,5,90,9,There’s something special about connecting over a good book and exchanging ideas with fellow literature lovers.,0.4711751662971175,1,1,0.75,0.375,16,12,6
26,5,90,10,Looking forward to hearing your thoughts!,0.5859375,1,0,0.5,0.0,6,3,0
21,2,30,0,The city’s community garden project is expanding and will soon reach more neighborhoods.,0.5043227665706052,1,0,0.6923076923076923,0.0,13,9,0
21,2,30,1,"This project, started five years ago, now has over 20 garden sites citywide.",0.5275974025974026,1,0,0.6153846153846154,0.0,13,8,0
21,2,30,2,"The expansion will add five more gardens across the city, especially in areas needing them most.",0.49140049140049136,0,0,0.3125,0.0,16,5,0
21,2,30,3,These gardens give residents a chance to grow fruits and vegetables.,0.5392156862745098,1,0,0.5454545454545454,0.0,11,6,0
21,2,30,4,"Community gardens are important, providing fresh food and a place for neighbors to gather.",0.5028735632183908,1,0,0.5714285714285714,0.2857142857142857,14,8,4
21,2,30,5,"The new gardens will feature raised beds, composting stations, and water-saving systems.",0.5078125,1,0,0.6666666666666666,0.0,12,8,0
21,2,30,6,Local volunteers will teach gardening classes to promote eco-friendly practices.,0.5149812734082397,1,0,0.6,0.0,10,6,0
21,2,30,7,"City officials are excited about the gardens' environmental benefits of these gardens, reducing the city’s carbon footprint by encouraging local food production.",0.4178779069767442,0,0,0.36363636363636365,0.4090909090909091,22,8,9
21,2,30,8,"They also add green spaces in crowded areas, improving neighborhood livability.",0.5188679245283019,1,0,0.7272727272727273,0.2727272727272727,11,8,3
21,2,30,9,The expansion has been funded by city grants and local business donations.,0.528169014084507,0,0,0.3333333333333333,0.0,12,4,0
5,6,90,0,"In today’s hyper-connected world, taking a step back from constant digital engagement can feel challenging but profoundly rewarding.",0.4456327985739751,1,1,0.7222222222222222,1.0,18,13,18
5,6,90,1,"A digital detox doesn’t necessarily mean abandoning technology altogether; rather, it’s about finding a healthy balance.",0.4620123203285421,1,0,1.0,0.125,16,16,2
5,6,90,2,"I recently decided to implement a digital detox routine, where I set aside specific times during the day to disconnect from screens and reconnect with the physical world.",0.39637599093997733,1,0,0.8571428571428571,0.03571428571428571,28,24,1
5,6,90,3,"One change was establishing tech-free zones in my home, like the bedroom and dining area, which has improved my sleep and presence during meals.",0.4211590296495957,1,0,0.7916666666666666,0.0,24,19,0
5,6,90,4,I’ve also dedicated my mornings to analog activities like reading a book or taking a walk instead of reaching for my phone.,0.4409509202453987,1,0,0.8181818181818182,0.09090909090909091,22,18,2
5,6,90,5,"The benefits have been noticeable—I feel more focused, less overwhelmed, and have more time for hobbies.",0.4807692307692307,1,0,0.9375,0.0,16,15,0
5,6,90,6,"If you’re considering a digital detox, start small by setting limits on social media or creating screen-free zones.",0.45955882352941174,1,0,0.7777777777777778,0.0,18,14,0
18,3,90,0,"Lately, I am making an effort to incorporate more sustainable practices into my routine.",0.5057803468208092,1,1,0.7142857142857143,0.9285714285714286,14,10,13
18,3,90,1,I first changed to reduce my reliance on single-use plastics.,0.5544354838709677,1,1,0.8,0.4,10,8,4
18,3,90,2,"Switching to reusable bags, containers, and produce bags has significantly cut the waste I generate.",0.48955613577023505,1,0,1.0,0.06666666666666667,15,15,1
18,3,90,3,"I’ve also focused on minimizing food waste, which helps the environment and saves money.",0.5040322580645161,1,0,0.5714285714285714,0.07142857142857142,14,8,1
18,3,90,4,"Meal planning has been a game-changer, as I only buy what I need, resulting in fewer leftovers.",0.48701298701298706,1,1,0.7058823529411765,0.6470588235294118,17,12,11
18,3,90,5,"Additionally, I set up a small compost bin in my backyard.",0.5635245901639344,1,0,0.7272727272727273,0.2727272727272727,11,8,3
18,3,90,6,It’s gratifying to know my food scraps are repurposed into something beneficial for the garden instead of ending up in a landfill.,0.4362670713201821,1,0,0.6818181818181818,0.0,22,15,0
18,3,90,7,I’m curious how others are working towards sustainability.,0.556930693069307,1,0,0.75,0.0,8,6,0
18,3,90,8,What small changes you made that had a big impact?,0.5813953488372093,1,1,0.8,0.4,10,8,4
18,3,90,9,Let’s exchange ideas and support each other in making our community greener.,0.5241935483870968,1,0,0.6666666666666666,0.0,12,8,0
18,3,90,10,Even small actions can lead to larger positive change to our daily lives!,0.5293159609120521,1,0,0.7692307692307693,0.0,13,10,0
32,1,90,0,"A local high school has launched a robotics program to inspire students to explore careers in science, technology, engineering, and mathematics (STEM).",0.4290171606864274,1,1,0.9090909090909091,0.7272727272727273,22,20,16
32,1,90,1,"The program, which began this week, offers hands-on experience in designing and building robots, along with lessons in coding, electronics, and problem-solving.",0.41724617524339364,1,0,0.7727272727272727,0.045454545454545456,22,17,1
32,1,90,2,The school partnered with local tech companies to provide resources and mentorship.,0.5119453924914675,1,0,0.8333333333333334,0.0,12,10,0
32,1,90,3,Students will also have the opportunity to compete in regional and national robotics competitions.,0.49019607843137253,1,0,0.8571428571428571,0.0,14,12,0
32,1,90,4,"The principal expressed enthusiasm, stating it provides a unique chance for students to engage with cutting-edge technology.",0.4573170731707317,1,0,0.7058823529411765,0.0,17,12,0
32,1,90,5,"Parents support the initiative, noting it prepares students for careers in a rapidly evolving job market.",0.4807692307692307,1,1,0.6875,0.3125,16,11,5
32,1,90,6,"The program is expected to grow, with plans for advanced courses and summer camps.",0.5147058823529412,1,0,0.7142857142857143,0.07142857142857142,14,10,1
32,1,90,7,"By investing in STEM education, the school aims to empower students to become innovators and leaders in technology.",0.46583850931677023,1,0,0.8888888888888888,0.0,18,16,0
29,4,30,0,"Hello, fitness enthusiasts!",0.5769230769230769,1,1,1.0,1.0,3,3,3
29,4,30,1,I recently embarked on a new workout regimen and wanted to share a few insights that have helped me maintain consistency and stay motivated.,0.42613636363636365,1,0,0.75,0.08333333333333333,24,18,2
29,4,30,2,"Setting realistic, attainable goals has been essential.",0.550314465408805,1,0,0.5714285714285714,0.0,7,4,0
29,4,30,3,"Instead of aiming for an intense workout daily, I’ve focused on incremental improvements, making progress more manageable and enjoyable.",0.4432624113475177,1,0,0.7368421052631579,0.0,19,14,0
29,4,30,4,"Another key factor has been having a workout partner, which has kept me accountable and added a social element, making exercise more fun.",0.43298192771084343,1,0,0.5217391304347826,0.0,23,12,0
29,4,30,5,"We check in regularly, keeping us on track.",0.6024096385542168,0,0,0.125,0.0,8,1,0
29,4,30,6,"Finally, I’ve come to appreciate the importance of rest and recovery.",0.539568345323741,0,0,0.2727272727272727,0.0,11,3,0
29,4,30,7,Taking time to listen to my body and allow for proper rest days has actually enhanced my performance and overall well-being.,0.444264943457189,1,0,0.6190476190476191,0.0,21,13,0
29,4,30,8,"If you’re starting a new routine, remember that consistency is key, but balance is equally important.",0.48405466970387245,1,0,0.5625,0.0,16,9,0
29,4,30,9,Let’s keep pushing towards our fitness goals together!,0.5681818181818182,1,0,0.5,0.0,8,4,0
7,8,60,0,"Traveling has always been one of my greatest passions, and over the years, I’ve learned that less truly is more when it comes to packing.",0.42098445595854916,1,1,0.96,0.4,25,24,10
7,8,60,1,Adopting a minimalist approach to travel has not only lightened my physical load but also enhanced my overall travel experience.,0.4480286738351254,1,1,0.6,0.65,20,12,13
7,8,60,2,The key is careful planning.,0.6377551020408163,0,0,0.0,0.4,5,0,2
7,8,60,3,"Before each trip, I list essentials, focusing on versatile clothing and multipurpose items.",0.5030959752321982,1,0,0.6153846153846154,0.0,13,8,0
7,8,60,4,"This allows me to pack everything into a single carry-on, avoiding the hassle of checked luggage and making it easier to navigate airports and cities.",0.4134860050890586,1,0,0.72,0.04,25,18,1
7,8,60,5,Traveling light encourages a mindful experience.,0.5555555555555556,1,0,0.8333333333333334,0.16666666666666666,6,5,1
7,8,60,6,"With fewer possessions to worry about, I can fully immerse myself in the destination, appreciating the culture and scenery without distractions.",0.43460264900662254,1,0,0.9523809523809523,0.0,21,20,0
7,8,60,7,"It has also taught me to value experiences over things, as the memories I create during my travels far outweigh any material items I might collect along the way.",0.3966083150984683,1,0,0.5517241379310345,0.0,29,16,0
29,8,90,0,"Traveling has always been one of my greatest passions, and over the years, I’ve learned that less truly is more when it comes to packing.",0.42098445595854916,1,1,0.8,0.8,25,20,20
29,8,90,1,Adopting a minimalist approach to travel has not only lightened my physical load but also enhanced my overall travel experience.,0.4480286738351254,1,1,0.6,0.8,20,12,16
29,8,90,2,The key is careful planning.,0.6377551020408163,0,0,0.0,1.0,5,0,5
29,8,90,3,"Before each trip, I list essentials, focusing on versatile clothing and multipurpose items.",0.5030959752321982,1,1,0.8461538461538461,0.5384615384615384,13,11,7
29,8,90,4,"This allows me to pack everything into a single carry-on, avoiding the hassle of checked luggage and making it easier to navigate airports and cities.",0.4134860050890586,1,1,0.76,0.76,25,19,19
29,8,90,5,Traveling light encourages a mindful experience.,0.5555555555555556,1,1,0.8333333333333334,0.8333333333333334,6,5,5
29,8,90,6,"With fewer possessions to worry about, I can fully immerse myself in the destination, appreciating the culture and scenery without distractions.",0.43460264900662254,1,1,0.7619047619047619,0.5714285714285714,21,16,12
29,8,90,7,"It has also taught me to value experiences over things, as the memories I create during my travels far outweigh any material items I might collect along the way.",0.3966083150984683,1,0,0.5172413793103449,0.0,29,15,0
25,7,60,0,"Cooking has always been something I needed to do every day, but recently, I’ve started seeing it as a way to relax and enjoy myself.",0.42372881355932196,1,0,0.64,0.0,25,16,0
25,7,60,1,"Mindful cooking means paying full attention while making a meal, focusing on each step, and enjoying the process rather than rushing.",0.44266441821247887,1,0,0.5714285714285714,0.2857142857142857,21,12,6
25,7,60,2,"I start by choosing fresh ingredients, noticing their colors, textures, and smells.",0.5172413793103449,1,0,0.8333333333333334,0.0,12,10,0
25,7,60,3,"As I cut, stir, and season, I pay attention to the sounds of vegetables cooking, the feel of the dough, and the aroma of spices.",0.43222683264177036,1,0,0.68,0.0,25,17,0
25,7,60,4,This way of cooking has changed how I feel about making food.,0.5535055350553506,1,0,0.8333333333333334,0.0,12,10,0
25,7,60,5,"Now, instead of thinking of it as just another chore, I see it as a creative activity and a way to take care of myself.",0.43584379358437936,1,0,0.72,0.0,25,18,0
25,7,60,6,"It also makes the food taste better and more enjoyable, because each dish is made with care and attention.",0.47123015873015867,1,0,0.5263157894736842,0.0,19,10,0
15,2,90,0,The city’s community garden project is expanding and will soon reach more neighborhoods.,0.5043227665706052,1,1,0.8461538461538461,0.7692307692307693,13,11,10
15,2,90,1,"This project, started five years ago, now has over 20 garden sites citywide.",0.5275974025974026,1,1,0.5384615384615384,0.6153846153846154,13,7,8
15,2,90,2,"The expansion will add five more gardens across the city, especially in areas needing them most.",0.49140049140049136,1,0,0.8125,0.1875,16,13,3
15,2,90,3,These gardens give residents a chance to grow fruits and vegetables.,0.5392156862745098,1,0,0.6363636363636364,0.09090909090909091,11,7,1
15,2,90,4,"Community gardens are important, providing fresh food and a place for neighbors to gather.",0.5028735632183908,1,1,0.6428571428571429,0.6428571428571429,14,9,9
15,2,90,5,"The new gardens will feature raised beds, composting stations, and water-saving systems.",0.5078125,0,0,0.4166666666666667,0.3333333333333333,12,5,4
15,2,90,6,Local volunteers will teach gardening classes to promote eco-friendly practices.,0.5149812734082397,1,1,0.8,0.7,10,8,7
15,2,90,7,"City officials are excited about the gardens' environmental benefits of these gardens, reducing the city’s carbon footprint by encouraging local food production.",0.4178779069767442,1,1,0.5454545454545454,0.5909090909090909,22,12,13
15,2,90,8,"They also add green spaces in crowded areas, improving neighborhood livability.",0.5188679245283019,0,0,0.36363636363636365,0.5454545454545454,11,4,6
15,2,90,9,The expansion has been funded by city grants and local business donations.,0.528169014084507,1,0,0.8333333333333334,0.0,12,10,0
6,0,60,0,The city has announced an expansion of its public bicycle program to meet growing demand for eco-friendly transportation.,0.4567307692307693,1,1,0.6666666666666666,0.7777777777777778,18,12,14
6,0,60,1,"Starting next month, 500 new bikes will be added to the fleet, and new docking stations will be installed across key areas.",0.4464285714285714,1,0,0.7727272727272727,0.0,22,17,0
6,0,60,2,"Launched three years ago, the program has seen significant growth, with daily ridership up by 20% in the past year.",0.46125461254612543,1,0,0.85,0.0,20,17,0
6,0,60,3,"City officials believe the expansion will encourage more residents to bike rather than drive, especially for short trips.",0.4601226993865031,1,0,0.8888888888888888,0.2222222222222222,18,16,4
6,0,60,4,"The new bikes have GPS tracking and improved safety features, including reflective strips and better lighting.",0.4750593824228029,1,0,0.875,0.0,16,14,0
6,0,60,5,"Additionally, the city will launch a public awareness campaign to promote safe biking practices, including workshops and free helmets.",0.4472693032015066,1,0,0.7894736842105263,0.0,19,15,0
6,0,60,6,The goal is to reduce traffic congestion and pollution while promoting a healthier lifestyle.,0.4971590909090909,1,0,0.7857142857142857,0.21428571428571427,14,11,3
6,0,60,7,"With these initiatives, the city hopes to lead in sustainable urban transportation.",0.5136986301369862,0,0,0.16666666666666666,0.0,12,2,0
21,1,30,0,"A local high school has launched a robotics program to inspire students to explore careers in science, technology, engineering, and mathematics (STEM).",0.4290171606864274,1,0,0.6818181818181818,0.0,22,15,0
21,1,30,1,"The program, which began this week, offers hands-on experience in designing and building robots, along with lessons in coding, electronics, and problem-solving.",0.41724617524339364,1,0,0.6363636363636364,0.0,22,14,0
21,1,30,2,The school partnered with local tech companies to provide resources and mentorship.,0.5119453924914675,1,0,0.5833333333333334,0.16666666666666666,12,7,2
21,1,30,3,Students will also have the opportunity to compete in regional and national robotics competitions.,0.49019607843137253,1,0,0.6428571428571429,0.0,14,9,0
21,1,30,4,"The principal expressed enthusiasm, stating it provides a unique chance for students to engage with cutting-edge technology.",0.4573170731707317,1,0,0.6470588235294118,0.058823529411764705,17,11,1
21,1,30,5,"Parents support the initiative, noting it prepares students for careers in a rapidly evolving job market.",0.4807692307692307,1,0,0.625,0.0,16,10,0
21,1,30,6,"The program is expected to grow, with plans for advanced courses and summer camps.",0.5147058823529412,0,0,0.2857142857142857,0.14285714285714285,14,4,2
21,1,30,7,"By investing in STEM education, the school aims to empower students to become innovators and leaders in technology.",0.46583850931677023,1,0,0.5555555555555556,0.0,18,10,0
32,2,60,0,The city’s community garden project is expanding and will soon reach more neighborhoods.,0.5043227665706052,1,0,0.8461538461538461,0.0,13,11,0
32,2,60,1,"This project, started five years ago, now has over 20 garden sites citywide.",0.5275974025974026,1,0,0.7692307692307693,0.0,13,10,0
32,2,60,2,"The expansion will add five more gardens across the city, especially in areas needing them most.",0.49140049140049136,1,0,0.875,0.25,16,14,4
32,2,60,3,These gardens give residents a chance to grow fruits and vegetables.,0.5392156862745098,1,1,0.7272727272727273,0.8181818181818182,11,8,9
32,2,60,4,"Community gardens are important, providing fresh food and a place for neighbors to gather.",0.5028735632183908,0,0,0.0,0.9285714285714286,14,0,13
32,2,60,5,"The new gardens will feature raised beds, composting stations, and water-saving systems.",0.5078125,1,0,0.8333333333333334,0.0,12,10,0
32,2,60,6,Local volunteers will teach gardening classes to promote eco-friendly practices.,0.5149812734082397,1,0,0.8,0.0,10,8,0
32,2,60,7,"City officials are excited about the gardens' environmental benefits of these gardens, reducing the city’s carbon footprint by encouraging local food production.",0.4178779069767442,1,0,0.8636363636363636,0.0,22,19,0
32,2,60,8,"They also add green spaces in crowded areas, improving neighborhood livability.",0.5188679245283019,1,0,0.5454545454545454,0.0,11,6,0
22,2,90,0,The city’s community garden project is expanding and will soon reach more neighborhoods.,0.5043227665706052,1,1,0.6923076923076923,0.3076923076923077,13,9,4
22,2,90,1,"This project, started five years ago, now has over 20 garden sites citywide.",0.5275974025974026,1,1,0.8461538461538461,0.8461538461538461,13,11,11
22,2,90,2,"The expansion will add five more gardens across the city, especially in areas needing them most.",0.49140049140049136,1,1,0.5625,0.6875,16,9,11
22,2,90,3,These gardens give residents a chance to grow fruits and vegetables.,0.5392156862745098,1,1,0.5454545454545454,0.5454545454545454,11,6,6
22,2,90,4,"Community gardens are important, providing fresh food and a place for neighbors to gather.",0.5028735632183908,0,0,0.0,0.7142857142857143,14,0,10
22,2,90,5,"The new gardens will feature raised beds, composting stations, and water-saving systems.",0.5078125,1,0,0.5833333333333334,0.25,12,7,3
22,2,90,6,Local volunteers will teach gardening classes to promote eco-friendly practices.,0.5149812734082397,1,1,0.7,0.7,10,7,7
22,2,90,7,"City officials are excited about the gardens' environmental benefits of these gardens, reducing the city’s carbon footprint by encouraging local food production.",0.4178779069767442,1,1,0.8181818181818182,0.6363636363636364,22,18,14
22,2,90,8,"They also add green spaces in crowded areas, improving neighborhood livability.",0.5188679245283019,0,0,0.45454545454545453,0.5454545454545454,11,5,6
22,2,90,9,The expansion has been funded by city grants and local business donations.,0.528169014084507,1,0,0.9166666666666666,0.0,12,11,0
7,7,60,0,"Cooking has always been something I needed to do every day, but recently, I’ve started seeing it as a way to relax and enjoy myself.",0.42372881355932196,1,1,0.96,0.4,25,24,10
7,7,60,1,"Mindful cooking means paying full attention while making a meal, focusing on each step, and enjoying the process rather than rushing.",0.44266441821247887,1,1,0.5714285714285714,0.7142857142857143,21,12,15
7,7,60,2,"I start by choosing fresh ingredients, noticing their colors, textures, and smells.",0.5172413793103449,1,1,0.9166666666666666,0.6666666666666666,12,11,8
7,7,60,3,"As I cut, stir, and season, I pay attention to the sounds of vegetables cooking, the feel of the dough, and the aroma of spices.",0.43222683264177036,1,1,0.6,0.32,25,15,8
7,7,60,5,"Now, instead of thinking of it as just another chore, I see it as a creative activity and a way to take care of myself.",0.43584379358437936,0,0,0.48,0.08,25,12,2
7,7,60,6,"It also makes the food taste better and more enjoyable, because each dish is made with care and attention.",0.47123015873015867,1,0,0.8421052631578947,0.0,19,16,0
22,6,60,0,"In today’s hyper-connected world, taking a step back from constant digital engagement can feel challenging but profoundly rewarding.",0.4456327985739751,1,1,0.6111111111111112,0.9444444444444444,18,11,17
22,6,60,1,"A digital detox doesn’t necessarily mean abandoning technology altogether; rather, it’s about finding a healthy balance.",0.4620123203285421,1,1,0.5,0.3125,16,8,5
22,6,60,2,"I recently decided to implement a digital detox routine, where I set aside specific times during the day to disconnect from screens and reconnect with the physical world.",0.39637599093997733,1,0,0.5714285714285714,0.03571428571428571,28,16,1
22,6,60,3,"One change was establishing tech-free zones in my home, like the bedroom and dining area, which has improved my sleep and presence during meals.",0.4211590296495957,1,0,0.7083333333333334,0.2916666666666667,24,17,7
22,6,60,4,I’ve also dedicated my mornings to analog activities like reading a book or taking a walk instead of reaching for my phone.,0.4409509202453987,1,0,0.5909090909090909,0.09090909090909091,22,13,2
22,6,60,5,"The benefits have been noticeable—I feel more focused, less overwhelmed, and have more time for hobbies.",0.4807692307692307,1,0,0.625,0.125,16,10,2
22,6,60,6,"If you’re considering a digital detox, start small by setting limits on social media or creating screen-free zones.",0.45955882352941174,1,0,0.7777777777777778,0.0,18,14,0
7,5,30,0,Hello fellow readers!,0.625,1,0,1.0,0.0,3,3,0
7,5,30,1,"I wanted to share my thoughts on a remarkable book I just finished, The Journey Within.",0.5025125628140703,1,0,0.5,0.0,16,8,0
7,5,30,2,"This novel delves into themes of self-discovery and personal growth, exploring how the protagonist navigates complex emotional landscapes to understand themselves better.",0.41189111747851004,1,0,0.8181818181818182,0.0,22,18,0
7,5,30,3,What struck me most was its ability to challenge my own perspectives.,0.5376344086021506,1,0,0.5833333333333334,0.0,12,7,0
7,5,30,4,"The author’s nuanced portrayal of the characters’ struggles felt incredibly authentic, prompting me to reflect on my own life decisions.",0.4404362416107382,1,0,0.7,0.0,20,14,0
7,5,30,5,It’s rare to find a book that entertains and prompts introspection.,0.5415162454873647,0,0,0.45454545454545453,0.0,11,5,0
7,5,30,6,I’m eager to hear what everyone has been reading lately.,0.565843621399177,0,0,0.4,0.0,10,4,0
7,5,30,7,Have you come across any books that left a lasting impression?,0.5522088353413654,1,0,0.5454545454545454,0.0,11,6,0
7,5,30,8,Let’s discuss our favorite reads and share recommendations.,0.5541871921182265,1,0,0.625,0.125,8,5,1
7,5,30,9,There’s something special about connecting over a good book and exchanging ideas with fellow literature lovers.,0.4711751662971175,1,0,0.5,0.0,16,8,0
13,6,30,0,"In today’s hyper-connected world, taking a step back from constant digital engagement can feel challenging but profoundly rewarding.",0.4456327985739751,1,0,0.8333333333333334,0.0,18,15,0
13,6,30,1,"A digital detox doesn’t necessarily mean abandoning technology altogether; rather, it’s about finding a healthy balance.",0.4620123203285421,1,0,0.875,0.0,16,14,0
13,6,30,2,"I recently decided to implement a digital detox routine, where I set aside specific times during the day to disconnect from screens and reconnect with the physical world.",0.39637599093997733,1,0,0.5714285714285714,0.0,28,16,0
13,6,30,3,"One change was establishing tech-free zones in my home, like the bedroom and dining area, which has improved my sleep and presence during meals.",0.4211590296495957,1,0,0.8333333333333334,0.0,24,20,0
13,6,30,4,I’ve also dedicated my mornings to analog activities like reading a book or taking a walk instead of reaching for my phone.,0.4409509202453987,1,0,0.6363636363636364,0.0,22,14,0
18,5,60,0,Hello fellow readers!,0.625,1,1,1.0,1.0,3,3,3
18,5,60,1,"I wanted to share my thoughts on a remarkable book I just finished, The Journey Within.",0.5025125628140703,1,1,0.625,0.5,16,10,8
18,5,60,2,"This novel delves into themes of self-discovery and personal growth, exploring how the protagonist navigates complex emotional landscapes to understand themselves better.",0.41189111747851004,1,0,0.8181818181818182,0.0,22,18,0
18,5,60,3,What struck me most was its ability to challenge my own perspectives.,0.5376344086021506,1,1,0.6666666666666666,0.3333333333333333,12,8,4
18,5,60,4,"The author’s nuanced portrayal of the characters’ struggles felt incredibly authentic, prompting me to reflect on my own life decisions.",0.4404362416107382,1,0,0.8,0.15,20,16,3
18,5,60,5,It’s rare to find a book that entertains and prompts introspection.,0.5415162454873647,1,0,0.7272727272727273,0.09090909090909091,11,8,1
18,5,60,6,I’m eager to hear what everyone has been reading lately.,0.565843621399177,0,0,0.4,0.2,10,4,2
18,5,60,7,Have you come across any books that left a lasting impression?,0.5522088353413654,1,0,0.7272727272727273,0.0,11,8,0
18,5,60,8,Let’s discuss our favorite reads and share recommendations.,0.5541871921182265,1,0,1.0,0.0,8,8,0
18,5,60,9,There’s something special about connecting over a good book and exchanging ideas with fellow literature lovers.,0.4711751662971175,1,0,0.8125,0.25,16,13,4
18,5,60,10,Looking forward to hearing your thoughts!,0.5859375,1,0,0.8333333333333334,0.0,6,5,0
31,0,60,0,The city has announced an expansion of its public bicycle program to meet growing demand for eco-friendly transportation.,0.4567307692307693,1,1,0.7777777777777778,0.6666666666666666,18,14,12
31,0,60,1,"Starting next month, 500 new bikes will be added to the fleet, and new docking stations will be installed across key areas.",0.4464285714285714,1,0,0.7727272727272727,0.045454545454545456,22,17,1
31,0,60,2,"Launched three years ago, the program has seen significant growth, with daily ridership up by 20% in the past year.",0.46125461254612543,1,0,0.7,0.05,20,14,1
31,0,60,3,"City officials believe the expansion will encourage more residents to bike rather than drive, especially for short trips.",0.4601226993865031,1,0,0.6666666666666666,0.05555555555555555,18,12,1
31,0,60,4,"The new bikes have GPS tracking and improved safety features, including reflective strips and better lighting.",0.4750593824228029,1,0,0.625,0.0,16,10,0
31,0,60,5,"Additionally, the city will launch a public awareness campaign to promote safe biking practices, including workshops and free helmets.",0.4472693032015066,1,1,0.6842105263157895,0.3684210526315789,19,13,7
31,0,60,6,The goal is to reduce traffic congestion and pollution while promoting a healthier lifestyle.,0.4971590909090909,1,0,0.7857142857142857,0.14285714285714285,14,11,2
31,0,60,7,"With these initiatives, the city hopes to lead in sustainable urban transportation.",0.5136986301369862,1,0,0.6666666666666666,0.0,12,8,0
29,7,60,0,"Cooking has always been something I needed to do every day, but recently, I’ve started seeing it as a way to relax and enjoy myself.",0.42372881355932196,1,1,0.6,0.96,25,15,24
29,7,60,1,"Mindful cooking means paying full attention while making a meal, focusing on each step, and enjoying the process rather than rushing.",0.44266441821247887,1,1,0.7619047619047619,0.5714285714285714,21,16,12
29,7,60,2,"I start by choosing fresh ingredients, noticing their colors, textures, and smells.",0.5172413793103449,1,1,0.8333333333333334,0.9166666666666666,12,10,11
29,7,60,3,"As I cut, stir, and season, I pay attention to the sounds of vegetables cooking, the feel of the dough, and the aroma of spices.",0.43222683264177036,1,1,0.76,0.52,25,19,13
29,7,60,4,This way of cooking has changed how I feel about making food.,0.5535055350553506,1,1,0.5833333333333334,0.3333333333333333,12,7,4
29,7,60,5,"Now, instead of thinking of it as just another chore, I see it as a creative activity and a way to take care of myself.",0.43584379358437936,1,0,0.56,0.04,25,14,1
29,7,60,6,"It also makes the food taste better and more enjoyable, because each dish is made with care and attention.",0.47123015873015867,0,0,0.42105263157894735,0.0,19,8,0
27,8,30,0,"Traveling has always been one of my greatest passions, and over the years, I’ve learned that less truly is more when it comes to packing.",0.42098445595854916,1,1,0.8,0.64,25,20,16
27,8,30,1,Adopting a minimalist approach to travel has not only lightened my physical load but also enhanced my overall travel experience.,0.4480286738351254,1,1,0.6,0.8,20,12,16
27,8,30,2,The key is careful planning.,0.6377551020408163,1,1,0.6,0.8,5,3,4
27,8,30,3,"Before each trip, I list essentials, focusing on versatile clothing and multipurpose items.",0.5030959752321982,1,1,0.6153846153846154,0.7692307692307693,13,8,10
27,8,30,4,"This allows me to pack everything into a single carry-on, avoiding the hassle of checked luggage and making it easier to navigate airports and cities.",0.4134860050890586,1,1,0.6,0.76,25,15,19
27,8,30,5,Traveling light encourages a mindful experience.,0.5555555555555556,1,1,0.5,0.6666666666666666,6,3,4
27,8,30,6,"With fewer possessions to worry about, I can fully immerse myself in the destination, appreciating the culture and scenery without distractions.",0.43460264900662254,1,1,0.8095238095238095,0.7619047619047619,21,17,16
27,8,30,7,"It has also taught me to value experiences over things, as the memories I create during my travels far outweigh any material items I might collect along the way.",0.3966083150984683,1,0,0.8620689655172413,0.0,29,25,0
5,8,30,0,"Traveling has always been one of my greatest passions, and over the years, I’ve learned that less truly is more when it comes to packing.",0.42098445595854916,1,0,0.84,0.0,25,21,0
5,8,30,1,Adopting a minimalist approach to travel has not only lightened my physical load but also enhanced my overall travel experience.,0.4480286738351254,1,0,0.55,0.25,20,11,5
5,8,30,2,The key is careful planning.,0.6377551020408163,0,0,0.0,0.4,5,0,2
5,8,30,3,"Before each trip, I list essentials, focusing on versatile clothing and multipurpose items.",0.5030959752321982,0,0,0.46153846153846156,0.0,13,6,0
5,8,30,4,"This allows me to pack everything into a single carry-on, avoiding the hassle of checked luggage and making it easier to navigate airports and cities.",0.4134860050890586,0,0,0.4,0.0,25,10,0
5,8,30,5,Traveling light encourages a mindful experience.,0.5555555555555556,0,0,0.3333333333333333,0.0,6,2,0
5,8,30,6,"With fewer possessions to worry about, I can fully immerse myself in the destination, appreciating the culture and scenery without distractions.",0.43460264900662254,1,0,0.7142857142857143,0.0,21,15,0
5,8,30,7,"It has also taught me to value experiences over things, as the memories I create during my travels far outweigh any material items I might collect along the way.",0.3966083150984683,1,0,0.5517241379310345,0.0,29,16,0
9,7,90,0,"Cooking has always been something I needed to do every day, but recently, I’ve started seeing it as a way to relax and enjoy myself.",0.42372881355932196,1,1,0.92,0.88,25,23,22
9,7,90,1,"Mindful cooking means paying full attention while making a meal, focusing on each step, and enjoying the process rather than rushing.",0.44266441821247887,1,1,0.5238095238095238,0.7142857142857143,21,11,15
9,7,90,2,"I start by choosing fresh ingredients, noticing their colors, textures, and smells.",0.5172413793103449,1,1,0.5833333333333334,0.6666666666666666,12,7,8
9,7,90,3,"As I cut, stir, and season, I pay attention to the sounds of vegetables cooking, the feel of the dough, and the aroma of spices.",0.43222683264177036,0,0,0.4,0.76,25,10,19
9,7,90,4,This way of cooking has changed how I feel about making food.,0.5535055350553506,0,0,0.0,0.6666666666666666,12,0,8
9,7,90,5,"Now, instead of thinking of it as just another chore, I see it as a creative activity and a way to take care of myself.",0.43584379358437936,1,1,0.52,0.68,25,13,17
9,7,90,6,"It also makes the food taste better and more enjoyable, because each dish is made with care and attention.",0.47123015873015867,1,0,0.8421052631578947,0.0,19,16,0
25,5,90,0,Hello fellow readers!,0.625,1,1,1.0,1.0,3,3,3
25,5,90,1,"I wanted to share my thoughts on a remarkable book I just finished, The Journey Within.",0.5025125628140703,1,0,0.875,0.0,16,14,0
25,5,90,2,"This novel delves into themes of self-discovery and personal growth, exploring how the protagonist navigates complex emotional landscapes to understand themselves better.",0.41189111747851004,1,0,0.7727272727272727,0.0,22,17,0
25,5,90,3,What struck me most was its ability to challenge my own perspectives.,0.5376344086021506,1,0,0.8333333333333334,0.0,12,10,0
25,5,90,4,"The author’s nuanced portrayal of the characters’ struggles felt incredibly authentic, prompting me to reflect on my own life decisions.",0.4404362416107382,1,0,0.75,0.0,20,15,0
25,5,90,5,It’s rare to find a book that entertains and prompts introspection.,0.5415162454873647,1,0,0.8181818181818182,0.09090909090909091,11,9,1
25,5,90,6,I’m eager to hear what everyone has been reading lately.,0.565843621399177,1,0,0.7,0.0,10,7,0
25,5,90,7,Have you come across any books that left a lasting impression?,0.5522088353413654,1,0,0.9090909090909091,0.09090909090909091,11,10,1
25,5,90,8,Let’s discuss our favorite reads and share recommendations.,0.5541871921182265,1,0,0.875,0.125,8,7,1
25,5,90,9,There’s something special about connecting over a good book and exchanging ideas with fellow literature lovers.,0.4711751662971175,1,0,0.875,0.0,16,14,0
25,5,90,10,Looking forward to hearing your thoughts!,0.5859375,1,0,0.8333333333333334,0.0,6,5,0
11,1,90,0,"A local high school has launched a robotics program to inspire students to explore careers in science, technology, engineering, and mathematics (STEM).",0.4290171606864274,1,1,0.7727272727272727,0.7272727272727273,22,17,16
11,1,90,1,"The program, which began this week, offers hands-on experience in designing and building robots, along with lessons in coding, electronics, and problem-solving.",0.41724617524339364,1,1,0.6363636363636364,0.7272727272727273,22,14,16
11,1,90,2,The school partnered with local tech companies to provide resources and mentorship.,0.5119453924914675,1,1,0.5833333333333334,0.75,12,7,9
11,1,90,3,Students will also have the opportunity to compete in regional and national robotics competitions.,0.49019607843137253,1,1,0.5,0.5714285714285714,14,7,8
11,1,90,4,"The principal expressed enthusiasm, stating it provides a unique chance for students to engage with cutting-edge technology.",0.4573170731707317,1,1,0.6470588235294118,0.7647058823529411,17,11,13
11,1,90,5,"Parents support the initiative, noting it prepares students for careers in a rapidly evolving job market.",0.4807692307692307,0,0,0.375,0.8125,16,6,13
11,1,90,6,"The program is expected to grow, with plans for advanced courses and summer camps.",0.5147058823529412,1,1,0.5,0.6428571428571429,14,7,9
11,1,90,7,"By investing in STEM education, the school aims to empower students to become innovators and leaders in technology.",0.46583850931677023,1,0,0.8888888888888888,0.0,18,16,0
9,5,30,0,Hello fellow readers!,0.625,0,0,0.3333333333333333,0.6666666666666666,3,1,2
9,5,30,1,"I wanted to share my thoughts on a remarkable book I just finished, The Journey Within.",0.5025125628140703,1,1,0.75,0.6875,16,12,11
9,5,30,2,"This novel delves into themes of self-discovery and personal growth, exploring how the protagonist navigates complex emotional landscapes to understand themselves better.",0.41189111747851004,1,0,0.7272727272727273,0.0,22,16,0
9,5,30,3,What struck me most was its ability to challenge my own perspectives.,0.5376344086021506,1,0,0.5833333333333334,0.0,12,7,0
9,5,30,4,"The author’s nuanced portrayal of the characters’ struggles felt incredibly authentic, prompting me to reflect on my own life decisions.",0.4404362416107382,1,0,0.7,0.05,20,14,1
9,5,30,5,It’s rare to find a book that entertains and prompts introspection.,0.5415162454873647,0,0,0.45454545454545453,0.0,11,5,0
9,5,30,6,I’m eager to hear what everyone has been reading lately.,0.565843621399177,0,0,0.4,0.1,10,4,1
9,5,30,7,Have you come across any books that left a lasting impression?,0.5522088353413654,1,0,0.6363636363636364,0.0,11,7,0
9,5,30,8,Let’s discuss our favorite reads and share recommendations.,0.5541871921182265,0,0,0.25,0.125,8,2,1
9,5,30,9,There’s something special about connecting over a good book and exchanging ideas with fellow literature lovers.,0.4711751662971175,0,0,0.375,0.25,16,6,4
9,5,30,10,Looking forward to hearing your thoughts!,0.5859375,1,0,0.5,0.0,6,3,0
12,8,90,0,"Traveling has always been one of my greatest passions, and over the years, I’ve learned that less truly is more when it comes to packing.",0.42098445595854916,1,1,0.96,0.64,25,24,16
12,8,90,1,Adopting a minimalist approach to travel has not only lightened my physical load but also enhanced my overall travel experience.,0.4480286738351254,1,1,0.75,0.55,20,15,11
12,8,90,2,The key is careful planning.,0.6377551020408163,1,0,0.6,0.0,5,3,0
12,8,90,3,"Before each trip, I list essentials, focusing on versatile clothing and multipurpose items.",0.5030959752321982,1,0,0.6923076923076923,0.0,13,9,0
12,8,90,4,"This allows me to pack everything into a single carry-on, avoiding the hassle of checked luggage and making it easier to navigate airports and cities.",0.4134860050890586,1,1,0.72,0.64,25,18,16
12,8,90,5,Traveling light encourages a mindful experience.,0.5555555555555556,1,1,1.0,0.8333333333333334,6,6,5
12,8,90,6,"With fewer possessions to worry about, I can fully immerse myself in the destination, appreciating the culture and scenery without distractions.",0.43460264900662254,1,0,0.8095238095238095,0.19047619047619047,21,17,4
12,8,90,7,"It has also taught me to value experiences over things, as the memories I create during my travels far outweigh any material items I might collect along the way.",0.3966083150984683,1,0,0.6551724137931034,0.0,29,19,0
11,0,90,0,The city has announced an expansion of its public bicycle program to meet growing demand for eco-friendly transportation.,0.4567307692307693,1,1,0.6111111111111112,0.8888888888888888,18,11,16
11,0,90,1,"Starting next month, 500 new bikes will be added to the fleet, and new docking stations will be installed across key areas.",0.4464285714285714,1,1,0.5454545454545454,0.6818181818181818,22,12,15
11,0,90,2,"Launched three years ago, the program has seen significant growth, with daily ridership up by 20% in the past year.",0.46125461254612543,1,1,0.5,0.8,20,10,16
11,0,90,3,"City officials believe the expansion will encourage more residents to bike rather than drive, especially for short trips.",0.4601226993865031,1,1,0.6111111111111112,0.5555555555555556,18,11,10
11,0,90,4,"The new bikes have GPS tracking and improved safety features, including reflective strips and better lighting.",0.4750593824228029,1,1,0.5,0.625,16,8,10
11,0,90,5,"Additionally, the city will launch a public awareness campaign to promote safe biking practices, including workshops and free helmets.",0.4472693032015066,0,0,0.42105263157894735,0.7368421052631579,19,8,14
11,0,90,6,The goal is to reduce traffic congestion and pollution while promoting a healthier lifestyle.,0.4971590909090909,1,1,0.6428571428571429,0.6428571428571429,14,9,9
11,0,90,7,"With these initiatives, the city hopes to lead in sustainable urban transportation.",0.5136986301369862,1,0,0.9166666666666666,0.0,12,11,0
27,7,90,0,"Cooking has always been something I needed to do every day, but recently, I’ve started seeing it as a way to relax and enjoy myself.",0.42372881355932196,1,1,0.68,0.88,25,17,22
27,7,90,1,"Mindful cooking means paying full attention while making a meal, focusing on each step, and enjoying the process rather than rushing.",0.44266441821247887,1,1,0.6666666666666666,0.8095238095238095,21,14,17
27,7,90,2,"I start by choosing fresh ingredients, noticing their colors, textures, and smells.",0.5172413793103449,1,1,0.6666666666666666,0.5833333333333334,12,8,7
27,7,90,3,"As I cut, stir, and season, I pay attention to the sounds of vegetables cooking, the feel of the dough, and the aroma of spices.",0.43222683264177036,1,1,0.56,0.72,25,14,18
27,7,90,4,This way of cooking has changed how I feel about making food.,0.5535055350553506,0,0,0.4166666666666667,0.6666666666666666,12,5,8
27,7,90,5,"Now, instead of thinking of it as just another chore, I see it as a creative activity and a way to take care of myself.",0.43584379358437936,0,0,0.36,0.6,25,9,15
27,7,90,6,"It also makes the food taste better and more enjoyable, because each dish is made with care and attention.",0.47123015873015867,1,0,1.0,0.0,19,19,0
23,1,30,0,"A local high school has launched a robotics program to inspire students to explore careers in science, technology, engineering, and mathematics (STEM).",0.4290171606864274,1,0,0.5454545454545454,0.18181818181818182,22,12,4
23,1,30,1,"The program, which began this week, offers hands-on experience in designing and building robots, along with lessons in coding, electronics, and problem-solving.",0.41724617524339364,0,0,0.45454545454545453,0.09090909090909091,22,10,2
23,1,30,2,The school partnered with local tech companies to provide resources and mentorship.,0.5119453924914675,1,1,0.5833333333333334,0.3333333333333333,12,7,4
23,1,30,3,Students will also have the opportunity to compete in regional and national robotics competitions.,0.49019607843137253,1,0,0.7857142857142857,0.0,14,11,0
23,1,30,4,"The principal expressed enthusiasm, stating it provides a unique chance for students to engage with cutting-edge technology.",0.4573170731707317,1,0,0.5882352941176471,0.0,17,10,0
23,1,30,5,"Parents support the initiative, noting it prepares students for careers in a rapidly evolving job market.",0.4807692307692307,1,0,0.5,0.0,16,8,0
23,1,30,6,"The program is expected to grow, with plans for advanced courses and summer camps.",0.5147058823529412,0,0,0.2857142857142857,0.0,14,4,0
23,1,30,7,"By investing in STEM education, the school aims to empower students to become innovators and leaders in technology.",0.46583850931677023,1,0,0.5,0.0,18,9,0
16,3,60,0,"Lately, I am making an effort to incorporate more sustainable practices into my routine.",0.5057803468208092,1,1,0.9285714285714286,0.8571428571428571,14,13,12
16,3,60,1,I first changed to reduce my reliance on single-use plastics.,0.5544354838709677,1,0,0.8,0.0,10,8,0
16,3,60,2,"Switching to reusable bags, containers, and produce bags has significantly cut the waste I generate.",0.48955613577023505,1,0,0.8666666666666667,0.0,15,13,0
16,3,60,3,"I’ve also focused on minimizing food waste, which helps the environment and saves money.",0.5040322580645161,1,0,0.7142857142857143,0.0,14,10,0
16,3,60,4,"Meal planning has been a game-changer, as I only buy what I need, resulting in fewer leftovers.",0.48701298701298706,1,0,0.7058823529411765,0.0,17,12,0
16,3,60,5,"Additionally, I set up a small compost bin in my backyard.",0.5635245901639344,1,0,0.5454545454545454,0.0,11,6,0
16,3,60,6,It’s gratifying to know my food scraps are repurposed into something beneficial for the garden instead of ending up in a landfill.,0.4362670713201821,1,0,0.6363636363636364,0.0,22,14,0
20,8,30,0,"Traveling has always been one of my greatest passions, and over the years, I’ve learned that less truly is more when it comes to packing.",0.42098445595854916,1,0,0.88,0.0,25,22,0
20,8,30,1,Adopting a minimalist approach to travel has not only lightened my physical load but also enhanced my overall travel experience.,0.4480286738351254,1,0,0.8,0.0,20,16,0
20,8,30,2,The key is careful planning.,0.6377551020408163,1,0,0.6,0.0,5,3,0
20,8,30,3,"Before each trip, I list essentials, focusing on versatile clothing and multipurpose items.",0.5030959752321982,1,0,0.6923076923076923,0.0,13,9,0
20,8,30,4,"This allows me to pack everything into a single carry-on, avoiding the hassle of checked luggage and making it easier to navigate airports and cities.",0.4134860050890586,1,0,0.56,0.0,25,14,0
25,6,90,0,"In today’s hyper-connected world, taking a step back from constant digital engagement can feel challenging but profoundly rewarding.",0.4456327985739751,1,0,1.0,0.05555555555555555,18,18,1
25,6,90,1,"A digital detox doesn’t necessarily mean abandoning technology altogether; rather, it’s about finding a healthy balance.",0.4620123203285421,1,0,0.875,0.0,16,14,0
25,6,90,2,"I recently decided to implement a digital detox routine, where I set aside specific times during the day to disconnect from screens and reconnect with the physical world.",0.39637599093997733,1,0,0.75,0.0,28,21,0
25,6,90,3,"One change was establishing tech-free zones in my home, like the bedroom and dining area, which has improved my sleep and presence during meals.",0.4211590296495957,1,0,0.7083333333333334,0.0,24,17,0
25,6,90,4,I’ve also dedicated my mornings to analog activities like reading a book or taking a walk instead of reaching for my phone.,0.4409509202453987,1,0,0.5909090909090909,0.0,22,13,0
25,6,90,5,"The benefits have been noticeable—I feel more focused, less overwhelmed, and have more time for hobbies.",0.4807692307692307,1,0,0.8125,0.0,16,13,0
25,6,90,6,"If you’re considering a digital detox, start small by setting limits on social media or creating screen-free zones.",0.45955882352941174,1,0,0.6111111111111112,0.0,18,11,0
9,6,30,0,"In today’s hyper-connected world, taking a step back from constant digital engagement can feel challenging but profoundly rewarding.",0.4456327985739751,1,0,0.6111111111111112,0.05555555555555555,18,11,1
9,6,30,1,"A digital detox doesn’t necessarily mean abandoning technology altogether; rather, it’s about finding a healthy balance.",0.4620123203285421,1,0,0.875,0.0,16,14,0
9,6,30,2,"I recently decided to implement a digital detox routine, where I set aside specific times during the day to disconnect from screens and reconnect with the physical world.",0.39637599093997733,0,0,0.39285714285714285,0.0,28,11,0
9,6,30,3,"One change was establishing tech-free zones in my home, like the bedroom and dining area, which has improved my sleep and presence during meals.",0.4211590296495957,0,0,0.375,0.0,24,9,0
9,6,30,4,I’ve also dedicated my mornings to analog activities like reading a book or taking a walk instead of reaching for my phone.,0.4409509202453987,0,0,0.4090909090909091,0.0,22,9,0
9,6,30,5,"The benefits have been noticeable—I feel more focused, less overwhelmed, and have more time for hobbies.",0.4807692307692307,1,0,0.5,0.0,16,8,0
9,6,30,6,"If you’re considering a digital detox, start small by setting limits on social media or creating screen-free zones.",0.45955882352941174,1,0,0.5,0.0,18,9,0
16,4,60,0,"Hello, fitness enthusiasts!",0.5769230769230769,1,1,1.0,0.3333333333333333,3,3,1
16,4,60,1,I recently embarked on a new workout regimen and wanted to share a few insights that have helped me maintain consistency and stay motivated.,0.42613636363636365,0,0,0.16666666666666666,0.625,24,4,15
16,4,60,2,"Setting realistic, attainable goals has been essential.",0.550314465408805,1,0,0.8571428571428571,0.14285714285714285,7,6,1
16,4,60,3,"Instead of aiming for an intense workout daily, I’ve focused on incremental improvements, making progress more manageable and enjoyable.",0.4432624113475177,1,0,0.7894736842105263,0.0,19,15,0
16,4,60,4,"Another key factor has been having a workout partner, which has kept me accountable and added a social element, making exercise more fun.",0.43298192771084343,1,0,0.782608695652174,0.0,23,18,0
16,4,60,5,"We check in regularly, keeping us on track.",0.6024096385542168,1,0,1.0,0.25,8,8,2
16,4,60,6,"Finally, I’ve come to appreciate the importance of rest and recovery.",0.539568345323741,1,0,0.7272727272727273,0.0,11,8,0
16,4,60,7,Taking time to listen to my body and allow for proper rest days has actually enhanced my performance and overall well-being.,0.444264943457189,1,0,0.8095238095238095,0.0,21,17,0
16,4,60,8,"If you’re starting a new routine, remember that consistency is key, but balance is equally important.",0.48405466970387245,0,0,0.3125,0.0,16,5,0
27,5,30,0,Hello fellow readers!,0.625,0,0,0.3333333333333333,0.6666666666666666,3,1,2
27,5,30,1,"I wanted to share my thoughts on a remarkable book I just finished, The Journey Within.",0.5025125628140703,1,1,0.5625,0.5625,16,9,9
27,5,30,2,"This novel delves into themes of self-discovery and personal growth, exploring how the protagonist navigates complex emotional landscapes to understand themselves better.",0.41189111747851004,0,0,0.4090909090909091,0.36363636363636365,22,9,8
27,5,30,3,What struck me most was its ability to challenge my own perspectives.,0.5376344086021506,1,1,0.5,0.5833333333333334,12,6,7
27,5,30,4,"The author’s nuanced portrayal of the characters’ struggles felt incredibly authentic, prompting me to reflect on my own life decisions.",0.4404362416107382,1,0,0.65,0.1,20,13,2
27,5,30,5,It’s rare to find a book that entertains and prompts introspection.,0.5415162454873647,1,0,0.5454545454545454,0.0,11,6,0
27,5,30,6,I’m eager to hear what everyone has been reading lately.,0.565843621399177,1,0,0.5,0.0,10,5,0
27,5,30,7,Have you come across any books that left a lasting impression?,0.5522088353413654,0,0,0.36363636363636365,0.0,11,4,0
27,5,30,8,Let’s discuss our favorite reads and share recommendations.,0.5541871921182265,1,0,0.625,0.125,8,5,1
27,5,30,9,There’s something special about connecting over a good book and exchanging ideas with fellow literature lovers.,0.4711751662971175,1,0,0.6875,0.25,16,11,4
27,5,30,10,Looking forward to hearing your thoughts!,0.5859375,1,0,0.5,0.0,6,3,0
26,2,30,0,The city’s community garden project is expanding and will soon reach more neighborhoods.,0.5043227665706052,1,1,0.8461538461538461,0.6153846153846154,13,11,8
26,2,30,1,"This project, started five years ago, now has over 20 garden sites citywide.",0.5275974025974026,1,0,0.7692307692307693,0.15384615384615385,13,10,2
26,2,30,2,"The expansion will add five more gardens across the city, especially in areas needing them most.",0.49140049140049136,1,0,0.75,0.0,16,12,0
26,2,30,3,These gardens give residents a chance to grow fruits and vegetables.,0.5392156862745098,1,0,0.8181818181818182,0.0,11,9,0
26,2,30,4,"Community gardens are important, providing fresh food and a place for neighbors to gather.",0.5028735632183908,0,0,0.0,0.9285714285714286,14,0,13
26,2,30,5,"The new gardens will feature raised beds, composting stations, and water-saving systems.",0.5078125,1,0,1.0,0.0,12,12,0
26,2,30,6,Local volunteers will teach gardening classes to promote eco-friendly practices.,0.5149812734082397,1,0,0.7,0.0,10,7,0
26,2,30,7,"City officials are excited about the gardens' environmental benefits of these gardens, reducing the city’s carbon footprint by encouraging local food production.",0.4178779069767442,1,0,0.5909090909090909,0.0,22,13,0
10,7,30,0,"Cooking has always been something I needed to do every day, but recently, I’ve started seeing it as a way to relax and enjoy myself.",0.42372881355932196,1,0,0.6,0.04,25,15,1
10,7,30,1,"Mindful cooking means paying full attention while making a meal, focusing on each step, and enjoying the process rather than rushing.",0.44266441821247887,0,0,0.42857142857142855,0.5238095238095238,21,9,11
10,7,30,2,"I start by choosing fresh ingredients, noticing their colors, textures, and smells.",0.5172413793103449,1,0,0.6666666666666666,0.0,12,8,0
10,7,30,3,"As I cut, stir, and season, I pay attention to the sounds of vegetables cooking, the feel of the dough, and the aroma of spices.",0.43222683264177036,1,0,0.6,0.0,25,15,0
10,7,30,4,This way of cooking has changed how I feel about making food.,0.5535055350553506,1,0,0.5,0.0,12,6,0
10,7,30,5,"Now, instead of thinking of it as just another chore, I see it as a creative activity and a way to take care of myself.",0.43584379358437936,0,0,0.4,0.0,25,10,0
10,7,30,6,"It also makes the food taste better and more enjoyable, because each dish is made with care and attention.",0.47123015873015867,0,0,0.3684210526315789,0.0,19,7,0
5,4,60,0,"Hello, fitness enthusiasts!",0.5769230769230769,1,1,1.0,0.6666666666666666,3,3,2
5,4,60,1,I recently embarked on a new workout regimen and wanted to share a few insights that have helped me maintain consistency and stay motivated.,0.42613636363636365,1,1,0.7083333333333334,0.4583333333333333,24,17,11
5,4,60,2,"Setting realistic, attainable goals has been essential.",0.550314465408805,1,1,0.5714285714285714,0.7142857142857143,7,4,5
5,4,60,3,"Instead of aiming for an intense workout daily, I’ve focused on incremental improvements, making progress more manageable and enjoyable.",0.4432624113475177,1,0,0.8421052631578947,0.0,19,16,0
5,4,60,4,"Another key factor has been having a workout partner, which has kept me accountable and added a social element, making exercise more fun.",0.43298192771084343,1,0,0.5652173913043478,0.043478260869565216,23,13,1
5,4,60,5,"We check in regularly, keeping us on track.",0.6024096385542168,0,0,0.25,0.5,8,2,4
5,4,60,6,"Finally, I’ve come to appreciate the importance of rest and recovery.",0.539568345323741,1,1,0.5454545454545454,0.45454545454545453,11,6,5
5,4,60,7,Taking time to listen to my body and allow for proper rest days has actually enhanced my performance and overall well-being.,0.444264943457189,1,1,0.6666666666666666,0.6190476190476191,21,14,13
5,4,60,8,"If you’re starting a new routine, remember that consistency is key, but balance is equally important.",0.48405466970387245,1,1,0.8125,0.5,16,13,8
5,4,60,9,Let’s keep pushing towards our fitness goals together!,0.5681818181818182,1,0,0.75,0.0,8,6,0
11,3,30,0,"Lately, I am making an effort to incorporate more sustainable practices into my routine.",0.5057803468208092,1,1,0.5714285714285714,0.5,14,8,7
11,3,30,1,I first changed to reduce my reliance on single-use plastics.,0.5544354838709677,1,1,0.7,0.6,10,7,6
11,3,30,2,"Switching to reusable bags, containers, and produce bags has significantly cut the waste I generate.",0.48955613577023505,1,0,0.6,0.0,15,9,0
11,3,30,3,"I’ve also focused on minimizing food waste, which helps the environment and saves money.",0.5040322580645161,1,0,0.5,0.0,14,7,0
11,3,30,4,"Meal planning has been a game-changer, as I only buy what I need, resulting in fewer leftovers.",0.48701298701298706,0,0,0.35294117647058826,0.35294117647058826,17,6,6
11,3,30,5,"Additionally, I set up a small compost bin in my backyard.",0.5635245901639344,0,0,0.18181818181818182,0.09090909090909091,11,2,1
11,3,30,6,It’s gratifying to know my food scraps are repurposed into something beneficial for the garden instead of ending up in a landfill.,0.4362670713201821,0,0,0.45454545454545453,0.0,22,10,0
11,3,30,7,I’m curious how others are working towards sustainability.,0.556930693069307,0,0,0.125,0.375,8,1,3
11,3,30,8,What small changes you made that had a big impact?,0.5813953488372093,1,1,0.5,0.4,10,5,4
11,3,30,9,Let’s exchange ideas and support each other in making our community greener.,0.5241935483870968,0,0,0.3333333333333333,0.0,12,4,0
11,3,30,10,Even small actions can lead to larger positive change to our daily lives!,0.5293159609120521,0,0,0.38461538461538464,0.0,13,5,0
32,6,30,0,"In today’s hyper-connected world, taking a step back from constant digital engagement can feel challenging but profoundly rewarding.",0.4456327985739751,1,0,0.8333333333333334,0.0,18,15,0
32,6,30,1,"A digital detox doesn’t necessarily mean abandoning technology altogether; rather, it’s about finding a healthy balance.",0.4620123203285421,1,0,0.875,0.0,16,14,0
32,6,30,2,"I recently decided to implement a digital detox routine, where I set aside specific times during the day to disconnect from screens and reconnect with the physical world.",0.39637599093997733,1,0,0.75,0.0,28,21,0
20,5,60,0,Hello fellow readers!,0.625,1,1,1.0,1.0,3,3,3
20,5,60,1,"I wanted to share my thoughts on a remarkable book I just finished, The Journey Within.",0.5025125628140703,1,1,0.6875,0.375,16,11,6
20,5,60,2,"This novel delves into themes of self-discovery and personal growth, exploring how the protagonist navigates complex emotional landscapes to understand themselves better.",0.41189111747851004,1,0,0.8636363636363636,0.0,22,19,0
20,5,60,3,What struck me most was its ability to challenge my own perspectives.,0.5376344086021506,1,0,0.9166666666666666,0.0,12,11,0
20,5,60,4,"The author’s nuanced portrayal of the characters’ struggles felt incredibly authentic, prompting me to reflect on my own life decisions.",0.4404362416107382,1,0,0.9,0.0,20,18,0
20,5,60,5,It’s rare to find a book that entertains and prompts introspection.,0.5415162454873647,1,0,0.6363636363636364,0.0,11,7,0
20,5,60,6,I’m eager to hear what everyone has been reading lately.,0.565843621399177,1,0,0.7,0.0,10,7,0
20,5,60,7,Have you come across any books that left a lasting impression?,0.5522088353413654,0,0,0.45454545454545453,0.0,11,5,0
20,5,60,8,Let’s discuss our favorite reads and share recommendations.,0.5541871921182265,1,0,0.625,0.125,8,5,1
20,5,60,9,There’s something special about connecting over a good book and exchanging ideas with fellow literature lovers.,0.4711751662971175,1,0,0.5,0.125,16,8,2
20,5,60,10,Looking forward to hearing your thoughts!,0.5859375,0,0,0.16666666666666666,0.0,6,1,0
8,2,30,0,The city’s community garden project is expanding and will soon reach more neighborhoods.,0.5043227665706052,1,1,0.7692307692307693,1.0,13,10,13
8,2,30,1,"This project, started five years ago, now has over 20 garden sites citywide.",0.5275974025974026,1,0,0.8461538461538461,0.15384615384615385,13,11,2
8,2,30,2,"The expansion will add five more gardens across the city, especially in areas needing them most.",0.49140049140049136,1,0,0.8125,0.0,16,13,0
8,2,30,3,These gardens give residents a chance to grow fruits and vegetables.,0.5392156862745098,1,0,0.6363636363636364,0.0,11,7,0
8,2,30,4,"Community gardens are important, providing fresh food and a place for neighbors to gather.",0.5028735632183908,0,0,0.0,0.6428571428571429,14,0,9
8,2,30,5,"The new gardens will feature raised beds, composting stations, and water-saving systems.",0.5078125,0,0,0.4166666666666667,0.0,12,5,0
8,7,90,0,"Cooking has always been something I needed to do every day, but recently, I’ve started seeing it as a way to relax and enjoy myself.",0.42372881355932196,1,1,0.96,0.96,25,24,24
8,7,90,1,"Mindful cooking means paying full attention while making a meal, focusing on each step, and enjoying the process rather than rushing.",0.44266441821247887,1,1,0.8095238095238095,0.9523809523809523,21,17,20
8,7,90,2,"I start by choosing fresh ingredients, noticing their colors, textures, and smells.",0.5172413793103449,1,1,0.75,0.8333333333333334,12,9,10
8,7,90,3,"As I cut, stir, and season, I pay attention to the sounds of vegetables cooking, the feel of the dough, and the aroma of spices.",0.43222683264177036,1,1,0.6,0.56,25,15,14
8,7,90,4,This way of cooking has changed how I feel about making food.,0.5535055350553506,1,1,0.75,0.75,12,9,9
8,7,90,5,"Now, instead of thinking of it as just another chore, I see it as a creative activity and a way to take care of myself.",0.43584379358437936,1,1,0.64,0.56,25,16,14
8,7,90,6,"It also makes the food taste better and more enjoyable, because each dish is made with care and attention.",0.47123015873015867,1,0,0.5263157894736842,0.0,19,10,0
8,6,90,0,"In today’s hyper-connected world, taking a step back from constant digital engagement can feel challenging but profoundly rewarding.",0.4456327985739751,1,1,0.7222222222222222,0.8888888888888888,18,13,16
8,6,90,1,"A digital detox doesn’t necessarily mean abandoning technology altogether; rather, it’s about finding a healthy balance.",0.4620123203285421,0,0,0.3125,0.875,16,5,14
8,6,90,2,"I recently decided to implement a digital detox routine, where I set aside specific times during the day to disconnect from screens and reconnect with the physical world.",0.39637599093997733,1,1,0.6785714285714286,0.7857142857142857,28,19,22
8,6,90,3,"One change was establishing tech-free zones in my home, like the bedroom and dining area, which has improved my sleep and presence during meals.",0.4211590296495957,1,1,0.75,0.6666666666666666,24,18,16
8,6,90,4,I’ve also dedicated my mornings to analog activities like reading a book or taking a walk instead of reaching for my phone.,0.4409509202453987,1,0,0.7272727272727273,0.18181818181818182,22,16,4
8,6,90,5,"The benefits have been noticeable—I feel more focused, less overwhelmed, and have more time for hobbies.",0.4807692307692307,1,0,0.8125,0.0,16,13,0
8,6,90,6,"If you’re considering a digital detox, start small by setting limits on social media or creating screen-free zones.",0.45955882352941174,1,0,0.8333333333333334,0.0,18,15,0
32,0,90,0,The city has announced an expansion of its public bicycle program to meet growing demand for eco-friendly transportation.,0.4567307692307693,1,0,0.7777777777777778,0.2777777777777778,18,14,5
32,0,90,1,"Starting next month, 500 new bikes will be added to the fleet, and new docking stations will be installed across key areas.",0.4464285714285714,1,0,0.7727272727272727,0.045454545454545456,22,17,1
32,0,90,2,"Launched three years ago, the program has seen significant growth, with daily ridership up by 20% in the past year.",0.46125461254612543,1,1,0.65,0.3,20,13,6
32,0,90,3,"City officials believe the expansion will encourage more residents to bike rather than drive, especially for short trips.",0.4601226993865031,1,0,0.7222222222222222,0.05555555555555555,18,13,1
32,0,90,4,"The new bikes have GPS tracking and improved safety features, including reflective strips and better lighting.",0.4750593824228029,1,0,0.875,0.25,16,14,4
32,0,90,5,"Additionally, the city will launch a public awareness campaign to promote safe biking practices, including workshops and free helmets.",0.4472693032015066,1,1,0.8947368421052632,0.42105263157894735,19,17,8
32,0,90,6,The goal is to reduce traffic congestion and pollution while promoting a healthier lifestyle.,0.4971590909090909,1,0,0.9285714285714286,0.21428571428571427,14,13,3
32,0,90,7,"With these initiatives, the city hopes to lead in sustainable urban transportation.",0.5136986301369862,1,0,0.6666666666666666,0.0,12,8,0
27,0,90,0,The city has announced an expansion of its public bicycle program to meet growing demand for eco-friendly transportation.,0.4567307692307693,1,1,0.5555555555555556,0.7222222222222222,18,10,13
27,0,90,1,"Starting next month, 500 new bikes will be added to the fleet, and new docking stations will be installed across key areas.",0.4464285714285714,1,1,0.5454545454545454,0.7727272727272727,22,12,17
27,0,90,2,"Launched three years ago, the program has seen significant growth, with daily ridership up by 20% in the past year.",0.46125461254612543,1,1,0.5,0.6,20,10,12
27,0,90,3,"City officials believe the expansion will encourage more residents to bike rather than drive, especially for short trips.",0.4601226993865031,1,1,0.7222222222222222,0.7777777777777778,18,13,14
27,0,90,4,"The new bikes have GPS tracking and improved safety features, including reflective strips and better lighting.",0.4750593824228029,1,1,0.75,0.6875,16,12,11
27,0,90,5,"Additionally, the city will launch a public awareness campaign to promote safe biking practices, including workshops and free helmets.",0.4472693032015066,1,1,0.631578947368421,0.631578947368421,19,12,12
27,0,90,6,The goal is to reduce traffic congestion and pollution while promoting a healthier lifestyle.,0.4971590909090909,1,1,0.5,0.7857142857142857,14,7,11
27,0,90,7,"With these initiatives, the city hopes to lead in sustainable urban transportation.",0.5136986301369862,1,0,1.0,0.0,12,12,0
15,3,90,0,"Lately, I am making an effort to incorporate more sustainable practices into my routine.",0.5057803468208092,1,1,0.6428571428571429,0.7857142857142857,14,9,11
15,3,90,1,I first changed to reduce my reliance on single-use plastics.,0.5544354838709677,1,1,0.6,0.8,10,6,8
15,3,90,2,"Switching to reusable bags, containers, and produce bags has significantly cut the waste I generate.",0.48955613577023505,1,1,0.5333333333333333,0.6,15,8,9
15,3,90,3,"I’ve also focused on minimizing food waste, which helps the environment and saves money.",0.5040322580645161,1,0,0.7857142857142857,0.07142857142857142,14,11,1
15,3,90,4,"Meal planning has been a game-changer, as I only buy what I need, resulting in fewer leftovers.",0.48701298701298706,1,0,0.6470588235294118,0.23529411764705882,17,11,4
15,3,90,5,"Additionally, I set up a small compost bin in my backyard.",0.5635245901639344,1,1,0.6363636363636364,0.36363636363636365,11,7,4
15,3,90,6,It’s gratifying to know my food scraps are repurposed into something beneficial for the garden instead of ending up in a landfill.,0.4362670713201821,1,1,0.6363636363636364,0.4090909090909091,22,14,9
15,3,90,7,I’m curious how others are working towards sustainability.,0.556930693069307,1,1,0.75,0.625,8,6,5
15,3,90,8,What small changes you made that had a big impact?,0.5813953488372093,1,0,0.6,0.1,10,6,1
15,3,90,9,Let’s exchange ideas and support each other in making our community greener.,0.5241935483870968,0,0,0.25,0.25,12,3,3
15,3,90,10,Even small actions can lead to larger positive change to our daily lives!,0.5293159609120521,1,0,0.7692307692307693,0.0,13,10,0
8,5,90,0,Hello fellow readers!,0.625,1,1,1.0,1.0,3,3,3
8,5,90,1,"I wanted to share my thoughts on a remarkable book I just finished, The Journey Within.",0.5025125628140703,1,1,0.5625,0.9375,16,9,15
8,5,90,2,"This novel delves into themes of self-discovery and personal growth, exploring how the protagonist navigates complex emotional landscapes to understand themselves better.",0.41189111747851004,1,1,0.9090909090909091,0.3181818181818182,22,20,7
8,5,90,3,What struck me most was its ability to challenge my own perspectives.,0.5376344086021506,1,0,0.75,0.16666666666666666,12,9,2
8,5,90,4,"The author’s nuanced portrayal of the characters’ struggles felt incredibly authentic, prompting me to reflect on my own life decisions.",0.4404362416107382,1,0,0.75,0.25,20,15,5
8,5,90,5,It’s rare to find a book that entertains and prompts introspection.,0.5415162454873647,1,0,0.8181818181818182,0.09090909090909091,11,9,1
8,5,90,6,I’m eager to hear what everyone has been reading lately.,0.565843621399177,1,0,0.8,0.1,10,8,1
8,5,90,7,Have you come across any books that left a lasting impression?,0.5522088353413654,1,1,0.7272727272727273,0.9090909090909091,11,8,10
8,5,90,8,Let’s discuss our favorite reads and share recommendations.,0.5541871921182265,1,1,1.0,1.0,8,8,8
8,5,90,9,There’s something special about connecting over a good book and exchanging ideas with fellow literature lovers.,0.4711751662971175,1,0,0.5,0.0,16,8,0
8,1,60,0,"A local high school has launched a robotics program to inspire students to explore careers in science, technology, engineering, and mathematics (STEM).",0.4290171606864274,1,0,1.0,0.0,22,22,0
8,1,60,1,"The program, which began this week, offers hands-on experience in designing and building robots, along with lessons in coding, electronics, and problem-solving.",0.41724617524339364,1,0,0.8181818181818182,0.0,22,18,0
8,1,60,2,The school partnered with local tech companies to provide resources and mentorship.,0.5119453924914675,1,0,0.75,0.16666666666666666,12,9,2
8,1,60,3,Students will also have the opportunity to compete in regional and national robotics competitions.,0.49019607843137253,1,0,0.9285714285714286,0.2857142857142857,14,13,4
8,1,60,4,"The principal expressed enthusiasm, stating it provides a unique chance for students to engage with cutting-edge technology.",0.4573170731707317,1,0,0.9411764705882353,0.0,17,16,0
8,1,60,5,"Parents support the initiative, noting it prepares students for careers in a rapidly evolving job market.",0.4807692307692307,1,1,0.8125,0.3125,16,13,5
8,1,60,6,"The program is expected to grow, with plans for advanced courses and summer camps.",0.5147058823529412,1,0,0.7857142857142857,0.07142857142857142,14,11,1
8,1,60,7,"By investing in STEM education, the school aims to empower students to become innovators and leaders in technology.",0.46583850931677023,1,0,0.6111111111111112,0.0,18,11,0
5,5,90,0,Hello fellow readers!,0.625,1,1,1.0,1.0,3,3,3
5,5,90,1,"I wanted to share my thoughts on a remarkable book I just finished, The Journey Within.",0.5025125628140703,1,1,0.625,0.8125,16,10,13
5,5,90,2,"This novel delves into themes of self-discovery and personal growth, exploring how the protagonist navigates complex emotional landscapes to understand themselves better.",0.41189111747851004,1,1,0.7727272727272727,0.45454545454545453,22,17,10
5,5,90,3,What struck me most was its ability to challenge my own perspectives.,0.5376344086021506,0,0,0.4166666666666667,0.6666666666666666,12,5,8
5,5,90,4,"The author’s nuanced portrayal of the characters’ struggles felt incredibly authentic, prompting me to reflect on my own life decisions.",0.4404362416107382,1,1,0.8,0.4,20,16,8
5,5,90,5,It’s rare to find a book that entertains and prompts introspection.,0.5415162454873647,1,1,0.8181818181818182,0.6363636363636364,11,9,7
5,5,90,6,I’m eager to hear what everyone has been reading lately.,0.565843621399177,1,1,0.9,0.9,10,9,9
5,5,90,7,Have you come across any books that left a lasting impression?,0.5522088353413654,1,1,0.9090909090909091,0.6363636363636364,11,10,7
5,5,90,8,Let’s discuss our favorite reads and share recommendations.,0.5541871921182265,1,0,0.875,0.125,8,7,1
5,5,90,9,There’s something special about connecting over a good book and exchanging ideas with fellow literature lovers.,0.4711751662971175,1,1,0.9375,0.5625,16,15,9
5,5,90,10,Looking forward to hearing your thoughts!,0.5859375,1,0,1.0,0.0,6,6,0
32,5,30,0,Hello fellow readers!,0.625,1,1,1.0,1.0,3,3,3
32,5,30,1,"I wanted to share my thoughts on a remarkable book I just finished, The Journey Within.",0.5025125628140703,1,0,0.8125,0.0,16,13,0
32,5,30,2,"This novel delves into themes of self-discovery and personal growth, exploring how the protagonist navigates complex emotional landscapes to understand themselves better.",0.41189111747851004,1,0,0.9090909090909091,0.0,22,20,0
32,5,30,3,What struck me most was its ability to challenge my own perspectives.,0.5376344086021506,1,0,0.5833333333333334,0.0,12,7,0
32,5,30,4,"The author’s nuanced portrayal of the characters’ struggles felt incredibly authentic, prompting me to reflect on my own life decisions.",0.4404362416107382,0,0,0.05,0.0,20,1,0
9,8,90,0,"Traveling has always been one of my greatest passions, and over the years, I’ve learned that less truly is more when it comes to packing.",0.42098445595854916,1,1,0.6,0.8,25,15,20
9,8,90,1,Adopting a minimalist approach to travel has not only lightened my physical load but also enhanced my overall travel experience.,0.4480286738351254,1,1,0.7,0.7,20,14,14
9,8,90,2,The key is careful planning.,0.6377551020408163,1,1,0.6,1.0,5,3,5
9,8,90,3,"Before each trip, I list essentials, focusing on versatile clothing and multipurpose items.",0.5030959752321982,1,1,0.6923076923076923,0.38461538461538464,13,9,5
9,8,90,4,"This allows me to pack everything into a single carry-on, avoiding the hassle of checked luggage and making it easier to navigate airports and cities.",0.4134860050890586,1,1,0.72,0.56,25,18,14
9,8,90,5,Traveling light encourages a mindful experience.,0.5555555555555556,0,0,0.16666666666666666,1.0,6,1,6
9,8,90,6,"With fewer possessions to worry about, I can fully immerse myself in the destination, appreciating the culture and scenery without distractions.",0.43460264900662254,0,0,0.47619047619047616,0.6666666666666666,21,10,14
9,8,90,7,"It has also taught me to value experiences over things, as the memories I create during my travels far outweigh any material items I might collect along the way.",0.3966083150984683,0,0,0.4827586206896552,0.0,29,14,0
31,1,60,0,"A local high school has launched a robotics program to inspire students to explore careers in science, technology, engineering, and mathematics (STEM).",0.4290171606864274,1,1,0.8181818181818182,0.5454545454545454,22,18,12
31,1,60,1,"The program, which began this week, offers hands-on experience in designing and building robots, along with lessons in coding, electronics, and problem-solving.",0.41724617524339364,1,1,0.7727272727272727,0.36363636363636365,22,17,8
31,1,60,2,The school partnered with local tech companies to provide resources and mentorship.,0.5119453924914675,1,1,0.6666666666666666,0.5,12,8,6
31,1,60,3,Students will also have the opportunity to compete in regional and national robotics competitions.,0.49019607843137253,1,0,0.7142857142857143,0.21428571428571427,14,10,3
31,1,60,4,"The principal expressed enthusiasm, stating it provides a unique chance for students to engage with cutting-edge technology.",0.4573170731707317,0,0,0.23529411764705882,0.35294117647058826,17,4,6
31,1,60,5,"Parents support the initiative, noting it prepares students for careers in a rapidly evolving job market.",0.4807692307692307,1,0,0.8125,0.0,16,13,0
31,1,60,6,"The program is expected to grow, with plans for advanced courses and summer camps.",0.5147058823529412,1,0,0.9285714285714286,0.0,14,13,0
31,1,60,7,"By investing in STEM education, the school aims to empower students to become innovators and leaders in technology.",0.46583850931677023,1,0,0.5555555555555556,0.0,18,10,0
5,3,60,0,"Lately, I am making an effort to incorporate more sustainable practices into my routine.",0.5057803468208092,1,1,0.6428571428571429,1.0,14,9,14
5,3,60,1,I first changed to reduce my reliance on single-use plastics.,0.5544354838709677,1,1,1.0,0.9,10,10,9
5,3,60,2,"Switching to reusable bags, containers, and produce bags has significantly cut the waste I generate.",0.48955613577023505,0,0,0.4666666666666667,0.2,15,7,3
5,3,60,3,"I’ve also focused on minimizing food waste, which helps the environment and saves money.",0.5040322580645161,0,0,0.42857142857142855,0.0,14,6,0
5,3,60,4,"Meal planning has been a game-changer, as I only buy what I need, resulting in fewer leftovers.",0.48701298701298706,1,0,0.6470588235294118,0.058823529411764705,17,11,1
5,3,60,5,"Additionally, I set up a small compost bin in my backyard.",0.5635245901639344,1,1,0.8181818181818182,0.45454545454545453,11,9,5
5,3,60,6,It’s gratifying to know my food scraps are repurposed into something beneficial for the garden instead of ending up in a landfill.,0.4362670713201821,0,0,0.2727272727272727,0.3181818181818182,22,6,7
5,3,60,7,I’m curious how others are working towards sustainability.,0.556930693069307,0,0,0.125,0.75,8,1,6
5,3,60,8,What small changes you made that had a big impact?,0.5813953488372093,0,0,0.2,0.5,10,2,5
5,3,60,9,Let’s exchange ideas and support each other in making our community greener.,0.5241935483870968,1,0,0.6666666666666666,0.0,12,8,0
5,3,60,10,Even small actions can lead to larger positive change to our daily lives!,0.5293159609120521,1,0,0.5384615384615384,0.0,13,7,0
21,5,90,0,Hello fellow readers!,0.625,1,1,0.6666666666666666,1.0,3,2,3
21,5,90,1,"I wanted to share my thoughts on a remarkable book I just finished, The Journey Within.",0.5025125628140703,1,1,0.5,0.9375,16,8,15
21,5,90,2,"This novel delves into themes of self-discovery and personal growth, exploring how the protagonist navigates complex emotional landscapes to understand themselves better.",0.41189111747851004,1,1,0.5454545454545454,0.8181818181818182,22,12,18
21,5,90,3,What struck me most was its ability to challenge my own perspectives.,0.5376344086021506,1,1,0.5833333333333334,0.8333333333333334,12,7,10
21,5,90,4,"The author’s nuanced portrayal of the characters’ struggles felt incredibly authentic, prompting me to reflect on my own life decisions.",0.4404362416107382,1,1,0.7,0.55,20,14,11
21,5,90,5,It’s rare to find a book that entertains and prompts introspection.,0.5415162454873647,0,0,0.45454545454545453,0.8181818181818182,11,5,9
21,5,90,6,I’m eager to hear what everyone has been reading lately.,0.565843621399177,1,0,0.5,0.0,10,5,0
21,5,90,7,Have you come across any books that left a lasting impression?,0.5522088353413654,0,0,0.09090909090909091,0.0,11,1,0
21,5,90,8,Let’s discuss our favorite reads and share recommendations.,0.5541871921182265,1,0,0.5,0.25,8,4,2
21,5,90,9,There’s something special about connecting over a good book and exchanging ideas with fellow literature lovers.,0.4711751662971175,1,1,0.6875,0.375,16,11,6
21,5,90,10,Looking forward to hearing your thoughts!,0.5859375,0,0,0.16666666666666666,0.0,6,1,0
26,8,60,0,"Traveling has always been one of my greatest passions, and over the years, I’ve learned that less truly is more when it comes to packing.",0.42098445595854916,1,0,0.88,0.12,25,22,3
26,8,60,1,Adopting a minimalist approach to travel has not only lightened my physical load but also enhanced my overall travel experience.,0.4480286738351254,1,1,0.55,0.7,20,11,14
26,8,60,2,The key is careful planning.,0.6377551020408163,0,0,0.0,0.8,5,0,4
26,8,60,3,"Before each trip, I list essentials, focusing on versatile clothing and multipurpose items.",0.5030959752321982,1,0,0.9230769230769231,0.0,13,12,0
26,8,60,4,"This allows me to pack everything into a single carry-on, avoiding the hassle of checked luggage and making it easier to navigate airports and cities.",0.4134860050890586,1,0,0.64,0.0,25,16,0
26,8,60,5,Traveling light encourages a mindful experience.,0.5555555555555556,1,1,1.0,0.3333333333333333,6,6,2
26,8,60,6,"With fewer possessions to worry about, I can fully immerse myself in the destination, appreciating the culture and scenery without distractions.",0.43460264900662254,1,0,0.8095238095238095,0.19047619047619047,21,17,4
26,8,60,7,"It has also taught me to value experiences over things, as the memories I create during my travels far outweigh any material items I might collect along the way.",0.3966083150984683,1,0,0.6551724137931034,0.0,29,19,0
18,7,30,0,"Cooking has always been something I needed to do every day, but recently, I’ve started seeing it as a way to relax and enjoy myself.",0.42372881355932196,1,0,0.68,0.0,25,17,0
18,7,30,1,"Mindful cooking means paying full attention while making a meal, focusing on each step, and enjoying the process rather than rushing.",0.44266441821247887,1,0,0.5238095238095238,0.19047619047619047,21,11,4
18,7,30,2,"I start by choosing fresh ingredients, noticing their colors, textures, and smells.",0.5172413793103449,1,0,0.75,0.0,12,9,0
18,7,30,3,"As I cut, stir, and season, I pay attention to the sounds of vegetables cooking, the feel of the dough, and the aroma of spices.",0.43222683264177036,0,0,0.44,0.0,25,11,0
18,7,30,4,This way of cooking has changed how I feel about making food.,0.5535055350553506,1,0,0.5833333333333334,0.0,12,7,0
18,7,30,5,"Now, instead of thinking of it as just another chore, I see it as a creative activity and a way to take care of myself.",0.43584379358437936,1,0,0.6,0.0,25,15,0
18,7,30,6,"It also makes the food taste better and more enjoyable, because each dish is made with care and attention.",0.47123015873015867,0,0,0.47368421052631576,0.0,19,9,0
15,0,30,0,The city has announced an expansion of its public bicycle program to meet growing demand for eco-friendly transportation.,0.4567307692307693,1,1,0.7777777777777778,0.3888888888888889,18,14,7
15,0,30,1,"Starting next month, 500 new bikes will be added to the fleet, and new docking stations will be installed across key areas.",0.4464285714285714,1,0,0.5909090909090909,0.0,22,13,0
15,0,30,2,"Launched three years ago, the program has seen significant growth, with daily ridership up by 20% in the past year.",0.46125461254612543,1,0,0.55,0.0,20,11,0
15,0,30,3,"City officials believe the expansion will encourage more residents to bike rather than drive, especially for short trips.",0.4601226993865031,0,0,0.3888888888888889,0.0,18,7,0
15,0,30,4,"The new bikes have GPS tracking and improved safety features, including reflective strips and better lighting.",0.4750593824228029,1,0,0.625,0.0,16,10,0
15,0,30,5,"Additionally, the city will launch a public awareness campaign to promote safe biking practices, including workshops and free helmets.",0.4472693032015066,0,0,0.47368421052631576,0.0,19,9,0
10,8,30,0,"Traveling has always been one of my greatest passions, and over the years, I’ve learned that less truly is more when it comes to packing.",0.42098445595854916,0,0,0.44,0.08,25,11,2
10,8,30,1,Adopting a minimalist approach to travel has not only lightened my physical load but also enhanced my overall travel experience.,0.4480286738351254,0,0,0.4,0.7,20,8,14
10,8,30,2,The key is careful planning.,0.6377551020408163,0,0,0.0,0.6,5,0,3
10,8,30,3,"Before each trip, I list essentials, focusing on versatile clothing and multipurpose items.",0.5030959752321982,1,0,0.7692307692307693,0.15384615384615385,13,10,2
10,8,30,4,"This allows me to pack everything into a single carry-on, avoiding the hassle of checked luggage and making it easier to navigate airports and cities.",0.4134860050890586,0,0,0.48,0.04,25,12,1
10,8,30,5,Traveling light encourages a mindful experience.,0.5555555555555556,1,0,0.6666666666666666,0.0,6,4,0
10,8,30,6,"With fewer possessions to worry about, I can fully immerse myself in the destination, appreciating the culture and scenery without distractions.",0.43460264900662254,0,0,0.38095238095238093,0.047619047619047616,21,8,1
10,8,30,7,"It has also taught me to value experiences over things, as the memories I create during my travels far outweigh any material items I might collect along the way.",0.3966083150984683,0,0,0.3448275862068966,0.0,29,10,0
12,5,30,0,Hello fellow readers!,0.625,1,0,1.0,0.0,3,3,0
12,5,30,1,"I wanted to share my thoughts on a remarkable book I just finished, The Journey Within.",0.5025125628140703,1,0,0.6875,0.0,16,11,0
12,5,30,2,"This novel delves into themes of self-discovery and personal growth, exploring how the protagonist navigates complex emotional landscapes to understand themselves better.",0.41189111747851004,1,0,0.6363636363636364,0.22727272727272727,22,14,5
12,5,30,3,What struck me most was its ability to challenge my own perspectives.,0.5376344086021506,1,0,0.75,0.0,12,9,0
12,5,30,4,"The author’s nuanced portrayal of the characters’ struggles felt incredibly authentic, prompting me to reflect on my own life decisions.",0.4404362416107382,0,0,0.3,0.05,20,6,1
12,5,30,5,It’s rare to find a book that entertains and prompts introspection.,0.5415162454873647,1,0,0.7272727272727273,0.0,11,8,0
12,5,30,6,I’m eager to hear what everyone has been reading lately.,0.565843621399177,1,0,0.6,0.0,10,6,0
12,5,30,7,Have you come across any books that left a lasting impression?,0.5522088353413654,0,0,0.45454545454545453,0.0,11,5,0
12,5,30,8,Let’s discuss our favorite reads and share recommendations.,0.5541871921182265,1,0,0.5,0.0,8,4,0
12,5,30,9,There’s something special about connecting over a good book and exchanging ideas with fellow literature lovers.,0.4711751662971175,0,0,0.3125,0.0,16,5,0
12,5,30,10,Looking forward to hearing your thoughts!,0.5859375,0,0,0.3333333333333333,0.0,6,2,0
20,4,90,0,"Hello, fitness enthusiasts!",0.5769230769230769,1,1,1.0,1.0,3,3,3
20,4,90,1,I recently embarked on a new workout regimen and wanted to share a few insights that have helped me maintain consistency and stay motivated.,0.42613636363636365,1,1,0.9583333333333334,0.75,24,23,18
20,4,90,2,"Setting realistic, attainable goals has been essential.",0.550314465408805,1,1,0.8571428571428571,0.7142857142857143,7,6,5
20,4,90,3,"Instead of aiming for an intense workout daily, I’ve focused on incremental improvements, making progress more manageable and enjoyable.",0.4432624113475177,1,1,0.9473684210526315,0.7368421052631579,19,18,14
20,4,90,4,"Another key factor has been having a workout partner, which has kept me accountable and added a social element, making exercise more fun.",0.43298192771084343,1,0,0.7391304347826086,0.0,23,17,0
20,4,90,5,"We check in regularly, keeping us on track.",0.6024096385542168,1,0,0.75,0.0,8,6,0
20,4,90,6,"Finally, I’ve come to appreciate the importance of rest and recovery.",0.539568345323741,1,0,0.7272727272727273,0.0,11,8,0
20,4,90,7,Taking time to listen to my body and allow for proper rest days has actually enhanced my performance and overall well-being.,0.444264943457189,1,0,0.5714285714285714,0.0,21,12,0
20,4,90,8,"If you’re starting a new routine, remember that consistency is key, but balance is equally important.",0.48405466970387245,1,0,0.5625,0.125,16,9,2
20,4,90,9,Let’s keep pushing towards our fitness goals together!,0.5681818181818182,1,0,0.625,0.0,8,5,0
19,7,90,0,"Cooking has always been something I needed to do every day, but recently, I’ve started seeing it as a way to relax and enjoy myself.",0.42372881355932196,1,1,0.96,0.96,25,24,24
19,7,90,1,"Mindful cooking means paying full attention while making a meal, focusing on each step, and enjoying the process rather than rushing.",0.44266441821247887,1,1,0.8095238095238095,0.7142857142857143,21,17,15
19,7,90,2,"I start by choosing fresh ingredients, noticing their colors, textures, and smells.",0.5172413793103449,1,1,0.8333333333333334,0.5833333333333334,12,10,7
19,7,90,3,"As I cut, stir, and season, I pay attention to the sounds of vegetables cooking, the feel of the dough, and the aroma of spices.",0.43222683264177036,0,0,0.2,0.8,25,5,20
19,7,90,4,This way of cooking has changed how I feel about making food.,0.5535055350553506,1,1,0.8333333333333334,0.5,12,10,6
19,7,90,5,"Now, instead of thinking of it as just another chore, I see it as a creative activity and a way to take care of myself.",0.43584379358437936,1,1,0.72,0.56,25,18,14
19,7,90,6,"It also makes the food taste better and more enjoyable, because each dish is made with care and attention.",0.47123015873015867,1,0,0.7894736842105263,0.0,19,15,0
30,4,30,0,"Hello, fitness enthusiasts!",0.5769230769230769,1,0,1.0,0.0,3,3,0
30,4,30,1,I recently embarked on a new workout regimen and wanted to share a few insights that have helped me maintain consistency and stay motivated.,0.42613636363636365,1,0,0.5833333333333334,0.0,24,14,0
30,4,30,2,"Setting realistic, attainable goals has been essential.",0.550314465408805,1,0,0.7142857142857143,0.0,7,5,0
30,4,30,3,"Instead of aiming for an intense workout daily, I’ve focused on incremental improvements, making progress more manageable and enjoyable.",0.4432624113475177,1,0,0.631578947368421,0.10526315789473684,19,12,2
30,4,30,4,"Another key factor has been having a workout partner, which has kept me accountable and added a social element, making exercise more fun.",0.43298192771084343,1,0,0.6521739130434783,0.0,23,15,0
30,4,30,5,"We check in regularly, keeping us on track.",0.6024096385542168,1,0,0.625,0.0,8,5,0
30,4,30,6,"Finally, I’ve come to appreciate the importance of rest and recovery.",0.539568345323741,0,0,0.36363636363636365,0.0,11,4,0
30,4,30,7,Taking time to listen to my body and allow for proper rest days has actually enhanced my performance and overall well-being.,0.444264943457189,1,0,0.5238095238095238,0.0,21,11,0
30,4,30,8,"If you’re starting a new routine, remember that consistency is key, but balance is equally important.",0.48405466970387245,0,0,0.1875,0.0,16,3,0
23,0,30,0,The city has announced an expansion of its public bicycle program to meet growing demand for eco-friendly transportation.,0.4567307692307693,1,0,0.7222222222222222,0.16666666666666666,18,13,3
23,0,30,1,"Starting next month, 500 new bikes will be added to the fleet, and new docking stations will be installed across key areas.",0.4464285714285714,0,0,0.45454545454545453,0.0,22,10,0
23,0,30,2,"Launched three years ago, the program has seen significant growth, with daily ridership up by 20% in the past year.",0.46125461254612543,1,0,0.55,0.0,20,11,0
23,0,30,3,"City officials believe the expansion will encourage more residents to bike rather than drive, especially for short trips.",0.4601226993865031,1,0,0.6111111111111112,0.0,18,11,0
23,0,30,4,"The new bikes have GPS tracking and improved safety features, including reflective strips and better lighting.",0.4750593824228029,0,0,0.4375,0.3125,16,7,5
23,0,30,5,"Additionally, the city will launch a public awareness campaign to promote safe biking practices, including workshops and free helmets.",0.4472693032015066,1,0,0.5263157894736842,0.0,19,10,0
23,0,30,6,The goal is to reduce traffic congestion and pollution while promoting a healthier lifestyle.,0.4971590909090909,1,0,0.5714285714285714,0.14285714285714285,14,8,2
23,0,30,7,"With these initiatives, the city hopes to lead in sustainable urban transportation.",0.5136986301369862,1,0,0.5833333333333334,0.0,12,7,0
24,2,30,0,The city’s community garden project is expanding and will soon reach more neighborhoods.,0.5043227665706052,1,1,0.8461538461538461,0.6153846153846154,13,11,8
24,2,30,1,"This project, started five years ago, now has over 20 garden sites citywide.",0.5275974025974026,1,0,0.7692307692307693,0.07692307692307693,13,10,1
24,2,30,2,"The expansion will add five more gardens across the city, especially in areas needing them most.",0.49140049140049136,1,0,0.6875,0.0,16,11,0
24,2,30,3,These gardens give residents a chance to grow fruits and vegetables.,0.5392156862745098,1,0,0.6363636363636364,0.0,11,7,0
24,2,30,4,"Community gardens are important, providing fresh food and a place for neighbors to gather.",0.5028735632183908,0,0,0.0,0.7857142857142857,14,0,11
24,2,30,5,"The new gardens will feature raised beds, composting stations, and water-saving systems.",0.5078125,1,0,0.6666666666666666,0.0,12,8,0
24,2,30,6,Local volunteers will teach gardening classes to promote eco-friendly practices.,0.5149812734082397,1,0,0.7,0.0,10,7,0
24,2,30,7,"City officials are excited about the gardens' environmental benefits of these gardens, reducing the city’s carbon footprint by encouraging local food production.",0.4178779069767442,1,0,0.5,0.0,22,11,0
14,3,60,0,"Lately, I am making an effort to incorporate more sustainable practices into my routine.",0.5057803468208092,1,1,0.7142857142857143,0.7142857142857143,14,10,10
14,3,60,1,I first changed to reduce my reliance on single-use plastics.,0.5544354838709677,1,1,0.8,0.4,10,8,4
14,3,60,2,"Switching to reusable bags, containers, and produce bags has significantly cut the waste I generate.",0.48955613577023505,1,1,0.6666666666666666,0.4666666666666667,15,10,7
14,3,60,3,"I’ve also focused on minimizing food waste, which helps the environment and saves money.",0.5040322580645161,1,1,0.7142857142857143,0.5,14,10,7
14,3,60,4,"Meal planning has been a game-changer, as I only buy what I need, resulting in fewer leftovers.",0.48701298701298706,1,1,0.6470588235294118,0.4117647058823529,17,11,7
14,3,60,5,"Additionally, I set up a small compost bin in my backyard.",0.5635245901639344,1,1,0.5454545454545454,0.6363636363636364,11,6,7
14,3,60,6,It’s gratifying to know my food scraps are repurposed into something beneficial for the garden instead of ending up in a landfill.,0.4362670713201821,0,0,0.3181818181818182,0.5454545454545454,22,7,12
14,3,60,7,I’m curious how others are working towards sustainability.,0.556930693069307,0,0,0.0,0.625,8,0,5
14,3,60,8,What small changes you made that had a big impact?,0.5813953488372093,1,0,0.6,0.0,10,6,0
14,3,60,9,Let’s exchange ideas and support each other in making our community greener.,0.5241935483870968,1,1,0.6666666666666666,0.3333333333333333,12,8,4
14,3,60,10,Even small actions can lead to larger positive change to our daily lives!,0.5293159609120521,1,0,0.9230769230769231,0.0,13,12,0
24,0,60,0,The city has announced an expansion of its public bicycle program to meet growing demand for eco-friendly transportation.,0.4567307692307693,1,1,0.6666666666666666,0.7777777777777778,18,12,14
24,0,60,1,"Starting next month, 500 new bikes will be added to the fleet, and new docking stations will be installed across key areas.",0.4464285714285714,1,1,0.6363636363636364,0.36363636363636365,22,14,8
24,0,60,2,"Launched three years ago, the program has seen significant growth, with daily ridership up by 20% in the past year.",0.46125461254612543,1,0,0.7,0.05,20,14,1
24,0,60,3,"City officials believe the expansion will encourage more residents to bike rather than drive, especially for short trips.",0.4601226993865031,1,0,0.6666666666666666,0.0,18,12,0
24,0,60,4,"The new bikes have GPS tracking and improved safety features, including reflective strips and better lighting.",0.4750593824228029,1,0,0.8125,0.0,16,13,0
24,0,60,5,"Additionally, the city will launch a public awareness campaign to promote safe biking practices, including workshops and free helmets.",0.4472693032015066,1,0,0.7368421052631579,0.0,19,14,0
24,0,60,6,The goal is to reduce traffic congestion and pollution while promoting a healthier lifestyle.,0.4971590909090909,1,0,0.7142857142857143,0.2857142857142857,14,10,4
24,0,60,7,"With these initiatives, the city hopes to lead in sustainable urban transportation.",0.5136986301369862,1,0,0.9166666666666666,0.0,12,11,0
9,0,90,0,The city has announced an expansion of its public bicycle program to meet growing demand for eco-friendly transportation.,0.4567307692307693,1,1,0.6111111111111112,0.8888888888888888,18,11,16
9,0,90,1,"Starting next month, 500 new bikes will be added to the fleet, and new docking stations will be installed across key areas.",0.4464285714285714,1,1,0.7272727272727273,0.45454545454545453,22,16,10
9,0,90,2,"Launched three years ago, the program has seen significant growth, with daily ridership up by 20% in the past year.",0.46125461254612543,0,0,0.45,0.55,20,9,11
9,0,90,3,"City officials believe the expansion will encourage more residents to bike rather than drive, especially for short trips.",0.4601226993865031,1,1,0.5555555555555556,0.3888888888888889,18,10,7
9,0,90,4,"The new bikes have GPS tracking and improved safety features, including reflective strips and better lighting.",0.4750593824228029,1,1,0.625,0.6875,16,10,11
9,0,90,5,"Additionally, the city will launch a public awareness campaign to promote safe biking practices, including workshops and free helmets.",0.4472693032015066,1,1,0.631578947368421,0.5263157894736842,19,12,10
9,0,90,6,The goal is to reduce traffic congestion and pollution while promoting a healthier lifestyle.,0.4971590909090909,1,1,0.5,0.8571428571428571,14,7,12
9,0,90,7,"With these initiatives, the city hopes to lead in sustainable urban transportation.",0.5136986301369862,1,0,0.8333333333333334,0.0,12,10,0
23,2,60,0,The city’s community garden project is expanding and will soon reach more neighborhoods.,0.5043227665706052,1,1,0.6153846153846154,0.5384615384615384,13,8,7
23,2,60,1,"This project, started five years ago, now has over 20 garden sites citywide.",0.5275974025974026,1,1,0.6923076923076923,0.7692307692307693,13,9,10
23,2,60,2,"The expansion will add five more gardens across the city, especially in areas needing them most.",0.49140049140049136,0,0,0.375,0.6875,16,6,11
23,2,60,3,These gardens give residents a chance to grow fruits and vegetables.,0.5392156862745098,1,0,0.6363636363636364,0.2727272727272727,11,7,3
23,2,60,4,"Community gardens are important, providing fresh food and a place for neighbors to gather.",0.5028735632183908,0,0,0.0,0.8571428571428571,14,0,12
23,2,60,5,"The new gardens will feature raised beds, composting stations, and water-saving systems.",0.5078125,1,1,0.75,0.5833333333333334,12,9,7
23,2,60,6,Local volunteers will teach gardening classes to promote eco-friendly practices.,0.5149812734082397,1,1,0.6,0.7,10,6,7
23,2,60,7,"City officials are excited about the gardens' environmental benefits of these gardens, reducing the city’s carbon footprint by encouraging local food production.",0.4178779069767442,1,1,0.8181818181818182,0.6818181818181818,22,18,15
23,2,60,8,"They also add green spaces in crowded areas, improving neighborhood livability.",0.5188679245283019,1,0,0.5454545454545454,0.2727272727272727,11,6,3
23,2,60,9,The expansion has been funded by city grants and local business donations.,0.528169014084507,1,0,0.5833333333333334,0.0,12,7,0
12,6,30,0,"In today’s hyper-connected world, taking a step back from constant digital engagement can feel challenging but profoundly rewarding.",0.4456327985739751,1,0,0.6666666666666666,0.0,18,12,0
12,6,30,1,"A digital detox doesn’t necessarily mean abandoning technology altogether; rather, it’s about finding a healthy balance.",0.4620123203285421,1,0,0.8125,0.0,16,13,0
12,6,30,2,"I recently decided to implement a digital detox routine, where I set aside specific times during the day to disconnect from screens and reconnect with the physical world.",0.39637599093997733,1,0,0.6071428571428571,0.0,28,17,0
12,6,30,3,"One change was establishing tech-free zones in my home, like the bedroom and dining area, which has improved my sleep and presence during meals.",0.4211590296495957,1,0,0.5833333333333334,0.0,24,14,0
12,6,30,4,I’ve also dedicated my mornings to analog activities like reading a book or taking a walk instead of reaching for my phone.,0.4409509202453987,0,0,0.18181818181818182,0.0,22,4,0
12,6,30,5,"The benefits have been noticeable—I feel more focused, less overwhelmed, and have more time for hobbies.",0.4807692307692307,0,0,0.4375,0.0,16,7,0
12,6,30,6,"If you’re considering a digital detox, start small by setting limits on social media or creating screen-free zones.",0.45955882352941174,1,0,0.7222222222222222,0.0,18,13,0
18,2,90,0,The city’s community garden project is expanding and will soon reach more neighborhoods.,0.5043227665706052,1,0,0.8461538461538461,0.0,13,11,0
18,2,90,1,"This project, started five years ago, now has over 20 garden sites citywide.",0.5275974025974026,1,0,0.8461538461538461,0.07692307692307693,13,11,1
18,2,90,2,"The expansion will add five more gardens across the city, especially in areas needing them most.",0.49140049140049136,1,0,0.875,0.0625,16,14,1
18,2,90,3,These gardens give residents a chance to grow fruits and vegetables.,0.5392156862745098,1,0,0.7272727272727273,0.0,11,8,0
18,2,90,4,"Community gardens are important, providing fresh food and a place for neighbors to gather.",0.5028735632183908,0,0,0.0,0.9285714285714286,14,0,13
18,2,90,5,"The new gardens will feature raised beds, composting stations, and water-saving systems.",0.5078125,0,0,0.3333333333333333,0.75,12,4,9
18,2,90,6,Local volunteers will teach gardening classes to promote eco-friendly practices.,0.5149812734082397,1,0,0.9,0.0,10,9,0
18,2,90,7,"City officials are excited about the gardens' environmental benefits of these gardens, reducing the city’s carbon footprint by encouraging local food production.",0.4178779069767442,1,0,0.9545454545454546,0.2727272727272727,22,21,6
18,2,90,8,"They also add green spaces in crowded areas, improving neighborhood livability.",0.5188679245283019,1,1,1.0,0.36363636363636365,11,11,4
18,2,90,9,The expansion has been funded by city grants and local business donations.,0.528169014084507,1,0,0.5833333333333334,0.0,12,7,0
20,1,30,0,"A local high school has launched a robotics program to inspire students to explore careers in science, technology, engineering, and mathematics (STEM).",0.4290171606864274,1,0,0.7272727272727273,0.0,22,16,0
20,1,30,1,"The program, which began this week, offers hands-on experience in designing and building robots, along with lessons in coding, electronics, and problem-solving.",0.41724617524339364,1,0,0.6363636363636364,0.0,22,14,0
20,1,30,2,The school partnered with local tech companies to provide resources and mentorship.,0.5119453924914675,1,0,0.6666666666666666,0.0,12,8,0
20,1,30,3,Students will also have the opportunity to compete in regional and national robotics competitions.,0.49019607843137253,1,0,0.7857142857142857,0.0,14,11,0
20,1,30,4,"The principal expressed enthusiasm, stating it provides a unique chance for students to engage with cutting-edge technology.",0.4573170731707317,1,0,0.7647058823529411,0.0,17,13,0
20,1,30,5,"Parents support the initiative, noting it prepares students for careers in a rapidly evolving job market.",0.4807692307692307,1,0,0.75,0.0,16,12,0
20,1,30,6,"The program is expected to grow, with plans for advanced courses and summer camps.",0.5147058823529412,1,0,0.7142857142857143,0.0,14,10,0
28,7,30,0,"Cooking has always been something I needed to do every day, but recently, I’ve started seeing it as a way to relax and enjoy myself.",0.42372881355932196,1,0,0.68,0.08,25,17,2
28,7,30,1,"Mindful cooking means paying full attention while making a meal, focusing on each step, and enjoying the process rather than rushing.",0.44266441821247887,1,0,0.7619047619047619,0.0,21,16,0
28,7,30,2,"I start by choosing fresh ingredients, noticing their colors, textures, and smells.",0.5172413793103449,1,0,0.75,0.0,12,9,0
28,7,30,3,"As I cut, stir, and season, I pay attention to the sounds of vegetables cooking, the feel of the dough, and the aroma of spices.",0.43222683264177036,1,0,0.56,0.0,25,14,0
28,7,30,4,This way of cooking has changed how I feel about making food.,0.5535055350553506,1,0,0.5833333333333334,0.0,12,7,0
28,7,30,5,"Now, instead of thinking of it as just another chore, I see it as a creative activity and a way to take care of myself.",0.43584379358437936,1,0,0.52,0.04,25,13,1
28,7,30,6,"It also makes the food taste better and more enjoyable, because each dish is made with care and attention.",0.47123015873015867,0,0,0.3157894736842105,0.0,19,6,0
25,8,60,0,"Traveling has always been one of my greatest passions, and over the years, I’ve learned that less truly is more when it comes to packing.",0.42098445595854916,1,0,0.84,0.04,25,21,1
25,8,60,1,Adopting a minimalist approach to travel has not only lightened my physical load but also enhanced my overall travel experience.,0.4480286738351254,1,0,0.6,0.2,20,12,4
25,8,60,2,The key is careful planning.,0.6377551020408163,0,0,0.0,0.8,5,0,4
25,8,60,3,"Before each trip, I list essentials, focusing on versatile clothing and multipurpose items.",0.5030959752321982,0,0,0.46153846153846156,0.3076923076923077,13,6,4
25,8,60,4,"This allows me to pack everything into a single carry-on, avoiding the hassle of checked luggage and making it easier to navigate airports and cities.",0.4134860050890586,1,0,0.92,0.04,25,23,1
25,8,60,5,Traveling light encourages a mindful experience.,0.5555555555555556,1,0,0.5,0.0,6,3,0
26,1,60,0,"A local high school has launched a robotics program to inspire students to explore careers in science, technology, engineering, and mathematics (STEM).",0.4290171606864274,1,1,0.7272727272727273,0.5,22,16,11
26,1,60,1,"The program, which began this week, offers hands-on experience in designing and building robots, along with lessons in coding, electronics, and problem-solving.",0.41724617524339364,1,0,0.9545454545454546,0.0,22,21,0
26,1,60,2,The school partnered with local tech companies to provide resources and mentorship.,0.5119453924914675,1,0,0.9166666666666666,0.08333333333333333,12,11,1
26,1,60,3,Students will also have the opportunity to compete in regional and national robotics competitions.,0.49019607843137253,1,0,0.9285714285714286,0.0,14,13,0
26,1,60,4,"The principal expressed enthusiasm, stating it provides a unique chance for students to engage with cutting-edge technology.",0.4573170731707317,1,0,0.8823529411764706,0.0,17,15,0
26,1,60,5,"Parents support the initiative, noting it prepares students for careers in a rapidly evolving job market.",0.4807692307692307,1,0,0.8125,0.0,16,13,0
26,1,60,6,"The program is expected to grow, with plans for advanced courses and summer camps.",0.5147058823529412,1,0,0.7142857142857143,0.0,14,10,0
26,1,60,7,"By investing in STEM education, the school aims to empower students to become innovators and leaders in technology.",0.46583850931677023,1,0,0.7777777777777778,0.0,18,14,0
11,8,90,0,"Traveling has always been one of my greatest passions, and over the years, I’ve learned that less truly is more when it comes to packing.",0.42098445595854916,1,1,0.88,0.68,25,22,17
11,8,90,1,Adopting a minimalist approach to travel has not only lightened my physical load but also enhanced my overall travel experience.,0.4480286738351254,0,0,0.45,0.9,20,9,18
11,8,90,2,The key is careful planning.,0.6377551020408163,0,0,0.0,1.0,5,0,5
11,8,90,3,"Before each trip, I list essentials, focusing on versatile clothing and multipurpose items.",0.5030959752321982,1,1,0.6923076923076923,0.8461538461538461,13,9,11
11,8,90,4,"This allows me to pack everything into a single carry-on, avoiding the hassle of checked luggage and making it easier to navigate airports and cities.",0.4134860050890586,1,1,0.68,0.72,25,17,18
11,8,90,5,Traveling light encourages a mindful experience.,0.5555555555555556,1,1,0.5,0.5,6,3,3
11,8,90,6,"With fewer possessions to worry about, I can fully immerse myself in the destination, appreciating the culture and scenery without distractions.",0.43460264900662254,1,1,0.6666666666666666,0.5238095238095238,21,14,11
11,8,90,7,"It has also taught me to value experiences over things, as the memories I create during my travels far outweigh any material items I might collect along the way.",0.3966083150984683,1,0,0.5862068965517241,0.0,29,17,0
17,7,30,0,"Cooking has always been something I needed to do every day, but recently, I’ve started seeing it as a way to relax and enjoy myself.",0.42372881355932196,1,0,0.68,0.0,25,17,0
17,7,30,1,"Mindful cooking means paying full attention while making a meal, focusing on each step, and enjoying the process rather than rushing.",0.44266441821247887,1,0,0.6190476190476191,0.0,21,13,0
17,7,30,2,"I start by choosing fresh ingredients, noticing their colors, textures, and smells.",0.5172413793103449,1,0,0.6666666666666666,0.0,12,8,0
17,7,30,3,"As I cut, stir, and season, I pay attention to the sounds of vegetables cooking, the feel of the dough, and the aroma of spices.",0.43222683264177036,0,0,0.48,0.0,25,12,0
17,7,30,4,This way of cooking has changed how I feel about making food.,0.5535055350553506,0,0,0.3333333333333333,0.0,12,4,0
17,7,30,5,"Now, instead of thinking of it as just another chore, I see it as a creative activity and a way to take care of myself.",0.43584379358437936,0,0,0.4,0.04,25,10,1
17,7,30,6,"It also makes the food taste better and more enjoyable, because each dish is made with care and attention.",0.47123015873015867,1,0,0.6842105263157895,0.0,19,13,0
18,8,30,0,"Traveling has always been one of my greatest passions, and over the years, I’ve learned that less truly is more when it comes to packing.",0.42098445595854916,1,0,0.68,0.0,25,17,0
18,8,30,1,Adopting a minimalist approach to travel has not only lightened my physical load but also enhanced my overall travel experience.,0.4480286738351254,1,0,0.75,0.0,20,15,0
18,8,30,2,The key is careful planning.,0.6377551020408163,1,0,0.6,0.0,5,3,0
18,8,30,3,"Before each trip, I list essentials, focusing on versatile clothing and multipurpose items.",0.5030959752321982,1,0,0.6153846153846154,0.0,13,8,0
18,8,30,4,"This allows me to pack everything into a single carry-on, avoiding the hassle of checked luggage and making it easier to navigate airports and cities.",0.4134860050890586,1,0,0.72,0.0,25,18,0
18,8,30,5,Traveling light encourages a mindful experience.,0.5555555555555556,1,0,0.8333333333333334,0.0,6,5,0
18,8,30,6,"With fewer possessions to worry about, I can fully immerse myself in the destination, appreciating the culture and scenery without distractions.",0.43460264900662254,0,0,0.42857142857142855,0.0,21,9,0
17,2,90,0,The city’s community garden project is expanding and will soon reach more neighborhoods.,0.5043227665706052,1,1,0.6923076923076923,0.7692307692307693,13,9,10
17,2,90,1,"This project, started five years ago, now has over 20 garden sites citywide.",0.5275974025974026,1,1,0.7692307692307693,0.3076923076923077,13,10,4
17,2,90,2,"The expansion will add five more gardens across the city, especially in areas needing them most.",0.49140049140049136,1,1,0.6875,0.6875,16,11,11
17,2,90,3,These gardens give residents a chance to grow fruits and vegetables.,0.5392156862745098,1,1,0.7272727272727273,0.8181818181818182,11,8,9
17,2,90,4,"Community gardens are important, providing fresh food and a place for neighbors to gather.",0.5028735632183908,0,0,0.0,0.7142857142857143,14,0,10
17,2,90,5,"The new gardens will feature raised beds, composting stations, and water-saving systems.",0.5078125,1,1,0.75,0.5,12,9,6
17,2,90,6,Local volunteers will teach gardening classes to promote eco-friendly practices.,0.5149812734082397,1,1,0.8,0.6,10,8,6
17,2,90,7,"City officials are excited about the gardens' environmental benefits of these gardens, reducing the city’s carbon footprint by encouraging local food production.",0.4178779069767442,1,1,0.7727272727272727,0.8181818181818182,22,17,18
17,2,90,8,"They also add green spaces in crowded areas, improving neighborhood livability.",0.5188679245283019,1,1,0.8181818181818182,0.7272727272727273,11,9,8
17,2,90,9,The expansion has been funded by city grants and local business donations.,0.528169014084507,1,0,0.6666666666666666,0.0,12,8,0
7,2,90,0,The city’s community garden project is expanding and will soon reach more neighborhoods.,0.5043227665706052,1,1,0.8461538461538461,0.6923076923076923,13,11,9
7,2,90,1,"This project, started five years ago, now has over 20 garden sites citywide.",0.5275974025974026,1,1,0.6923076923076923,0.8461538461538461,13,9,11
7,2,90,2,"The expansion will add five more gardens across the city, especially in areas needing them most.",0.49140049140049136,1,1,0.875,0.6875,16,14,11
7,2,90,3,These gardens give residents a chance to grow fruits and vegetables.,0.5392156862745098,0,0,0.09090909090909091,0.7272727272727273,11,1,8
7,2,90,4,"Community gardens are important, providing fresh food and a place for neighbors to gather.",0.5028735632183908,0,0,0.0,0.7857142857142857,14,0,11
7,2,90,5,"The new gardens will feature raised beds, composting stations, and water-saving systems.",0.5078125,1,0,0.8333333333333334,0.16666666666666666,12,10,2
7,2,90,6,Local volunteers will teach gardening classes to promote eco-friendly practices.,0.5149812734082397,1,0,0.9,0.0,10,9,0
7,2,90,7,"City officials are excited about the gardens' environmental benefits of these gardens, reducing the city’s carbon footprint by encouraging local food production.",0.4178779069767442,1,0,0.9090909090909091,0.045454545454545456,22,20,1
7,2,90,8,"They also add green spaces in crowded areas, improving neighborhood livability.",0.5188679245283019,1,1,0.8181818181818182,0.45454545454545453,11,9,5
7,2,90,9,The expansion has been funded by city grants and local business donations.,0.528169014084507,1,0,0.8333333333333334,0.0,12,10,0
20,3,90,0,"Lately, I am making an effort to incorporate more sustainable practices into my routine.",0.5057803468208092,1,1,0.7142857142857143,0.9285714285714286,14,10,13
20,3,90,1,I first changed to reduce my reliance on single-use plastics.,0.5544354838709677,1,1,0.8,0.3,10,8,3
20,3,90,2,"Switching to reusable bags, containers, and produce bags has significantly cut the waste I generate.",0.48955613577023505,1,1,0.6666666666666666,0.6,15,10,9
20,3,90,3,"I’ve also focused on minimizing food waste, which helps the environment and saves money.",0.5040322580645161,1,1,0.9285714285714286,0.35714285714285715,14,13,5
20,3,90,4,"Meal planning has been a game-changer, as I only buy what I need, resulting in fewer leftovers.",0.48701298701298706,1,0,0.8235294117647058,0.29411764705882354,17,14,5
20,3,90,5,"Additionally, I set up a small compost bin in my backyard.",0.5635245901639344,1,1,0.5454545454545454,0.45454545454545453,11,6,5
20,3,90,6,It’s gratifying to know my food scraps are repurposed into something beneficial for the garden instead of ending up in a landfill.,0.4362670713201821,1,0,0.6818181818181818,0.13636363636363635,22,15,3
20,3,90,7,I’m curious how others are working towards sustainability.,0.556930693069307,1,0,0.75,0.0,8,6,0
20,3,90,8,What small changes you made that had a big impact?,0.5813953488372093,0,0,0.4,0.1,10,4,1
20,3,90,9,Let’s exchange ideas and support each other in making our community greener.,0.5241935483870968,0,0,0.16666666666666666,0.0,12,2,0
20,3,90,10,Even small actions can lead to larger positive change to our daily lives!,0.5293159609120521,0,0,0.46153846153846156,0.0,13,6,0
21,4,90,0,"Hello, fitness enthusiasts!",0.5769230769230769,1,1,1.0,1.0,3,3,3
21,4,90,1,I recently embarked on a new workout regimen and wanted to share a few insights that have helped me maintain consistency and stay motivated.,0.42613636363636365,1,1,0.7916666666666666,0.8333333333333334,24,19,20
21,4,90,2,"Setting realistic, attainable goals has been essential.",0.550314465408805,1,1,0.8571428571428571,0.5714285714285714,7,6,4
21,4,90,3,"Instead of aiming for an intense workout daily, I’ve focused on incremental improvements, making progress more manageable and enjoyable.",0.4432624113475177,1,1,0.6842105263157895,0.47368421052631576,19,13,9
21,4,90,4,"Another key factor has been having a workout partner, which has kept me accountable and added a social element, making exercise more fun.",0.43298192771084343,1,1,0.6956521739130435,0.6086956521739131,23,16,14
21,4,90,5,"We check in regularly, keeping us on track.",0.6024096385542168,1,0,0.625,0.125,8,5,1
21,4,90,6,"Finally, I’ve come to appreciate the importance of rest and recovery.",0.539568345323741,1,1,0.6363636363636364,0.45454545454545453,11,7,5
21,4,90,7,Taking time to listen to my body and allow for proper rest days has actually enhanced my performance and overall well-being.,0.444264943457189,1,1,0.5238095238095238,0.5238095238095238,21,11,11
21,4,90,8,"If you’re starting a new routine, remember that consistency is key, but balance is equally important.",0.48405466970387245,0,0,0.4375,0.625,16,7,10
21,4,90,9,Let’s keep pushing towards our fitness goals together!,0.5681818181818182,1,0,0.875,0.0,8,7,0
30,7,90,0,"Cooking has always been something I needed to do every day, but recently, I’ve started seeing it as a way to relax and enjoy myself.",0.42372881355932196,1,0,0.96,0.12,25,24,3
30,7,90,1,"Mindful cooking means paying full attention while making a meal, focusing on each step, and enjoying the process rather than rushing.",0.44266441821247887,1,0,0.8571428571428571,0.23809523809523808,21,18,5
30,7,90,2,"I start by choosing fresh ingredients, noticing their colors, textures, and smells.",0.5172413793103449,1,0,0.9166666666666666,0.08333333333333333,12,11,1
30,7,90,3,"As I cut, stir, and season, I pay attention to the sounds of vegetables cooking, the feel of the dough, and the aroma of spices.",0.43222683264177036,0,0,0.44,0.32,25,11,8
30,7,90,4,This way of cooking has changed how I feel about making food.,0.5535055350553506,0,0,0.08333333333333333,0.8333333333333334,12,1,10
30,7,90,5,"Now, instead of thinking of it as just another chore, I see it as a creative activity and a way to take care of myself.",0.43584379358437936,0,0,0.16,0.32,25,4,8
30,7,90,6,"It also makes the food taste better and more enjoyable, because each dish is made with care and attention.",0.47123015873015867,1,0,0.9473684210526315,0.0,19,18,0
25,3,30,0,"Lately, I am making an effort to incorporate more sustainable practices into my routine.",0.5057803468208092,1,0,0.7142857142857143,0.0,14,10,0
25,3,30,1,I first changed to reduce my reliance on single-use plastics.,0.5544354838709677,1,0,0.8,0.0,10,8,0
25,3,30,2,"Switching to reusable bags, containers, and produce bags has significantly cut the waste I generate.",0.48955613577023505,1,0,0.6666666666666666,0.0,15,10,0
25,3,30,3,"I’ve also focused on minimizing food waste, which helps the environment and saves money.",0.5040322580645161,1,0,0.7142857142857143,0.0,14,10,0
25,3,30,4,"Meal planning has been a game-changer, as I only buy what I need, resulting in fewer leftovers.",0.48701298701298706,1,0,0.5294117647058824,0.0,17,9,0
25,3,30,5,"Additionally, I set up a small compost bin in my backyard.",0.5635245901639344,0,0,0.45454545454545453,0.0,11,5,0
10,0,60,0,The city has announced an expansion of its public bicycle program to meet growing demand for eco-friendly transportation.,0.4567307692307693,1,1,0.6111111111111112,0.7222222222222222,18,11,13
10,0,60,1,"Starting next month, 500 new bikes will be added to the fleet, and new docking stations will be installed across key areas.",0.4464285714285714,1,1,0.6363636363636364,0.6363636363636364,22,14,14
10,0,60,2,"Launched three years ago, the program has seen significant growth, with daily ridership up by 20% in the past year.",0.46125461254612543,1,1,0.65,0.4,20,13,8
10,0,60,3,"City officials believe the expansion will encourage more residents to bike rather than drive, especially for short trips.",0.4601226993865031,1,0,0.6111111111111112,0.2222222222222222,18,11,4
10,0,60,4,"The new bikes have GPS tracking and improved safety features, including reflective strips and better lighting.",0.4750593824228029,1,0,0.75,0.0,16,12,0
10,0,60,5,"Additionally, the city will launch a public awareness campaign to promote safe biking practices, including workshops and free helmets.",0.4472693032015066,1,0,0.7894736842105263,0.0,19,15,0
10,0,60,6,The goal is to reduce traffic congestion and pollution while promoting a healthier lifestyle.,0.4971590909090909,1,0,0.6428571428571429,0.21428571428571427,14,9,3
10,0,60,7,"With these initiatives, the city hopes to lead in sustainable urban transportation.",0.5136986301369862,1,0,0.6666666666666666,0.0,12,8,0
25,2,30,0,The city’s community garden project is expanding and will soon reach more neighborhoods.,0.5043227665706052,1,1,0.6153846153846154,0.9230769230769231,13,8,12
25,2,30,1,"This project, started five years ago, now has over 20 garden sites citywide.",0.5275974025974026,0,0,0.23076923076923078,0.5384615384615384,13,3,7
25,2,30,2,"The expansion will add five more gardens across the city, especially in areas needing them most.",0.49140049140049136,0,0,0.4375,0.125,16,7,2
25,2,30,3,These gardens give residents a chance to grow fruits and vegetables.,0.5392156862745098,1,0,0.6363636363636364,0.0,11,7,0
25,2,30,5,"The new gardens will feature raised beds, composting stations, and water-saving systems.",0.5078125,0,0,0.08333333333333333,0.0,12,1,0
11,7,60,0,"Cooking has always been something I needed to do every day, but recently, I’ve started seeing it as a way to relax and enjoy myself.",0.42372881355932196,1,1,0.68,0.6,25,17,15
11,7,60,1,"Mindful cooking means paying full attention while making a meal, focusing on each step, and enjoying the process rather than rushing.",0.44266441821247887,1,1,0.7142857142857143,0.6190476190476191,21,15,13
11,7,60,2,"I start by choosing fresh ingredients, noticing their colors, textures, and smells.",0.5172413793103449,1,1,0.5833333333333334,0.5833333333333334,12,7,7
11,7,60,3,"As I cut, stir, and season, I pay attention to the sounds of vegetables cooking, the feel of the dough, and the aroma of spices.",0.43222683264177036,0,0,0.32,0.6,25,8,15
11,7,60,4,This way of cooking has changed how I feel about making food.,0.5535055350553506,0,0,0.16666666666666666,0.9166666666666666,12,2,11
11,7,60,5,"Now, instead of thinking of it as just another chore, I see it as a creative activity and a way to take care of myself.",0.43584379358437936,0,0,0.44,0.44,25,11,11
11,7,60,6,"It also makes the food taste better and more enjoyable, because each dish is made with care and attention.",0.47123015873015867,1,0,0.5789473684210527,0.0,19,11,0
23,8,30,0,"Traveling has always been one of my greatest passions, and over the years, I’ve learned that less truly is more when it comes to packing.",0.42098445595854916,1,1,0.56,0.6,25,14,15
23,8,30,1,Adopting a minimalist approach to travel has not only lightened my physical load but also enhanced my overall travel experience.,0.4480286738351254,0,0,0.45,0.1,20,9,2
23,8,30,2,The key is careful planning.,0.6377551020408163,1,0,0.8,0.2,5,4,1
23,8,30,3,"Before each trip, I list essentials, focusing on versatile clothing and multipurpose items.",0.5030959752321982,0,0,0.3076923076923077,0.23076923076923078,13,4,3
23,8,30,4,"This allows me to pack everything into a single carry-on, avoiding the hassle of checked luggage and making it easier to navigate airports and cities.",0.4134860050890586,0,0,0.48,0.0,25,12,0
23,8,30,5,Traveling light encourages a mindful experience.,0.5555555555555556,0,0,0.0,0.16666666666666666,6,0,1
23,8,30,6,"With fewer possessions to worry about, I can fully immerse myself in the destination, appreciating the culture and scenery without distractions.",0.43460264900662254,0,0,0.047619047619047616,0.23809523809523808,21,1,5
23,8,30,7,"It has also taught me to value experiences over things, as the memories I create during my travels far outweigh any material items I might collect along the way.",0.3966083150984683,0,0,0.3793103448275862,0.0,29,11,0
28,1,60,0,"A local high school has launched a robotics program to inspire students to explore careers in science, technology, engineering, and mathematics (STEM).",0.4290171606864274,1,0,0.9545454545454546,0.0,22,21,0
28,1,60,1,"The program, which began this week, offers hands-on experience in designing and building robots, along with lessons in coding, electronics, and problem-solving.",0.41724617524339364,1,0,0.6818181818181818,0.0,22,15,0
28,1,60,2,The school partnered with local tech companies to provide resources and mentorship.,0.5119453924914675,0,0,0.25,0.0,12,3,0
28,1,60,3,Students will also have the opportunity to compete in regional and national robotics competitions.,0.49019607843137253,0,0,0.2857142857142857,0.5714285714285714,14,4,8
28,1,60,4,"The principal expressed enthusiasm, stating it provides a unique chance for students to engage with cutting-edge technology.",0.4573170731707317,0,0,0.47058823529411764,0.17647058823529413,17,8,3
28,1,60,5,"Parents support the initiative, noting it prepares students for careers in a rapidly evolving job market.",0.4807692307692307,0,0,0.4375,0.0,16,7,0
28,1,60,6,"The program is expected to grow, with plans for advanced courses and summer camps.",0.5147058823529412,0,0,0.07142857142857142,0.6428571428571429,14,1,9
28,1,60,7,"By investing in STEM education, the school aims to empower students to become innovators and leaders in technology.",0.46583850931677023,1,0,0.8333333333333334,0.0,18,15,0
17,8,60,0,"Traveling has always been one of my greatest passions, and over the years, I’ve learned that less truly is more when it comes to packing.",0.42098445595854916,1,0,0.88,0.0,25,22,0
17,8,60,1,Adopting a minimalist approach to travel has not only lightened my physical load but also enhanced my overall travel experience.,0.4480286738351254,1,0,0.65,0.0,20,13,0
17,8,60,2,The key is careful planning.,0.6377551020408163,1,0,0.8,0.0,5,4,0
17,8,60,3,"Before each trip, I list essentials, focusing on versatile clothing and multipurpose items.",0.5030959752321982,1,1,0.6923076923076923,0.3076923076923077,13,9,4
17,8,60,4,"This allows me to pack everything into a single carry-on, avoiding the hassle of checked luggage and making it easier to navigate airports and cities.",0.4134860050890586,1,0,0.72,0.28,25,18,7
17,8,60,5,Traveling light encourages a mindful experience.,0.5555555555555556,1,0,0.8333333333333334,0.0,6,5,0
17,8,60,6,"With fewer possessions to worry about, I can fully immerse myself in the destination, appreciating the culture and scenery without distractions.",0.43460264900662254,1,0,0.7142857142857143,0.0,21,15,0
17,8,60,7,"It has also taught me to value experiences over things, as the memories I create during my travels far outweigh any material items I might collect along the way.",0.3966083150984683,0,0,0.4827586206896552,0.0,29,14,0
6,5,90,0,Hello fellow readers!,0.625,1,1,0.6666666666666666,0.3333333333333333,3,2,1
6,5,90,1,"I wanted to share my thoughts on a remarkable book I just finished, The Journey Within.",0.5025125628140703,1,1,0.6875,0.875,16,11,14
6,5,90,2,"This novel delves into themes of self-discovery and personal growth, exploring how the protagonist navigates complex emotional landscapes to understand themselves better.",0.41189111747851004,1,1,0.9090909090909091,0.6363636363636364,22,20,14
6,5,90,3,What struck me most was its ability to challenge my own perspectives.,0.5376344086021506,1,1,0.75,0.4166666666666667,12,9,5
6,5,90,4,"The author’s nuanced portrayal of the characters’ struggles felt incredibly authentic, prompting me to reflect on my own life decisions.",0.4404362416107382,1,1,0.85,0.3,20,17,6
6,5,90,5,It’s rare to find a book that entertains and prompts introspection.,0.5415162454873647,1,0,0.7272727272727273,0.0,11,8,0
6,5,90,6,I’m eager to hear what everyone has been reading lately.,0.565843621399177,1,0,0.8,0.2,10,8,2
6,5,90,7,Have you come across any books that left a lasting impression?,0.5522088353413654,0,0,0.2727272727272727,0.18181818181818182,11,3,2
6,5,90,8,Let’s discuss our favorite reads and share recommendations.,0.5541871921182265,1,0,0.75,0.0,8,6,0
6,5,90,9,There’s something special about connecting over a good book and exchanging ideas with fellow literature lovers.,0.4711751662971175,1,0,0.8125,0.1875,16,13,3
6,5,90,10,Looking forward to hearing your thoughts!,0.5859375,0,0,0.16666666666666666,0.0,6,1,0
31,7,30,0,"Cooking has always been something I needed to do every day, but recently, I’ve started seeing it as a way to relax and enjoy myself.",0.42372881355932196,1,0,0.56,0.08,25,14,2
31,7,30,1,"Mindful cooking means paying full attention while making a meal, focusing on each step, and enjoying the process rather than rushing.",0.44266441821247887,1,0,0.7619047619047619,0.19047619047619047,21,16,4
31,7,30,2,"I start by choosing fresh ingredients, noticing their colors, textures, and smells.",0.5172413793103449,1,0,0.5833333333333334,0.08333333333333333,12,7,1
31,7,30,3,"As I cut, stir, and season, I pay attention to the sounds of vegetables cooking, the feel of the dough, and the aroma of spices.",0.43222683264177036,0,0,0.48,0.08,25,12,2
31,7,30,4,This way of cooking has changed how I feel about making food.,0.5535055350553506,0,0,0.4166666666666667,0.0,12,5,0
31,7,30,5,"Now, instead of thinking of it as just another chore, I see it as a creative activity and a way to take care of myself.",0.43584379358437936,0,0,0.36,0.0,25,9,0
31,7,30,6,"It also makes the food taste better and more enjoyable, because each dish is made with care and attention.",0.47123015873015867,0,0,0.47368421052631576,0.0,19,9,0
26,3,30,0,"Lately, I am making an effort to incorporate more sustainable practices into my routine.",0.5057803468208092,1,0,0.6428571428571429,0.0,14,9,0
26,3,30,1,I first changed to reduce my reliance on single-use plastics.,0.5544354838709677,1,0,0.9,0.0,10,9,0
26,3,30,2,"Switching to reusable bags, containers, and produce bags has significantly cut the waste I generate.",0.48955613577023505,1,0,0.6,0.0,15,9,0
26,3,30,3,"I’ve also focused on minimizing food waste, which helps the environment and saves money.",0.5040322580645161,0,0,0.2857142857142857,0.0,14,4,0
26,3,30,4,"Meal planning has been a game-changer, as I only buy what I need, resulting in fewer leftovers.",0.48701298701298706,0,0,0.47058823529411764,0.0,17,8,0
26,3,30,5,"Additionally, I set up a small compost bin in my backyard.",0.5635245901639344,1,0,0.7272727272727273,0.0,11,8,0
26,3,30,6,It’s gratifying to know my food scraps are repurposed into something beneficial for the garden instead of ending up in a landfill.,0.4362670713201821,1,0,0.5909090909090909,0.0,22,13,0
26,3,30,7,I’m curious how others are working towards sustainability.,0.556930693069307,1,0,0.625,0.0,8,5,0
26,3,30,9,Let’s exchange ideas and support each other in making our community greener.,0.5241935483870968,1,1,0.6666666666666666,0.3333333333333333,12,8,4
26,3,30,10,Even small actions can lead to larger positive change to our daily lives!,0.5293159609120521,1,0,0.6923076923076923,0.0,13,9,0
7,6,60,0,"In today’s hyper-connected world, taking a step back from constant digital engagement can feel challenging but profoundly rewarding.",0.4456327985739751,1,0,0.9444444444444444,0.0,18,17,0
7,6,60,1,"A digital detox doesn’t necessarily mean abandoning technology altogether; rather, it’s about finding a healthy balance.",0.4620123203285421,1,0,0.6875,0.0,16,11,0
7,6,60,2,"I recently decided to implement a digital detox routine, where I set aside specific times during the day to disconnect from screens and reconnect with the physical world.",0.39637599093997733,1,0,0.8214285714285714,0.0,28,23,0
7,6,60,3,"One change was establishing tech-free zones in my home, like the bedroom and dining area, which has improved my sleep and presence during meals.",0.4211590296495957,1,0,0.625,0.0,24,15,0
7,6,60,4,I’ve also dedicated my mornings to analog activities like reading a book or taking a walk instead of reaching for my phone.,0.4409509202453987,1,0,0.6363636363636364,0.045454545454545456,22,14,1
7,6,60,5,"The benefits have been noticeable—I feel more focused, less overwhelmed, and have more time for hobbies.",0.4807692307692307,1,0,0.6875,0.0,16,11,0
7,6,60,6,"If you’re considering a digital detox, start small by setting limits on social media or creating screen-free zones.",0.45955882352941174,1,0,0.7777777777777778,0.0,18,14,0
16,2,30,0,The city’s community garden project is expanding and will soon reach more neighborhoods.,0.5043227665706052,1,1,0.7692307692307693,0.6923076923076923,13,10,9
16,2,30,1,"This project, started five years ago, now has over 20 garden sites citywide.",0.5275974025974026,1,0,0.9230769230769231,0.07692307692307693,13,12,1
16,2,30,2,"The expansion will add five more gardens across the city, especially in areas needing them most.",0.49140049140049136,1,0,0.8125,0.0625,16,13,1
16,2,30,3,These gardens give residents a chance to grow fruits and vegetables.,0.5392156862745098,1,0,0.7272727272727273,0.0,11,8,0
16,2,30,4,"Community gardens are important, providing fresh food and a place for neighbors to gather.",0.5028735632183908,0,0,0.0,0.5714285714285714,14,0,8
16,2,30,5,"The new gardens will feature raised beds, composting stations, and water-saving systems.",0.5078125,1,0,0.75,0.08333333333333333,12,9,1
16,2,30,6,Local volunteers will teach gardening classes to promote eco-friendly practices.,0.5149812734082397,0,0,0.2,0.0,10,2,0
22,7,60,0,"Cooking has always been something I needed to do every day, but recently, I’ve started seeing it as a way to relax and enjoy myself.",0.42372881355932196,1,1,0.76,0.52,25,19,13
22,7,60,1,"Mindful cooking means paying full attention while making a meal, focusing on each step, and enjoying the process rather than rushing.",0.44266441821247887,1,1,0.8095238095238095,0.5238095238095238,21,17,11
22,7,60,2,"I start by choosing fresh ingredients, noticing their colors, textures, and smells.",0.5172413793103449,1,0,0.75,0.25,12,9,3
22,7,60,3,"As I cut, stir, and season, I pay attention to the sounds of vegetables cooking, the feel of the dough, and the aroma of spices.",0.43222683264177036,1,0,0.56,0.04,25,14,1
22,7,60,4,This way of cooking has changed how I feel about making food.,0.5535055350553506,1,0,0.5,0.08333333333333333,12,6,1
22,7,60,5,"Now, instead of thinking of it as just another chore, I see it as a creative activity and a way to take care of myself.",0.43584379358437936,0,0,0.44,0.12,25,11,3
22,7,60,6,"It also makes the food taste better and more enjoyable, because each dish is made with care and attention.",0.47123015873015867,1,0,0.8421052631578947,0.0,19,16,0
16,6,90,0,"In today’s hyper-connected world, taking a step back from constant digital engagement can feel challenging but profoundly rewarding.",0.4456327985739751,1,0,0.8333333333333334,0.1111111111111111,18,15,2
16,6,90,1,"A digital detox doesn’t necessarily mean abandoning technology altogether; rather, it’s about finding a healthy balance.",0.4620123203285421,1,0,0.9375,0.25,16,15,4
16,6,90,2,"I recently decided to implement a digital detox routine, where I set aside specific times during the day to disconnect from screens and reconnect with the physical world.",0.39637599093997733,1,0,0.75,0.03571428571428571,28,21,1
16,6,90,3,"One change was establishing tech-free zones in my home, like the bedroom and dining area, which has improved my sleep and presence during meals.",0.4211590296495957,1,0,0.7916666666666666,0.0,24,19,0
16,6,90,4,I’ve also dedicated my mornings to analog activities like reading a book or taking a walk instead of reaching for my phone.,0.4409509202453987,1,0,0.6818181818181818,0.045454545454545456,22,15,1
16,6,90,5,"The benefits have been noticeable—I feel more focused, less overwhelmed, and have more time for hobbies.",0.4807692307692307,1,0,0.8125,0.0,16,13,0
16,6,90,6,"If you’re considering a digital detox, start small by setting limits on social media or creating screen-free zones.",0.45955882352941174,0,0,0.2222222222222222,0.0,18,4,0
18,4,60,0,"Hello, fitness enthusiasts!",0.5769230769230769,1,1,1.0,1.0,3,3,3
18,4,60,1,I recently embarked on a new workout regimen and wanted to share a few insights that have helped me maintain consistency and stay motivated.,0.42613636363636365,1,0,0.8333333333333334,0.0,24,20,0
18,4,60,2,"Setting realistic, attainable goals has been essential.",0.550314465408805,1,0,0.7142857142857143,0.0,7,5,0
18,4,60,3,"Instead of aiming for an intense workout daily, I’ve focused on incremental improvements, making progress more manageable and enjoyable.",0.4432624113475177,1,0,0.5789473684210527,0.10526315789473684,19,11,2
18,4,60,4,"Another key factor has been having a workout partner, which has kept me accountable and added a social element, making exercise more fun.",0.43298192771084343,0,0,0.43478260869565216,0.0,23,10,0
18,4,60,5,"We check in regularly, keeping us on track.",0.6024096385542168,1,0,0.625,0.0,8,5,0
18,4,60,6,"Finally, I’ve come to appreciate the importance of rest and recovery.",0.539568345323741,1,0,0.7272727272727273,0.0,11,8,0
18,4,60,7,Taking time to listen to my body and allow for proper rest days has actually enhanced my performance and overall well-being.,0.444264943457189,1,0,0.7619047619047619,0.0,21,16,0
18,4,60,8,"If you’re starting a new routine, remember that consistency is key, but balance is equally important.",0.48405466970387245,1,0,0.8125,0.125,16,13,2
18,4,60,9,Let’s keep pushing towards our fitness goals together!,0.5681818181818182,1,0,0.875,0.0,8,7,0
32,3,60,0,"Lately, I am making an effort to incorporate more sustainable practices into my routine.",0.5057803468208092,1,0,0.7142857142857143,0.0,14,10,0
32,3,60,1,I first changed to reduce my reliance on single-use plastics.,0.5544354838709677,1,0,0.7,0.0,10,7,0
32,3,60,2,"Switching to reusable bags, containers, and produce bags has significantly cut the waste I generate.",0.48955613577023505,1,0,0.7333333333333333,0.0,15,11,0
32,3,60,3,"I’ve also focused on minimizing food waste, which helps the environment and saves money.",0.5040322580645161,1,0,0.7857142857142857,0.0,14,11,0
32,3,60,4,"Meal planning has been a game-changer, as I only buy what I need, resulting in fewer leftovers.",0.48701298701298706,1,0,0.5882352941176471,0.0,17,10,0
32,3,60,5,"Additionally, I set up a small compost bin in my backyard.",0.5635245901639344,1,0,0.6363636363636364,0.0,11,7,0
32,3,60,6,It’s gratifying to know my food scraps are repurposed into something beneficial for the garden instead of ending up in a landfill.,0.4362670713201821,1,0,0.7727272727272727,0.0,22,17,0
32,3,60,7,I’m curious how others are working towards sustainability.,0.556930693069307,1,0,0.75,0.0,8,6,0
32,3,60,8,What small changes you made that had a big impact?,0.5813953488372093,1,0,0.8,0.0,10,8,0
32,3,60,9,Let’s exchange ideas and support each other in making our community greener.,0.5241935483870968,1,0,0.8333333333333334,0.0,12,10,0
32,3,60,10,Even small actions can lead to larger positive change to our daily lives!,0.5293159609120521,1,0,0.6153846153846154,0.0,13,8,0
13,3,90,0,"Lately, I am making an effort to incorporate more sustainable practices into my routine.",0.5057803468208092,1,1,0.7857142857142857,0.9285714285714286,14,11,13
13,3,90,1,I first changed to reduce my reliance on single-use plastics.,0.5544354838709677,1,1,0.8,0.3,10,8,3
13,3,90,2,"Switching to reusable bags, containers, and produce bags has significantly cut the waste I generate.",0.48955613577023505,1,0,0.7333333333333333,0.0,15,11,0
13,3,90,3,"I’ve also focused on minimizing food waste, which helps the environment and saves money.",0.5040322580645161,1,0,0.7857142857142857,0.0,14,11,0
13,3,90,4,"Meal planning has been a game-changer, as I only buy what I need, resulting in fewer leftovers.",0.48701298701298706,1,0,0.6470588235294118,0.29411764705882354,17,11,5
13,3,90,5,"Additionally, I set up a small compost bin in my backyard.",0.5635245901639344,1,1,0.7272727272727273,0.45454545454545453,11,8,5
13,3,90,6,It’s gratifying to know my food scraps are repurposed into something beneficial for the garden instead of ending up in a landfill.,0.4362670713201821,1,1,0.7727272727272727,0.5909090909090909,22,17,13
13,3,90,7,I’m curious how others are working towards sustainability.,0.556930693069307,1,1,0.75,0.625,8,6,5
13,3,90,8,What small changes you made that had a big impact?,0.5813953488372093,1,0,0.6,0.0,10,6,0
13,3,90,9,Let’s exchange ideas and support each other in making our community greener.,0.5241935483870968,1,0,0.5,0.16666666666666666,12,6,2
13,3,90,10,Even small actions can lead to larger positive change to our daily lives!,0.5293159609120521,1,0,0.9230769230769231,0.0,13,12,0
10,2,60,0,The city’s community garden project is expanding and will soon reach more neighborhoods.,0.5043227665706052,1,0,0.5384615384615384,0.07692307692307693,13,7,1
10,2,60,1,"This project, started five years ago, now has over 20 garden sites citywide.",0.5275974025974026,1,1,0.6153846153846154,0.46153846153846156,13,8,6
10,2,60,2,"The expansion will add five more gardens across the city, especially in areas needing them most.",0.49140049140049136,1,0,0.8125,0.0,16,13,0
10,2,60,3,These gardens give residents a chance to grow fruits and vegetables.,0.5392156862745098,1,0,0.7272727272727273,0.0,11,8,0
10,2,60,4,"Community gardens are important, providing fresh food and a place for neighbors to gather.",0.5028735632183908,0,0,0.0,0.7857142857142857,14,0,11
10,2,60,5,"The new gardens will feature raised beds, composting stations, and water-saving systems.",0.5078125,1,1,0.75,0.6666666666666666,12,9,8
10,2,60,6,Local volunteers will teach gardening classes to promote eco-friendly practices.,0.5149812734082397,1,0,0.9,0.0,10,9,0
10,2,60,7,"City officials are excited about the gardens' environmental benefits of these gardens, reducing the city’s carbon footprint by encouraging local food production.",0.4178779069767442,1,0,0.6818181818181818,0.045454545454545456,22,15,1
10,2,60,8,"They also add green spaces in crowded areas, improving neighborhood livability.",0.5188679245283019,1,0,0.7272727272727273,0.18181818181818182,11,8,2
10,2,60,9,The expansion has been funded by city grants and local business donations.,0.528169014084507,1,0,0.8333333333333334,0.0,12,10,0
31,5,90,0,Hello fellow readers!,0.625,1,1,1.0,1.0,3,3,3
31,5,90,1,"I wanted to share my thoughts on a remarkable book I just finished, The Journey Within.",0.5025125628140703,1,1,0.875,0.8125,16,14,13
31,5,90,2,"This novel delves into themes of self-discovery and personal growth, exploring how the protagonist navigates complex emotional landscapes to understand themselves better.",0.41189111747851004,1,1,0.8181818181818182,0.45454545454545453,22,18,10
31,5,90,3,What struck me most was its ability to challenge my own perspectives.,0.5376344086021506,1,1,0.6666666666666666,0.6666666666666666,12,8,8
31,5,90,4,"The author’s nuanced portrayal of the characters’ struggles felt incredibly authentic, prompting me to reflect on my own life decisions.",0.4404362416107382,1,1,0.75,0.4,20,15,8
31,5,90,5,It’s rare to find a book that entertains and prompts introspection.,0.5415162454873647,1,0,0.5454545454545454,0.0,11,6,0
31,5,90,6,I’m eager to hear what everyone has been reading lately.,0.565843621399177,1,0,0.7,0.0,10,7,0
31,5,90,7,Have you come across any books that left a lasting impression?,0.5522088353413654,1,0,0.7272727272727273,0.0,11,8,0
31,5,90,8,Let’s discuss our favorite reads and share recommendations.,0.5541871921182265,1,0,0.875,0.0,8,7,0
31,5,90,9,There’s something special about connecting over a good book and exchanging ideas with fellow literature lovers.,0.4711751662971175,1,0,0.75,0.1875,16,12,3
31,5,90,10,Looking forward to hearing your thoughts!,0.5859375,1,0,0.6666666666666666,0.0,6,4,0
5,7,90,0,"Cooking has always been something I needed to do every day, but recently, I’ve started seeing it as a way to relax and enjoy myself.",0.42372881355932196,1,1,0.92,0.84,25,23,21
5,7,90,1,"Mindful cooking means paying full attention while making a meal, focusing on each step, and enjoying the process rather than rushing.",0.44266441821247887,1,1,0.7142857142857143,0.6666666666666666,21,15,14
5,7,90,2,"I start by choosing fresh ingredients, noticing their colors, textures, and smells.",0.5172413793103449,1,1,0.8333333333333334,0.4166666666666667,12,10,5
5,7,90,3,"As I cut, stir, and season, I pay attention to the sounds of vegetables cooking, the feel of the dough, and the aroma of spices.",0.43222683264177036,1,1,0.8,0.52,25,20,13
5,7,90,4,This way of cooking has changed how I feel about making food.,0.5535055350553506,1,1,0.8333333333333334,0.5833333333333334,12,10,7
5,7,90,5,"Now, instead of thinking of it as just another chore, I see it as a creative activity and a way to take care of myself.",0.43584379358437936,1,1,0.84,0.68,25,21,17
5,7,90,6,"It also makes the food taste better and more enjoyable, because each dish is made with care and attention.",0.47123015873015867,1,0,0.8947368421052632,0.0,19,17,0
15,6,60,0,"In today’s hyper-connected world, taking a step back from constant digital engagement can feel challenging but profoundly rewarding.",0.4456327985739751,1,0,0.8888888888888888,0.1111111111111111,18,16,2
15,6,60,1,"A digital detox doesn’t necessarily mean abandoning technology altogether; rather, it’s about finding a healthy balance.",0.4620123203285421,1,0,0.6875,0.0625,16,11,1
15,6,60,2,"I recently decided to implement a digital detox routine, where I set aside specific times during the day to disconnect from screens and reconnect with the physical world.",0.39637599093997733,1,0,0.6071428571428571,0.03571428571428571,28,17,1
15,6,60,3,"One change was establishing tech-free zones in my home, like the bedroom and dining area, which has improved my sleep and presence during meals.",0.4211590296495957,1,0,0.8333333333333334,0.0,24,20,0
15,6,60,4,I’ve also dedicated my mornings to analog activities like reading a book or taking a walk instead of reaching for my phone.,0.4409509202453987,1,0,0.7272727272727273,0.045454545454545456,22,16,1
15,6,60,5,"The benefits have been noticeable—I feel more focused, less overwhelmed, and have more time for hobbies.",0.4807692307692307,1,0,0.8125,0.0,16,13,0
15,6,60,6,"If you’re considering a digital detox, start small by setting limits on social media or creating screen-free zones.",0.45955882352941174,0,0,0.2222222222222222,0.0,18,4,0
16,1,30,0,"A local high school has launched a robotics program to inspire students to explore careers in science, technology, engineering, and mathematics (STEM).",0.4290171606864274,1,1,0.9090909090909091,0.4090909090909091,22,20,9
16,1,30,1,"The program, which began this week, offers hands-on experience in designing and building robots, along with lessons in coding, electronics, and problem-solving.",0.41724617524339364,1,0,0.8636363636363636,0.22727272727272727,22,19,5
16,1,30,2,The school partnered with local tech companies to provide resources and mentorship.,0.5119453924914675,0,0,0.4166666666666667,0.0,12,5,0
9,3,60,0,"Lately, I am making an effort to incorporate more sustainable practices into my routine.",0.5057803468208092,1,1,0.7857142857142857,0.8571428571428571,14,11,12
9,3,60,1,I first changed to reduce my reliance on single-use plastics.,0.5544354838709677,1,1,0.5,0.9,10,5,9
9,3,60,2,"Switching to reusable bags, containers, and produce bags has significantly cut the waste I generate.",0.48955613577023505,1,0,0.6666666666666666,0.26666666666666666,15,10,4
9,3,60,3,"I’ve also focused on minimizing food waste, which helps the environment and saves money.",0.5040322580645161,1,1,0.9285714285714286,0.42857142857142855,14,13,6
9,3,60,4,"Meal planning has been a game-changer, as I only buy what I need, resulting in fewer leftovers.",0.48701298701298706,1,1,0.5294117647058824,0.47058823529411764,17,9,8
9,3,60,5,"Additionally, I set up a small compost bin in my backyard.",0.5635245901639344,0,0,0.45454545454545453,0.09090909090909091,11,5,1
9,3,60,6,It’s gratifying to know my food scraps are repurposed into something beneficial for the garden instead of ending up in a landfill.,0.4362670713201821,0,0,0.22727272727272727,0.3181818181818182,22,5,7
9,3,60,7,I’m curious how others are working towards sustainability.,0.556930693069307,0,0,0.0,0.75,8,0,6
9,3,60,8,What small changes you made that had a big impact?,0.5813953488372093,1,0,0.9,0.2,10,9,2
9,3,60,9,Let’s exchange ideas and support each other in making our community greener.,0.5241935483870968,0,0,0.4166666666666667,0.5,12,5,6
9,3,60,10,Even small actions can lead to larger positive change to our daily lives!,0.5293159609120521,0,0,0.46153846153846156,0.0,13,6,0
8,0,60,0,The city has announced an expansion of its public bicycle program to meet growing demand for eco-friendly transportation.,0.4567307692307693,1,1,0.5555555555555556,0.7222222222222222,18,10,13
8,0,60,1,"Starting next month, 500 new bikes will be added to the fleet, and new docking stations will be installed across key areas.",0.4464285714285714,1,0,0.6818181818181818,0.045454545454545456,22,15,1
8,0,60,2,"Launched three years ago, the program has seen significant growth, with daily ridership up by 20% in the past year.",0.46125461254612543,1,1,0.75,0.35,20,15,7
8,0,60,3,"City officials believe the expansion will encourage more residents to bike rather than drive, especially for short trips.",0.4601226993865031,1,0,0.8888888888888888,0.05555555555555555,18,16,1
8,0,60,4,"The new bikes have GPS tracking and improved safety features, including reflective strips and better lighting.",0.4750593824228029,0,0,0.375,0.25,16,6,4
8,0,60,5,"Additionally, the city will launch a public awareness campaign to promote safe biking practices, including workshops and free helmets.",0.4472693032015066,1,0,0.8947368421052632,0.0,19,17,0
8,0,60,6,The goal is to reduce traffic congestion and pollution while promoting a healthier lifestyle.,0.4971590909090909,1,0,0.6428571428571429,0.21428571428571427,14,9,3
8,0,60,7,"With these initiatives, the city hopes to lead in sustainable urban transportation.",0.5136986301369862,1,0,0.75,0.0,12,9,0
11,5,60,0,Hello fellow readers!,0.625,1,1,0.6666666666666666,1.0,3,2,3
11,5,60,1,"I wanted to share my thoughts on a remarkable book I just finished, The Journey Within.",0.5025125628140703,1,1,0.5,0.75,16,8,12
11,5,60,2,"This novel delves into themes of self-discovery and personal growth, exploring how the protagonist navigates complex emotional landscapes to understand themselves better.",0.41189111747851004,1,1,0.7272727272727273,0.45454545454545453,22,16,10
11,5,60,3,What struck me most was its ability to challenge my own perspectives.,0.5376344086021506,1,1,0.5,0.5,12,6,6
11,5,60,4,"The author’s nuanced portrayal of the characters’ struggles felt incredibly authentic, prompting me to reflect on my own life decisions.",0.4404362416107382,1,1,0.7,0.6,20,14,12
11,5,60,5,It’s rare to find a book that entertains and prompts introspection.,0.5415162454873647,0,0,0.2727272727272727,0.5454545454545454,11,3,6
11,5,60,6,I’m eager to hear what everyone has been reading lately.,0.565843621399177,1,1,0.5,0.7,10,5,7
11,5,60,7,Have you come across any books that left a lasting impression?,0.5522088353413654,0,0,0.36363636363636365,0.5454545454545454,11,4,6
11,5,60,8,Let’s discuss our favorite reads and share recommendations.,0.5541871921182265,0,0,0.125,0.625,8,1,5
11,5,60,9,There’s something special about connecting over a good book and exchanging ideas with fellow literature lovers.,0.4711751662971175,0,0,0.375,0.3125,16,6,5
11,5,60,10,Looking forward to hearing your thoughts!,0.5859375,0,0,0.16666666666666666,0.0,6,1,0
19,0,30,0,The city has announced an expansion of its public bicycle program to meet growing demand for eco-friendly transportation.,0.4567307692307693,1,0,0.5555555555555556,0.0,18,10,0
19,0,30,1,"Starting next month, 500 new bikes will be added to the fleet, and new docking stations will be installed across key areas.",0.4464285714285714,0,0,0.0,0.6363636363636364,22,0,14
19,0,30,2,"Launched three years ago, the program has seen significant growth, with daily ridership up by 20% in the past year.",0.46125461254612543,0,0,0.0,0.65,20,0,13
19,0,30,3,"City officials believe the expansion will encourage more residents to bike rather than drive, especially for short trips.",0.4601226993865031,1,1,0.5555555555555556,0.6666666666666666,18,10,12
19,0,30,4,"The new bikes have GPS tracking and improved safety features, including reflective strips and better lighting.",0.4750593824228029,0,0,0.0625,0.75,16,1,12
19,0,30,5,"Additionally, the city will launch a public awareness campaign to promote safe biking practices, including workshops and free helmets.",0.4472693032015066,0,0,0.0,0.15789473684210525,19,0,3
19,0,30,6,The goal is to reduce traffic congestion and pollution while promoting a healthier lifestyle.,0.4971590909090909,0,0,0.0,0.21428571428571427,14,0,3
19,0,30,7,"With these initiatives, the city hopes to lead in sustainable urban transportation.",0.5136986301369862,1,0,0.75,0.0,12,9,0
27,3,60,0,"Lately, I am making an effort to incorporate more sustainable practices into my routine.",0.5057803468208092,1,1,0.5714285714285714,1.0,14,8,14
27,3,60,1,I first changed to reduce my reliance on single-use plastics.,0.5544354838709677,1,1,0.6,0.4,10,6,4
27,3,60,2,"Switching to reusable bags, containers, and produce bags has significantly cut the waste I generate.",0.48955613577023505,0,0,0.4666666666666667,0.4666666666666667,15,7,7
27,3,60,3,"I’ve also focused on minimizing food waste, which helps the environment and saves money.",0.5040322580645161,1,1,0.6428571428571429,0.42857142857142855,14,9,6
27,3,60,4,"Meal planning has been a game-changer, as I only buy what I need, resulting in fewer leftovers.",0.48701298701298706,1,1,0.6470588235294118,0.35294117647058826,17,11,6
27,3,60,5,"Additionally, I set up a small compost bin in my backyard.",0.5635245901639344,1,1,0.5454545454545454,0.6363636363636364,11,6,7
27,3,60,6,It’s gratifying to know my food scraps are repurposed into something beneficial for the garden instead of ending up in a landfill.,0.4362670713201821,1,1,0.5,0.5,22,11,11
27,3,60,7,I’m curious how others are working towards sustainability.,0.556930693069307,1,0,0.625,0.125,8,5,1
27,3,60,8,What small changes you made that had a big impact?,0.5813953488372093,0,0,0.4,0.8,10,4,8
27,3,60,9,Let’s exchange ideas and support each other in making our community greener.,0.5241935483870968,1,1,0.5833333333333334,0.8333333333333334,12,7,10
27,3,60,10,Even small actions can lead to larger positive change to our daily lives!,0.5293159609120521,1,0,0.9230769230769231,0.0,13,12,0
16,7,90,0,"Cooking has always been something I needed to do every day, but recently, I’ve started seeing it as a way to relax and enjoy myself.",0.42372881355932196,1,1,1.0,0.8,25,25,20
16,7,90,1,"Mindful cooking means paying full attention while making a meal, focusing on each step, and enjoying the process rather than rushing.",0.44266441821247887,1,0,0.8095238095238095,0.23809523809523808,21,17,5
16,7,90,2,"I start by choosing fresh ingredients, noticing their colors, textures, and smells.",0.5172413793103449,1,0,0.9166666666666666,0.16666666666666666,12,11,2
16,7,90,3,"As I cut, stir, and season, I pay attention to the sounds of vegetables cooking, the feel of the dough, and the aroma of spices.",0.43222683264177036,1,0,0.84,0.08,25,21,2
16,7,90,4,This way of cooking has changed how I feel about making food.,0.5535055350553506,1,1,0.8333333333333334,0.5,12,10,6
16,7,90,5,"Now, instead of thinking of it as just another chore, I see it as a creative activity and a way to take care of myself.",0.43584379358437936,1,0,0.76,0.04,25,19,1
16,7,90,6,"It also makes the food taste better and more enjoyable, because each dish is made with care and attention.",0.47123015873015867,1,0,0.631578947368421,0.0,19,12,0
13,4,90,0,"Hello, fitness enthusiasts!",0.5769230769230769,1,1,1.0,1.0,3,3,3
13,4,90,1,I recently embarked on a new workout regimen and wanted to share a few insights that have helped me maintain consistency and stay motivated.,0.42613636363636365,1,1,0.9166666666666666,0.6666666666666666,24,22,16
13,4,90,2,"Setting realistic, attainable goals has been essential.",0.550314465408805,1,1,0.8571428571428571,1.0,7,6,7
13,4,90,3,"Instead of aiming for an intense workout daily, I’ve focused on incremental improvements, making progress more manageable and enjoyable.",0.4432624113475177,1,0,0.8421052631578947,0.05263157894736842,19,16,1
13,4,90,4,"Another key factor has been having a workout partner, which has kept me accountable and added a social element, making exercise more fun.",0.43298192771084343,1,0,0.782608695652174,0.0,23,18,0
13,4,90,5,"We check in regularly, keeping us on track.",0.6024096385542168,1,0,0.75,0.0,8,6,0
13,4,90,6,"Finally, I’ve come to appreciate the importance of rest and recovery.",0.539568345323741,0,0,0.45454545454545453,0.0,11,5,0
13,4,90,7,Taking time to listen to my body and allow for proper rest days has actually enhanced my performance and overall well-being.,0.444264943457189,1,0,0.6666666666666666,0.0,21,14,0
13,4,90,8,"If you’re starting a new routine, remember that consistency is key, but balance is equally important.",0.48405466970387245,0,0,0.375,0.125,16,6,2
13,4,90,9,Let’s keep pushing towards our fitness goals together!,0.5681818181818182,1,0,0.5,0.0,8,4,0
24,5,90,0,Hello fellow readers!,0.625,1,1,1.0,1.0,3,3,3
24,5,90,1,"I wanted to share my thoughts on a remarkable book I just finished, The Journey Within.",0.5025125628140703,1,1,0.9375,0.875,16,15,14
24,5,90,2,"This novel delves into themes of self-discovery and personal growth, exploring how the protagonist navigates complex emotional landscapes to understand themselves better.",0.41189111747851004,1,1,0.8181818181818182,0.6363636363636364,22,18,14
24,5,90,3,What struck me most was its ability to challenge my own perspectives.,0.5376344086021506,1,1,0.6666666666666666,0.8333333333333334,12,8,10
24,5,90,4,"The author’s nuanced portrayal of the characters’ struggles felt incredibly authentic, prompting me to reflect on my own life decisions.",0.4404362416107382,1,1,0.8,0.75,20,16,15
24,5,90,5,It’s rare to find a book that entertains and prompts introspection.,0.5415162454873647,1,1,0.8181818181818182,0.6363636363636364,11,9,7
24,5,90,6,I’m eager to hear what everyone has been reading lately.,0.565843621399177,1,1,0.7,0.6,10,7,6
24,5,90,7,Have you come across any books that left a lasting impression?,0.5522088353413654,1,1,0.8181818181818182,0.36363636363636365,11,9,4
24,5,90,8,Let’s discuss our favorite reads and share recommendations.,0.5541871921182265,1,0,0.75,0.0,8,6,0
24,5,90,9,There’s something special about connecting over a good book and exchanging ideas with fellow literature lovers.,0.4711751662971175,1,0,0.75,0.0625,16,12,1
24,5,90,10,Looking forward to hearing your thoughts!,0.5859375,1,0,0.6666666666666666,0.0,6,4,0
21,6,90,0,"In today’s hyper-connected world, taking a step back from constant digital engagement can feel challenging but profoundly rewarding.",0.4456327985739751,1,1,0.5555555555555556,0.8888888888888888,18,10,16
21,6,90,1,"A digital detox doesn’t necessarily mean abandoning technology altogether; rather, it’s about finding a healthy balance.",0.4620123203285421,1,1,0.75,0.4375,16,12,7
21,6,90,2,"I recently decided to implement a digital detox routine, where I set aside specific times during the day to disconnect from screens and reconnect with the physical world.",0.39637599093997733,1,1,0.6428571428571429,0.5357142857142857,28,18,15
21,6,90,3,"One change was establishing tech-free zones in my home, like the bedroom and dining area, which has improved my sleep and presence during meals.",0.4211590296495957,1,1,0.6666666666666666,0.5416666666666666,24,16,13
21,6,90,4,I’ve also dedicated my mornings to analog activities like reading a book or taking a walk instead of reaching for my phone.,0.4409509202453987,1,1,0.5454545454545454,0.5454545454545454,22,12,12
21,6,90,5,"The benefits have been noticeable—I feel more focused, less overwhelmed, and have more time for hobbies.",0.4807692307692307,1,1,0.625,0.75,16,10,12
21,6,90,6,"If you’re considering a digital detox, start small by setting limits on social media or creating screen-free zones.",0.45955882352941174,1,0,0.7222222222222222,0.0,18,13,0
22,1,90,0,"A local high school has launched a robotics program to inspire students to explore careers in science, technology, engineering, and mathematics (STEM).",0.4290171606864274,1,1,0.7727272727272727,0.7272727272727273,22,17,16
22,1,90,1,"The program, which began this week, offers hands-on experience in designing and building robots, along with lessons in coding, electronics, and problem-solving.",0.41724617524339364,1,1,0.7272727272727273,0.6363636363636364,22,16,14
22,1,90,2,The school partnered with local tech companies to provide resources and mentorship.,0.5119453924914675,1,1,0.75,0.3333333333333333,12,9,4
22,1,90,3,Students will also have the opportunity to compete in regional and national robotics competitions.,0.49019607843137253,1,0,0.5714285714285714,0.21428571428571427,14,8,3
22,1,90,4,"The principal expressed enthusiasm, stating it provides a unique chance for students to engage with cutting-edge technology.",0.4573170731707317,1,1,0.7647058823529411,0.7058823529411765,17,13,12
22,1,90,5,"Parents support the initiative, noting it prepares students for careers in a rapidly evolving job market.",0.4807692307692307,0,0,0.4375,0.9375,16,7,15
22,1,90,6,"The program is expected to grow, with plans for advanced courses and summer camps.",0.5147058823529412,1,1,0.5714285714285714,0.7142857142857143,14,8,10
22,1,90,7,"By investing in STEM education, the school aims to empower students to become innovators and leaders in technology.",0.46583850931677023,1,0,0.8333333333333334,0.0,18,15,0
8,4,30,0,"Hello, fitness enthusiasts!",0.5769230769230769,1,0,1.0,0.0,3,3,0
8,4,30,1,I recently embarked on a new workout regimen and wanted to share a few insights that have helped me maintain consistency and stay motivated.,0.42613636363636365,1,0,0.5833333333333334,0.0,24,14,0
8,4,30,2,"Setting realistic, attainable goals has been essential.",0.550314465408805,1,0,0.7142857142857143,0.0,7,5,0
8,4,30,3,"Instead of aiming for an intense workout daily, I’ve focused on incremental improvements, making progress more manageable and enjoyable.",0.4432624113475177,1,0,0.5263157894736842,0.15789473684210525,19,10,3
8,4,30,4,"Another key factor has been having a workout partner, which has kept me accountable and added a social element, making exercise more fun.",0.43298192771084343,1,0,0.782608695652174,0.043478260869565216,23,18,1
8,4,30,5,"We check in regularly, keeping us on track.",0.6024096385542168,1,0,0.625,0.0,8,5,0
8,4,30,6,"Finally, I’ve come to appreciate the importance of rest and recovery.",0.539568345323741,1,0,0.5454545454545454,0.0,11,6,0
8,4,30,7,Taking time to listen to my body and allow for proper rest days has actually enhanced my performance and overall well-being.,0.444264943457189,0,0,0.3333333333333333,0.0,21,7,0
8,4,30,8,"If you’re starting a new routine, remember that consistency is key, but balance is equally important.",0.48405466970387245,1,0,0.6875,0.1875,16,11,3
8,4,30,9,Let’s keep pushing towards our fitness goals together!,0.5681818181818182,1,0,0.5,0.0,8,4,0
12,0,90,0,The city has announced an expansion of its public bicycle program to meet growing demand for eco-friendly transportation.,0.4567307692307693,1,1,0.8333333333333334,0.8888888888888888,18,15,16
12,0,90,1,"Starting next month, 500 new bikes will be added to the fleet, and new docking stations will be installed across key areas.",0.4464285714285714,1,1,0.7727272727272727,0.6363636363636364,22,17,14
12,0,90,2,"Launched three years ago, the program has seen significant growth, with daily ridership up by 20% in the past year.",0.46125461254612543,1,1,0.95,0.6,20,19,12
12,0,90,3,"City officials believe the expansion will encourage more residents to bike rather than drive, especially for short trips.",0.4601226993865031,1,1,0.8333333333333334,0.3333333333333333,18,15,6
12,0,90,4,"The new bikes have GPS tracking and improved safety features, including reflective strips and better lighting.",0.4750593824228029,0,0,0.375,0.75,16,6,12
12,0,90,5,"Additionally, the city will launch a public awareness campaign to promote safe biking practices, including workshops and free helmets.",0.4472693032015066,1,0,0.8421052631578947,0.21052631578947367,19,16,4
12,0,90,6,The goal is to reduce traffic congestion and pollution while promoting a healthier lifestyle.,0.4971590909090909,1,0,0.6428571428571429,0.14285714285714285,14,9,2
12,0,90,7,"With these initiatives, the city hopes to lead in sustainable urban transportation.",0.5136986301369862,1,0,0.75,0.0,12,9,0
30,1,60,0,"A local high school has launched a robotics program to inspire students to explore careers in science, technology, engineering, and mathematics (STEM).",0.4290171606864274,1,0,0.9090909090909091,0.0,22,20,0
30,1,60,1,"The program, which began this week, offers hands-on experience in designing and building robots, along with lessons in coding, electronics, and problem-solving.",0.41724617524339364,1,0,0.9090909090909091,0.0,22,20,0
30,1,60,2,The school partnered with local tech companies to provide resources and mentorship.,0.5119453924914675,1,0,0.8333333333333334,0.0,12,10,0
30,1,60,3,Students will also have the opportunity to compete in regional and national robotics competitions.,0.49019607843137253,1,0,0.7142857142857143,0.07142857142857142,14,10,1
30,1,60,4,"The principal expressed enthusiasm, stating it provides a unique chance for students to engage with cutting-edge technology.",0.4573170731707317,1,0,0.7058823529411765,0.0,17,12,0
30,1,60,5,"Parents support the initiative, noting it prepares students for careers in a rapidly evolving job market.",0.4807692307692307,1,0,0.75,0.125,16,12,2
30,1,60,6,"The program is expected to grow, with plans for advanced courses and summer camps.",0.5147058823529412,1,0,0.8571428571428571,0.0,14,12,0
30,1,60,7,"By investing in STEM education, the school aims to empower students to become innovators and leaders in technology.",0.46583850931677023,1,0,0.8888888888888888,0.0,18,16,0
8,8,60,0,"Traveling has always been one of my greatest passions, and over the years, I’ve learned that less truly is more when it comes to packing.",0.42098445595854916,1,1,0.8,0.68,25,20,17
8,8,60,1,Adopting a minimalist approach to travel has not only lightened my physical load but also enhanced my overall travel experience.,0.4480286738351254,1,1,0.5,0.65,20,10,13
8,8,60,2,The key is careful planning.,0.6377551020408163,0,0,0.0,0.6,5,0,3
8,8,60,3,"Before each trip, I list essentials, focusing on versatile clothing and multipurpose items.",0.5030959752321982,1,0,0.6923076923076923,0.07692307692307693,13,9,1
8,8,60,4,"This allows me to pack everything into a single carry-on, avoiding the hassle of checked luggage and making it easier to navigate airports and cities.",0.4134860050890586,1,0,0.88,0.28,25,22,7
8,8,60,5,Traveling light encourages a mindful experience.,0.5555555555555556,1,0,0.8333333333333334,0.0,6,5,0
8,8,60,6,"With fewer possessions to worry about, I can fully immerse myself in the destination, appreciating the culture and scenery without distractions.",0.43460264900662254,1,0,0.8095238095238095,0.0,21,17,0
8,8,60,7,"It has also taught me to value experiences over things, as the memories I create during my travels far outweigh any material items I might collect along the way.",0.3966083150984683,1,0,0.5172413793103449,0.0,29,15,0
6,2,30,0,The city’s community garden project is expanding and will soon reach more neighborhoods.,0.5043227665706052,1,1,0.7692307692307693,0.8461538461538461,13,10,11
6,2,30,1,"This project, started five years ago, now has over 20 garden sites citywide.",0.5275974025974026,1,0,0.8461538461538461,0.07692307692307693,13,11,1
6,2,30,2,"The expansion will add five more gardens across the city, especially in areas needing them most.",0.49140049140049136,1,0,0.75,0.0,16,12,0
6,2,30,3,These gardens give residents a chance to grow fruits and vegetables.,0.5392156862745098,1,0,0.8181818181818182,0.0,11,9,0
6,2,30,4,"Community gardens are important, providing fresh food and a place for neighbors to gather.",0.5028735632183908,0,0,0.0,0.7857142857142857,14,0,11
6,2,30,5,"The new gardens will feature raised beds, composting stations, and water-saving systems.",0.5078125,1,0,0.6666666666666666,0.0,12,8,0
6,2,30,6,Local volunteers will teach gardening classes to promote eco-friendly practices.,0.5149812734082397,1,0,0.7,0.0,10,7,0
6,2,30,7,"City officials are excited about the gardens' environmental benefits of these gardens, reducing the city’s carbon footprint by encouraging local food production.",0.4178779069767442,0,0,0.22727272727272727,0.0,22,5,0
13,2,60,0,The city’s community garden project is expanding and will soon reach more neighborhoods.,0.5043227665706052,1,1,0.7692307692307693,0.9230769230769231,13,10,12
13,2,60,1,"This project, started five years ago, now has over 20 garden sites citywide.",0.5275974025974026,1,0,0.9230769230769231,0.07692307692307693,13,12,1
13,2,60,2,"The expansion will add five more gardens across the city, especially in areas needing them most.",0.49140049140049136,1,0,0.625,0.0,16,10,0
13,2,60,3,These gardens give residents a chance to grow fruits and vegetables.,0.5392156862745098,1,0,0.7272727272727273,0.0,11,8,0
13,2,60,4,"Community gardens are important, providing fresh food and a place for neighbors to gather.",0.5028735632183908,0,0,0.0,0.7857142857142857,14,0,11
13,2,60,5,"The new gardens will feature raised beds, composting stations, and water-saving systems.",0.5078125,1,0,0.75,0.16666666666666666,12,9,2
13,2,60,6,Local volunteers will teach gardening classes to promote eco-friendly practices.,0.5149812734082397,1,0,0.8,0.0,10,8,0
13,2,60,7,"City officials are excited about the gardens' environmental benefits of these gardens, reducing the city’s carbon footprint by encouraging local food production.",0.4178779069767442,1,0,0.7272727272727273,0.0,22,16,0
13,2,60,8,"They also add green spaces in crowded areas, improving neighborhood livability.",0.5188679245283019,1,1,0.6363636363636364,0.36363636363636365,11,7,4
13,2,60,9,The expansion has been funded by city grants and local business donations.,0.528169014084507,0,0,0.4166666666666667,0.0,12,5,0
20,7,60,0,"Cooking has always been something I needed to do every day, but recently, I’ve started seeing it as a way to relax and enjoy myself.",0.42372881355932196,1,0,0.88,0.28,25,22,7
20,7,60,1,"Mindful cooking means paying full attention while making a meal, focusing on each step, and enjoying the process rather than rushing.",0.44266441821247887,1,0,0.6666666666666666,0.23809523809523808,21,14,5
20,7,60,2,"I start by choosing fresh ingredients, noticing their colors, textures, and smells.",0.5172413793103449,1,0,0.8333333333333334,0.0,12,10,0
20,7,60,3,"As I cut, stir, and season, I pay attention to the sounds of vegetables cooking, the feel of the dough, and the aroma of spices.",0.43222683264177036,1,0,0.52,0.0,25,13,0
20,7,60,4,This way of cooking has changed how I feel about making food.,0.5535055350553506,1,0,0.5833333333333334,0.0,12,7,0
20,7,60,5,"Now, instead of thinking of it as just another chore, I see it as a creative activity and a way to take care of myself.",0.43584379358437936,1,0,0.52,0.04,25,13,1
20,7,60,6,"It also makes the food taste better and more enjoyable, because each dish is made with care and attention.",0.47123015873015867,1,0,0.6842105263157895,0.0,19,13,0
21,0,60,0,The city has announced an expansion of its public bicycle program to meet growing demand for eco-friendly transportation.,0.4567307692307693,1,1,0.5555555555555556,0.6666666666666666,18,10,12
21,0,60,1,"Starting next month, 500 new bikes will be added to the fleet, and new docking stations will be installed across key areas.",0.4464285714285714,1,1,0.5454545454545454,0.45454545454545453,22,12,10
21,0,60,2,"Launched three years ago, the program has seen significant growth, with daily ridership up by 20% in the past year.",0.46125461254612543,1,1,0.7,0.3,20,14,6
21,0,60,3,"City officials believe the expansion will encourage more residents to bike rather than drive, especially for short trips.",0.4601226993865031,1,0,0.5,0.2222222222222222,18,9,4
21,0,60,4,"The new bikes have GPS tracking and improved safety features, including reflective strips and better lighting.",0.4750593824228029,1,0,0.875,0.0,16,14,0
21,0,60,5,"Additionally, the city will launch a public awareness campaign to promote safe biking practices, including workshops and free helmets.",0.4472693032015066,1,0,0.7894736842105263,0.0,19,15,0
21,0,60,6,The goal is to reduce traffic congestion and pollution while promoting a healthier lifestyle.,0.4971590909090909,1,0,0.7142857142857143,0.21428571428571427,14,10,3
21,0,60,7,"With these initiatives, the city hopes to lead in sustainable urban transportation.",0.5136986301369862,1,0,0.6666666666666666,0.0,12,8,0
21,8,60,0,"Traveling has always been one of my greatest passions, and over the years, I’ve learned that less truly is more when it comes to packing.",0.42098445595854916,1,0,0.88,0.16,25,22,4
21,8,60,1,Adopting a minimalist approach to travel has not only lightened my physical load but also enhanced my overall travel experience.,0.4480286738351254,1,0,0.65,0.25,20,13,5
21,8,60,2,The key is careful planning.,0.6377551020408163,0,0,0.4,0.4,5,2,2
21,8,60,3,"Before each trip, I list essentials, focusing on versatile clothing and multipurpose items.",0.5030959752321982,1,1,0.7692307692307693,0.38461538461538464,13,10,5
21,8,60,4,"This allows me to pack everything into a single carry-on, avoiding the hassle of checked luggage and making it easier to navigate airports and cities.",0.4134860050890586,1,1,0.68,0.48,25,17,12
21,8,60,5,Traveling light encourages a mindful experience.,0.5555555555555556,1,1,0.8333333333333334,0.8333333333333334,6,5,5
21,8,60,6,"With fewer possessions to worry about, I can fully immerse myself in the destination, appreciating the culture and scenery without distractions.",0.43460264900662254,1,0,0.8095238095238095,0.09523809523809523,21,17,2
21,8,60,7,"It has also taught me to value experiences over things, as the memories I create during my travels far outweigh any material items I might collect along the way.",0.3966083150984683,0,0,0.4482758620689655,0.0,29,13,0
19,4,60,0,"Hello, fitness enthusiasts!",0.5769230769230769,1,1,1.0,1.0,3,3,3
19,4,60,1,I recently embarked on a new workout regimen and wanted to share a few insights that have helped me maintain consistency and stay motivated.,0.42613636363636365,1,1,0.5,0.7083333333333334,24,12,17
19,4,60,2,"Setting realistic, attainable goals has been essential.",0.550314465408805,0,0,0.2857142857142857,0.14285714285714285,7,2,1
19,4,60,3,"Instead of aiming for an intense workout daily, I’ve focused on incremental improvements, making progress more manageable and enjoyable.",0.4432624113475177,0,0,0.05263157894736842,0.7894736842105263,19,1,15
19,4,60,4,"Another key factor has been having a workout partner, which has kept me accountable and added a social element, making exercise more fun.",0.43298192771084343,0,0,0.391304347826087,0.6086956521739131,23,9,14
19,4,60,5,"We check in regularly, keeping us on track.",0.6024096385542168,0,0,0.0,0.625,8,0,5
19,4,60,6,"Finally, I’ve come to appreciate the importance of rest and recovery.",0.539568345323741,0,0,0.0,0.18181818181818182,11,0,2
19,4,60,7,Taking time to listen to my body and allow for proper rest days has actually enhanced my performance and overall well-being.,0.444264943457189,0,0,0.047619047619047616,0.7142857142857143,21,1,15
19,4,60,8,"If you’re starting a new routine, remember that consistency is key, but balance is equally important.",0.48405466970387245,1,1,0.5,0.375,16,8,6
19,4,60,9,Let’s keep pushing towards our fitness goals together!,0.5681818181818182,1,0,0.875,0.0,8,7,0
10,4,90,0,"Hello, fitness enthusiasts!",0.5769230769230769,1,1,1.0,1.0,3,3,3
10,4,90,1,I recently embarked on a new workout regimen and wanted to share a few insights that have helped me maintain consistency and stay motivated.,0.42613636363636365,1,1,0.875,0.75,24,21,18
10,4,90,2,"Setting realistic, attainable goals has been essential.",0.550314465408805,1,1,0.7142857142857143,0.5714285714285714,7,5,4
10,4,90,3,"Instead of aiming for an intense workout daily, I’ve focused on incremental improvements, making progress more manageable and enjoyable.",0.4432624113475177,1,1,0.7894736842105263,0.3684210526315789,19,15,7
10,4,90,4,"Another key factor has been having a workout partner, which has kept me accountable and added a social element, making exercise more fun.",0.43298192771084343,1,1,0.8260869565217391,0.5217391304347826,23,19,12
10,4,90,5,"We check in regularly, keeping us on track.",0.6024096385542168,1,1,0.625,0.875,8,5,7
10,4,90,6,"Finally, I’ve come to appreciate the importance of rest and recovery.",0.539568345323741,1,1,0.7272727272727273,0.5454545454545454,11,8,6
10,4,90,7,Taking time to listen to my body and allow for proper rest days has actually enhanced my performance and overall well-being.,0.444264943457189,1,0,0.5238095238095238,0.09523809523809523,21,11,2
10,4,90,8,"If you’re starting a new routine, remember that consistency is key, but balance is equally important.",0.48405466970387245,1,0,0.5625,0.25,16,9,4
10,4,90,9,Let’s keep pushing towards our fitness goals together!,0.5681818181818182,1,0,0.75,0.0,8,6,0
24,1,30,0,"A local high school has launched a robotics program to inspire students to explore careers in science, technology, engineering, and mathematics (STEM).",0.4290171606864274,1,0,0.6818181818181818,0.0,22,15,0
24,1,30,1,"The program, which began this week, offers hands-on experience in designing and building robots, along with lessons in coding, electronics, and problem-solving.",0.41724617524339364,1,0,0.6818181818181818,0.0,22,15,0
24,1,30,2,The school partnered with local tech companies to provide resources and mentorship.,0.5119453924914675,1,0,0.6666666666666666,0.0,12,8,0
24,1,30,3,Students will also have the opportunity to compete in regional and national robotics competitions.,0.49019607843137253,1,0,0.5714285714285714,0.0,14,8,0
24,1,30,4,"The principal expressed enthusiasm, stating it provides a unique chance for students to engage with cutting-edge technology.",0.4573170731707317,1,0,0.7058823529411765,0.0,17,12,0
24,1,30,5,"Parents support the initiative, noting it prepares students for careers in a rapidly evolving job market.",0.4807692307692307,1,0,0.6875,0.0,16,11,0
24,1,30,6,"The program is expected to grow, with plans for advanced courses and summer camps.",0.5147058823529412,1,0,0.6428571428571429,0.0,14,9,0
24,1,30,7,"By investing in STEM education, the school aims to empower students to become innovators and leaders in technology.",0.46583850931677023,1,0,0.7222222222222222,0.0,18,13,0
25,0,60,0,The city has announced an expansion of its public bicycle program to meet growing demand for eco-friendly transportation.,0.4567307692307693,1,0,0.7777777777777778,0.05555555555555555,18,14,1
25,0,60,1,"Starting next month, 500 new bikes will be added to the fleet, and new docking stations will be installed across key areas.",0.4464285714285714,1,0,0.6818181818181818,0.09090909090909091,22,15,2
25,0,60,2,"Launched three years ago, the program has seen significant growth, with daily ridership up by 20% in the past year.",0.46125461254612543,1,0,0.7,0.0,20,14,0
25,0,60,3,"City officials believe the expansion will encourage more residents to bike rather than drive, especially for short trips.",0.4601226993865031,1,0,0.8333333333333334,0.0,18,15,0
25,0,60,4,"The new bikes have GPS tracking and improved safety features, including reflective strips and better lighting.",0.4750593824228029,1,1,0.5625,0.3125,16,9,5
25,0,60,5,"Additionally, the city will launch a public awareness campaign to promote safe biking practices, including workshops and free helmets.",0.4472693032015066,0,0,0.05263157894736842,0.0,19,1,0
7,0,90,0,The city has announced an expansion of its public bicycle program to meet growing demand for eco-friendly transportation.,0.4567307692307693,1,1,0.7777777777777778,0.8333333333333334,18,14,15
7,0,90,1,"Starting next month, 500 new bikes will be added to the fleet, and new docking stations will be installed across key areas.",0.4464285714285714,1,1,0.6818181818181818,0.5909090909090909,22,15,13
7,0,90,2,"Launched three years ago, the program has seen significant growth, with daily ridership up by 20% in the past year.",0.46125461254612543,1,1,0.7,0.4,20,14,8
7,0,90,3,"City officials believe the expansion will encourage more residents to bike rather than drive, especially for short trips.",0.4601226993865031,1,0,0.5555555555555556,0.2222222222222222,18,10,4
7,0,90,4,"The new bikes have GPS tracking and improved safety features, including reflective strips and better lighting.",0.4750593824228029,1,0,1.0,0.125,16,16,2
7,0,90,5,"Additionally, the city will launch a public awareness campaign to promote safe biking practices, including workshops and free helmets.",0.4472693032015066,1,0,0.9473684210526315,0.0,19,18,0
7,0,90,6,The goal is to reduce traffic congestion and pollution while promoting a healthier lifestyle.,0.4971590909090909,1,0,0.8571428571428571,0.21428571428571427,14,12,3
7,0,90,7,"With these initiatives, the city hopes to lead in sustainable urban transportation.",0.5136986301369862,1,0,0.9166666666666666,0.0,12,11,0
17,1,60,0,"A local high school has launched a robotics program to inspire students to explore careers in science, technology, engineering, and mathematics (STEM).",0.4290171606864274,1,1,0.9090909090909091,0.3181818181818182,22,20,7
17,1,60,1,"The program, which began this week, offers hands-on experience in designing and building robots, along with lessons in coding, electronics, and problem-solving.",0.41724617524339364,1,1,0.8181818181818182,0.7272727272727273,22,18,16
17,1,60,2,The school partnered with local tech companies to provide resources and mentorship.,0.5119453924914675,1,1,0.8333333333333334,0.5,12,10,6
17,1,60,3,Students will also have the opportunity to compete in regional and national robotics competitions.,0.49019607843137253,1,1,0.5,0.5714285714285714,14,7,8
17,1,60,4,"The principal expressed enthusiasm, stating it provides a unique chance for students to engage with cutting-edge technology.",0.4573170731707317,0,0,0.23529411764705882,0.5294117647058824,17,4,9
17,1,60,5,"Parents support the initiative, noting it prepares students for careers in a rapidly evolving job market.",0.4807692307692307,1,0,0.75,0.125,16,12,2
17,1,60,6,"The program is expected to grow, with plans for advanced courses and summer camps.",0.5147058823529412,1,0,0.7142857142857143,0.0,14,10,0
17,1,60,7,"By investing in STEM education, the school aims to empower students to become innovators and leaders in technology.",0.46583850931677023,1,0,0.6111111111111112,0.0,18,11,0
7,4,30,0,"Hello, fitness enthusiasts!",0.5769230769230769,1,0,1.0,0.0,3,3,0
7,4,30,1,I recently embarked on a new workout regimen and wanted to share a few insights that have helped me maintain consistency and stay motivated.,0.42613636363636365,1,0,0.5833333333333334,0.0,24,14,0
7,4,30,2,"Setting realistic, attainable goals has been essential.",0.550314465408805,1,0,0.8571428571428571,0.0,7,6,0
7,4,30,3,"Instead of aiming for an intense workout daily, I’ve focused on incremental improvements, making progress more manageable and enjoyable.",0.4432624113475177,1,0,0.631578947368421,0.0,19,12,0
7,4,30,4,"Another key factor has been having a workout partner, which has kept me accountable and added a social element, making exercise more fun.",0.43298192771084343,1,0,0.6956521739130435,0.0,23,16,0
7,4,30,5,"We check in regularly, keeping us on track.",0.6024096385542168,1,0,0.75,0.0,8,6,0
7,4,30,6,"Finally, I’ve come to appreciate the importance of rest and recovery.",0.539568345323741,1,0,0.7272727272727273,0.0,11,8,0
7,4,30,7,Taking time to listen to my body and allow for proper rest days has actually enhanced my performance and overall well-being.,0.444264943457189,1,0,0.6666666666666666,0.0,21,14,0
31,6,30,0,"In today’s hyper-connected world, taking a step back from constant digital engagement can feel challenging but profoundly rewarding.",0.4456327985739751,1,0,0.7777777777777778,0.0,18,14,0
31,6,30,1,"A digital detox doesn’t necessarily mean abandoning technology altogether; rather, it’s about finding a healthy balance.",0.4620123203285421,1,0,0.8125,0.0,16,13,0
31,6,30,2,"I recently decided to implement a digital detox routine, where I set aside specific times during the day to disconnect from screens and reconnect with the physical world.",0.39637599093997733,1,0,0.6785714285714286,0.0,28,19,0
31,6,30,3,"One change was establishing tech-free zones in my home, like the bedroom and dining area, which has improved my sleep and presence during meals.",0.4211590296495957,1,0,0.6666666666666666,0.0,24,16,0
31,6,30,4,I’ve also dedicated my mornings to analog activities like reading a book or taking a walk instead of reaching for my phone.,0.4409509202453987,0,0,0.36363636363636365,0.0,22,8,0
22,3,30,0,"Lately, I am making an effort to incorporate more sustainable practices into my routine.",0.5057803468208092,1,0,0.5714285714285714,0.0,14,8,0
22,3,30,1,I first changed to reduce my reliance on single-use plastics.,0.5544354838709677,1,0,0.5,0.0,10,5,0
22,3,30,2,"Switching to reusable bags, containers, and produce bags has significantly cut the waste I generate.",0.48955613577023505,0,0,0.26666666666666666,0.13333333333333333,15,4,2
22,3,30,3,"I’ve also focused on minimizing food waste, which helps the environment and saves money.",0.5040322580645161,0,0,0.35714285714285715,0.07142857142857142,14,5,1
22,3,30,4,"Meal planning has been a game-changer, as I only buy what I need, resulting in fewer leftovers.",0.48701298701298706,0,0,0.47058823529411764,0.11764705882352941,17,8,2
22,3,30,5,"Additionally, I set up a small compost bin in my backyard.",0.5635245901639344,0,0,0.36363636363636365,0.09090909090909091,11,4,1
22,3,30,6,It’s gratifying to know my food scraps are repurposed into something beneficial for the garden instead of ending up in a landfill.,0.4362670713201821,0,0,0.4090909090909091,0.45454545454545453,22,9,10
22,3,30,7,I’m curious how others are working towards sustainability.,0.556930693069307,0,0,0.375,0.375,8,3,3
22,3,30,8,What small changes you made that had a big impact?,0.5813953488372093,0,0,0.4,0.1,10,4,1
22,3,30,9,Let’s exchange ideas and support each other in making our community greener.,0.5241935483870968,1,0,0.5833333333333334,0.08333333333333333,12,7,1
22,3,30,10,Even small actions can lead to larger positive change to our daily lives!,0.5293159609120521,0,0,0.38461538461538464,0.0,13,5,0
29,2,30,0,The city’s community garden project is expanding and will soon reach more neighborhoods.,0.5043227665706052,1,0,0.8461538461538461,0.0,13,11,0
29,2,30,1,"This project, started five years ago, now has over 20 garden sites citywide.",0.5275974025974026,1,1,0.5384615384615384,0.7692307692307693,13,7,10
29,2,30,2,"The expansion will add five more gardens across the city, especially in areas needing them most.",0.49140049140049136,1,0,0.8125,0.0,16,13,0
29,2,30,3,These gardens give residents a chance to grow fruits and vegetables.,0.5392156862745098,1,0,0.6363636363636364,0.0,11,7,0
29,2,30,4,"Community gardens are important, providing fresh food and a place for neighbors to gather.",0.5028735632183908,0,0,0.0,0.7857142857142857,14,0,11
29,2,30,5,"The new gardens will feature raised beds, composting stations, and water-saving systems.",0.5078125,1,0,0.9166666666666666,0.0,12,11,0
29,2,30,6,Local volunteers will teach gardening classes to promote eco-friendly practices.,0.5149812734082397,1,0,0.7,0.0,10,7,0
29,2,30,7,"City officials are excited about the gardens' environmental benefits of these gardens, reducing the city’s carbon footprint by encouraging local food production.",0.4178779069767442,1,0,0.7727272727272727,0.0,22,17,0
21,7,60,0,"Cooking has always been something I needed to do every day, but recently, I’ve started seeing it as a way to relax and enjoy myself.",0.42372881355932196,1,1,0.64,0.32,25,16,8
21,7,60,1,"Mindful cooking means paying full attention while making a meal, focusing on each step, and enjoying the process rather than rushing.",0.44266441821247887,1,1,0.7142857142857143,0.47619047619047616,21,15,10
21,7,60,2,"I start by choosing fresh ingredients, noticing their colors, textures, and smells.",0.5172413793103449,1,1,0.75,0.6666666666666666,12,9,8
21,7,60,3,"As I cut, stir, and season, I pay attention to the sounds of vegetables cooking, the feel of the dough, and the aroma of spices.",0.43222683264177036,1,1,0.72,0.44,25,18,11
21,7,60,4,This way of cooking has changed how I feel about making food.,0.5535055350553506,1,1,0.5833333333333334,0.6666666666666666,12,7,8
21,7,60,5,"Now, instead of thinking of it as just another chore, I see it as a creative activity and a way to take care of myself.",0.43584379358437936,1,1,0.6,0.44,25,15,11
21,7,60,6,"It also makes the food taste better and more enjoyable, because each dish is made with care and attention.",0.47123015873015867,1,0,0.631578947368421,0.0,19,12,0
14,5,30,0,Hello fellow readers!,0.625,1,1,0.6666666666666666,1.0,3,2,3
14,5,30,1,"I wanted to share my thoughts on a remarkable book I just finished, The Journey Within.",0.5025125628140703,1,0,0.6875,0.0,16,11,0
14,5,30,2,"This novel delves into themes of self-discovery and personal growth, exploring how the protagonist navigates complex emotional landscapes to understand themselves better.",0.41189111747851004,1,0,0.7272727272727273,0.0,22,16,0
14,5,30,3,What struck me most was its ability to challenge my own perspectives.,0.5376344086021506,1,0,0.5833333333333334,0.0,12,7,0
14,5,30,4,"The author’s nuanced portrayal of the characters’ struggles felt incredibly authentic, prompting me to reflect on my own life decisions.",0.4404362416107382,1,0,0.7,0.05,20,14,1
14,5,30,5,It’s rare to find a book that entertains and prompts introspection.,0.5415162454873647,1,0,0.7272727272727273,0.0,11,8,0
14,5,30,6,I’m eager to hear what everyone has been reading lately.,0.565843621399177,1,0,0.7,0.0,10,7,0
14,5,30,7,Have you come across any books that left a lasting impression?,0.5522088353413654,1,0,0.5454545454545454,0.09090909090909091,11,6,1
14,5,30,8,Let’s discuss our favorite reads and share recommendations.,0.5541871921182265,1,0,0.75,0.0,8,6,0
14,5,30,9,There’s something special about connecting over a good book and exchanging ideas with fellow literature lovers.,0.4711751662971175,0,0,0.375,0.0,16,6,0
19,3,60,0,"Lately, I am making an effort to incorporate more sustainable practices into my routine.",0.5057803468208092,1,1,0.8571428571428571,0.7142857142857143,14,12,10
19,3,60,1,I first changed to reduce my reliance on single-use plastics.,0.5544354838709677,1,1,1.0,0.4,10,10,4
19,3,60,2,"Switching to reusable bags, containers, and produce bags has significantly cut the waste I generate.",0.48955613577023505,1,0,0.7333333333333333,0.26666666666666666,15,11,4
19,3,60,3,"I’ve also focused on minimizing food waste, which helps the environment and saves money.",0.5040322580645161,1,0,0.8571428571428571,0.0,14,12,0
19,3,60,4,"Meal planning has been a game-changer, as I only buy what I need, resulting in fewer leftovers.",0.48701298701298706,1,0,0.8235294117647058,0.23529411764705882,17,14,4
19,3,60,5,"Additionally, I set up a small compost bin in my backyard.",0.5635245901639344,0,0,0.09090909090909091,0.36363636363636365,11,1,4
19,3,60,6,It’s gratifying to know my food scraps are repurposed into something beneficial for the garden instead of ending up in a landfill.,0.4362670713201821,0,0,0.13636363636363635,0.8181818181818182,22,3,18
19,3,60,7,I’m curious how others are working towards sustainability.,0.556930693069307,1,0,0.75,0.25,8,6,2
19,3,60,8,What small changes you made that had a big impact?,0.5813953488372093,0,0,0.0,0.4,10,0,4
19,3,60,9,Let’s exchange ideas and support each other in making our community greener.,0.5241935483870968,1,0,0.8333333333333334,0.25,12,10,3
19,3,60,10,Even small actions can lead to larger positive change to our daily lives!,0.5293159609120521,1,0,0.7692307692307693,0.0,13,10,0
6,8,60,0,"Traveling has always been one of my greatest passions, and over the years, I’ve learned that less truly is more when it comes to packing.",0.42098445595854916,1,0,0.96,0.0,25,24,0
6,8,60,1,Adopting a minimalist approach to travel has not only lightened my physical load but also enhanced my overall travel experience.,0.4480286738351254,1,0,0.55,0.25,20,11,5
6,8,60,2,The key is careful planning.,0.6377551020408163,0,0,0.0,0.6,5,0,3
6,8,60,3,"Before each trip, I list essentials, focusing on versatile clothing and multipurpose items.",0.5030959752321982,1,0,0.7692307692307693,0.0,13,10,0
6,8,60,4,"This allows me to pack everything into a single carry-on, avoiding the hassle of checked luggage and making it easier to navigate airports and cities.",0.4134860050890586,1,0,0.8,0.0,25,20,0
6,8,60,5,Traveling light encourages a mindful experience.,0.5555555555555556,1,0,0.8333333333333334,0.0,6,5,0
6,8,60,6,"With fewer possessions to worry about, I can fully immerse myself in the destination, appreciating the culture and scenery without distractions.",0.43460264900662254,1,0,0.7619047619047619,0.0,21,16,0
6,8,60,7,"It has also taught me to value experiences over things, as the memories I create during my travels far outweigh any material items I might collect along the way.",0.3966083150984683,1,0,0.6896551724137931,0.0,29,20,0
29,6,60,0,"In today’s hyper-connected world, taking a step back from constant digital engagement can feel challenging but profoundly rewarding.",0.4456327985739751,1,1,0.6666666666666666,0.5,18,12,9
29,6,60,1,"A digital detox doesn’t necessarily mean abandoning technology altogether; rather, it’s about finding a healthy balance.",0.4620123203285421,1,1,0.8125,0.625,16,13,10
29,6,60,2,"I recently decided to implement a digital detox routine, where I set aside specific times during the day to disconnect from screens and reconnect with the physical world.",0.39637599093997733,1,1,0.6785714285714286,0.5714285714285714,28,19,16
29,6,60,3,"One change was establishing tech-free zones in my home, like the bedroom and dining area, which has improved my sleep and presence during meals.",0.4211590296495957,1,1,0.625,0.4583333333333333,24,15,11
29,6,60,4,I’ve also dedicated my mornings to analog activities like reading a book or taking a walk instead of reaching for my phone.,0.4409509202453987,1,0,0.7272727272727273,0.045454545454545456,22,16,1
29,6,60,5,"The benefits have been noticeable—I feel more focused, less overwhelmed, and have more time for hobbies.",0.4807692307692307,1,0,0.75,0.0,16,12,0
29,6,60,6,"If you’re considering a digital detox, start small by setting limits on social media or creating screen-free zones.",0.45955882352941174,1,0,0.6666666666666666,0.0,18,12,0
13,8,30,0,"Traveling has always been one of my greatest passions, and over the years, I’ve learned that less truly is more when it comes to packing.",0.42098445595854916,1,0,0.76,0.0,25,19,0
13,8,30,1,Adopting a minimalist approach to travel has not only lightened my physical load but also enhanced my overall travel experience.,0.4480286738351254,1,0,0.8,0.25,20,16,5
13,8,30,2,The key is careful planning.,0.6377551020408163,0,0,0.2,0.4,5,1,2
13,8,30,3,"Before each trip, I list essentials, focusing on versatile clothing and multipurpose items.",0.5030959752321982,0,0,0.07692307692307693,0.23076923076923078,13,1,3
13,8,30,7,"It has also taught me to value experiences over things, as the memories I create during my travels far outweigh any material items I might collect along the way.",0.3966083150984683,0,0,0.3793103448275862,0.0,29,11,0
10,3,90,0,"Lately, I am making an effort to incorporate more sustainable practices into my routine.",0.5057803468208092,1,1,0.7142857142857143,0.7857142857142857,14,10,11
10,3,90,1,I first changed to reduce my reliance on single-use plastics.,0.5544354838709677,0,0,0.4,0.5,10,4,5
10,3,90,2,"Switching to reusable bags, containers, and produce bags has significantly cut the waste I generate.",0.48955613577023505,1,1,0.7333333333333333,0.5333333333333333,15,11,8
10,3,90,3,"I’ve also focused on minimizing food waste, which helps the environment and saves money.",0.5040322580645161,1,1,0.6428571428571429,0.8571428571428571,14,9,12
10,3,90,4,"Meal planning has been a game-changer, as I only buy what I need, resulting in fewer leftovers.",0.48701298701298706,1,0,0.5882352941176471,0.17647058823529413,17,10,3
10,3,90,5,"Additionally, I set up a small compost bin in my backyard.",0.5635245901639344,1,0,0.7272727272727273,0.09090909090909091,11,8,1
10,3,90,6,It’s gratifying to know my food scraps are repurposed into something beneficial for the garden instead of ending up in a landfill.,0.4362670713201821,1,1,0.5909090909090909,0.6363636363636364,22,13,14
10,3,90,7,I’m curious how others are working towards sustainability.,0.556930693069307,1,0,0.875,0.125,8,7,1
10,3,90,8,What small changes you made that had a big impact?,0.5813953488372093,1,0,0.6,0.0,10,6,0
10,3,90,9,Let’s exchange ideas and support each other in making our community greener.,0.5241935483870968,1,0,0.5833333333333334,0.0,12,7,0
10,3,90,10,Even small actions can lead to larger positive change to our daily lives!,0.5293159609120521,1,0,0.7692307692307693,0.0,13,10,0
21,3,30,0,"Lately, I am making an effort to incorporate more sustainable practices into my routine.",0.5057803468208092,1,1,0.5714285714285714,0.5714285714285714,14,8,8
21,3,30,1,I first changed to reduce my reliance on single-use plastics.,0.5544354838709677,1,1,0.5,0.3,10,5,3
21,3,30,2,"Switching to reusable bags, containers, and produce bags has significantly cut the waste I generate.",0.48955613577023505,1,0,0.7333333333333333,0.06666666666666667,15,11,1
21,3,30,3,"I’ve also focused on minimizing food waste, which helps the environment and saves money.",0.5040322580645161,1,0,0.6428571428571429,0.0,14,9,0
21,3,30,4,"Meal planning has been a game-changer, as I only buy what I need, resulting in fewer leftovers.",0.48701298701298706,1,0,0.5294117647058824,0.0,17,9,0
21,3,30,5,"Additionally, I set up a small compost bin in my backyard.",0.5635245901639344,0,0,0.45454545454545453,0.0,11,5,0
21,3,30,6,It’s gratifying to know my food scraps are repurposed into something beneficial for the garden instead of ending up in a landfill.,0.4362670713201821,0,0,0.36363636363636365,0.0,22,8,0
21,3,30,7,I’m curious how others are working towards sustainability.,0.556930693069307,1,0,0.5,0.0,8,4,0
21,3,30,8,What small changes you made that had a big impact?,0.5813953488372093,1,0,0.6,0.0,10,6,0
21,3,30,9,Let’s exchange ideas and support each other in making our community greener.,0.5241935483870968,0,0,0.4166666666666667,0.0,12,5,0
21,3,30,10,Even small actions can lead to larger positive change to our daily lives!,0.5293159609120521,0,0,0.46153846153846156,0.0,13,6,0
9,1,60,0,"A local high school has launched a robotics program to inspire students to explore careers in science, technology, engineering, and mathematics (STEM).",0.4290171606864274,1,1,0.5909090909090909,0.5909090909090909,22,13,13
9,1,60,1,"The program, which began this week, offers hands-on experience in designing and building robots, along with lessons in coding, electronics, and problem-solving.",0.41724617524339364,1,1,0.5909090909090909,0.9090909090909091,22,13,20
9,1,60,2,The school partnered with local tech companies to provide resources and mentorship.,0.5119453924914675,1,0,0.75,0.25,12,9,3
9,1,60,3,Students will also have the opportunity to compete in regional and national robotics competitions.,0.49019607843137253,1,0,0.7142857142857143,0.14285714285714285,14,10,2
9,1,60,4,"The principal expressed enthusiasm, stating it provides a unique chance for students to engage with cutting-edge technology.",0.4573170731707317,0,0,0.35294117647058826,0.058823529411764705,17,6,1
9,1,60,5,"Parents support the initiative, noting it prepares students for careers in a rapidly evolving job market.",0.4807692307692307,1,0,0.5,0.1875,16,8,3
9,1,60,6,"The program is expected to grow, with plans for advanced courses and summer camps.",0.5147058823529412,1,1,0.5714285714285714,0.42857142857142855,14,8,6
9,1,60,7,"By investing in STEM education, the school aims to empower students to become innovators and leaders in technology.",0.46583850931677023,1,0,0.7777777777777778,0.0,18,14,0
29,0,90,0,The city has announced an expansion of its public bicycle program to meet growing demand for eco-friendly transportation.,0.4567307692307693,1,1,0.8333333333333334,0.7777777777777778,18,15,14
29,0,90,1,"Starting next month, 500 new bikes will be added to the fleet, and new docking stations will be installed across key areas.",0.4464285714285714,1,1,0.9545454545454546,0.45454545454545453,22,21,10
29,0,90,2,"Launched three years ago, the program has seen significant growth, with daily ridership up by 20% in the past year.",0.46125461254612543,1,1,0.5,0.6,20,10,12
29,0,90,3,"City officials believe the expansion will encourage more residents to bike rather than drive, especially for short trips.",0.4601226993865031,1,1,0.8333333333333334,0.7777777777777778,18,15,14
29,0,90,4,"The new bikes have GPS tracking and improved safety features, including reflective strips and better lighting.",0.4750593824228029,1,1,0.5625,0.875,16,9,14
29,0,90,5,"Additionally, the city will launch a public awareness campaign to promote safe biking practices, including workshops and free helmets.",0.4472693032015066,1,1,0.8947368421052632,0.5789473684210527,19,17,11
29,0,90,6,The goal is to reduce traffic congestion and pollution while promoting a healthier lifestyle.,0.4971590909090909,1,0,0.5714285714285714,0.21428571428571427,14,8,3
29,0,90,7,"With these initiatives, the city hopes to lead in sustainable urban transportation.",0.5136986301369862,1,0,0.6666666666666666,0.0,12,8,0
14,0,90,0,The city has announced an expansion of its public bicycle program to meet growing demand for eco-friendly transportation.,0.4567307692307693,1,1,0.8333333333333334,0.8333333333333334,18,15,15
14,0,90,1,"Starting next month, 500 new bikes will be added to the fleet, and new docking stations will be installed across key areas.",0.4464285714285714,1,1,0.5909090909090909,0.5454545454545454,22,13,12
14,0,90,2,"Launched three years ago, the program has seen significant growth, with daily ridership up by 20% in the past year.",0.46125461254612543,1,1,0.65,0.5,20,13,10
14,0,90,3,"City officials believe the expansion will encourage more residents to bike rather than drive, especially for short trips.",0.4601226993865031,1,1,0.5555555555555556,0.5,18,10,9
14,0,90,4,"The new bikes have GPS tracking and improved safety features, including reflective strips and better lighting.",0.4750593824228029,1,1,0.75,0.625,16,12,10
14,0,90,5,"Additionally, the city will launch a public awareness campaign to promote safe biking practices, including workshops and free helmets.",0.4472693032015066,1,1,0.631578947368421,0.8421052631578947,19,12,16
14,0,90,6,The goal is to reduce traffic congestion and pollution while promoting a healthier lifestyle.,0.4971590909090909,1,1,0.7142857142857143,0.5714285714285714,14,10,8
14,0,90,7,"With these initiatives, the city hopes to lead in sustainable urban transportation.",0.5136986301369862,1,0,0.8333333333333334,0.0,12,10,0
23,6,90,0,"In today’s hyper-connected world, taking a step back from constant digital engagement can feel challenging but profoundly rewarding.",0.4456327985739751,1,1,0.8888888888888888,0.8333333333333334,18,16,15
23,6,90,1,"A digital detox doesn’t necessarily mean abandoning technology altogether; rather, it’s about finding a healthy balance.",0.4620123203285421,1,1,0.5625,0.625,16,9,10
23,6,90,2,"I recently decided to implement a digital detox routine, where I set aside specific times during the day to disconnect from screens and reconnect with the physical world.",0.39637599093997733,1,1,0.6071428571428571,0.6785714285714286,28,17,19
23,6,90,3,"One change was establishing tech-free zones in my home, like the bedroom and dining area, which has improved my sleep and presence during meals.",0.4211590296495957,1,1,0.5833333333333334,0.5416666666666666,24,14,13
23,6,90,4,I’ve also dedicated my mornings to analog activities like reading a book or taking a walk instead of reaching for my phone.,0.4409509202453987,1,1,0.5,0.6818181818181818,22,11,15
23,6,90,5,"The benefits have been noticeable—I feel more focused, less overwhelmed, and have more time for hobbies.",0.4807692307692307,0,0,0.4375,0.4375,16,7,7
23,6,90,6,"If you’re considering a digital detox, start small by setting limits on social media or creating screen-free zones.",0.45955882352941174,1,0,0.7777777777777778,0.0,18,14,0
16,0,30,0,The city has announced an expansion of its public bicycle program to meet growing demand for eco-friendly transportation.,0.4567307692307693,1,0,0.8333333333333334,0.05555555555555555,18,15,1
16,0,30,1,"Starting next month, 500 new bikes will be added to the fleet, and new docking stations will be installed across key areas.",0.4464285714285714,0,0,0.2727272727272727,0.0,22,6,0
16,0,30,2,"Launched three years ago, the program has seen significant growth, with daily ridership up by 20% in the past year.",0.46125461254612543,1,0,0.9,0.0,20,18,0
16,0,30,3,"City officials believe the expansion will encourage more residents to bike rather than drive, especially for short trips.",0.4601226993865031,1,0,0.7777777777777778,0.1111111111111111,18,14,2
16,0,30,4,"The new bikes have GPS tracking and improved safety features, including reflective strips and better lighting.",0.4750593824228029,1,0,0.75,0.0,16,12,0
23,4,60,0,"Hello, fitness enthusiasts!",0.5769230769230769,1,1,0.6666666666666666,1.0,3,2,3
23,4,60,1,I recently embarked on a new workout regimen and wanted to share a few insights that have helped me maintain consistency and stay motivated.,0.42613636363636365,1,1,0.8333333333333334,0.7083333333333334,24,20,17
23,4,60,2,"Setting realistic, attainable goals has been essential.",0.550314465408805,1,1,0.8571428571428571,0.7142857142857143,7,6,5
23,4,60,3,"Instead of aiming for an intense workout daily, I’ve focused on incremental improvements, making progress more manageable and enjoyable.",0.4432624113475177,1,1,0.6842105263157895,0.631578947368421,19,13,12
23,4,60,4,"Another key factor has been having a workout partner, which has kept me accountable and added a social element, making exercise more fun.",0.43298192771084343,1,0,0.5652173913043478,0.17391304347826086,23,13,4
23,4,60,5,"We check in regularly, keeping us on track.",0.6024096385542168,1,0,0.875,0.0,8,7,0
23,4,60,6,"Finally, I’ve come to appreciate the importance of rest and recovery.",0.539568345323741,1,0,0.7272727272727273,0.0,11,8,0
23,4,60,7,Taking time to listen to my body and allow for proper rest days has actually enhanced my performance and overall well-being.,0.444264943457189,1,0,0.6190476190476191,0.0,21,13,0
23,4,60,8,"If you’re starting a new routine, remember that consistency is key, but balance is equally important.",0.48405466970387245,1,0,0.5,0.125,16,8,2
23,4,60,9,Let’s keep pushing towards our fitness goals together!,0.5681818181818182,1,0,0.625,0.0,8,5,0
28,8,30,0,"Traveling has always been one of my greatest passions, and over the years, I’ve learned that less truly is more when it comes to packing.",0.42098445595854916,1,0,0.76,0.08,25,19,2
28,8,30,1,Adopting a minimalist approach to travel has not only lightened my physical load but also enhanced my overall travel experience.,0.4480286738351254,1,0,0.7,0.05,20,14,1
28,8,30,2,The key is careful planning.,0.6377551020408163,0,0,0.2,0.0,5,1,0
28,8,30,3,"Before each trip, I list essentials, focusing on versatile clothing and multipurpose items.",0.5030959752321982,1,0,0.5384615384615384,0.0,13,7,0
28,8,30,4,"This allows me to pack everything into a single carry-on, avoiding the hassle of checked luggage and making it easier to navigate airports and cities.",0.4134860050890586,0,0,0.44,0.0,25,11,0
28,8,30,5,Traveling light encourages a mindful experience.,0.5555555555555556,1,0,0.5,0.0,6,3,0
28,8,30,6,"With fewer possessions to worry about, I can fully immerse myself in the destination, appreciating the culture and scenery without distractions.",0.43460264900662254,1,0,0.5714285714285714,0.0,21,12,0
28,8,30,7,"It has also taught me to value experiences over things, as the memories I create during my travels far outweigh any material items I might collect along the way.",0.3966083150984683,1,0,0.6206896551724138,0.0,29,18,0
10,1,60,0,"A local high school has launched a robotics program to inspire students to explore careers in science, technology, engineering, and mathematics (STEM).",0.4290171606864274,1,0,0.7727272727272727,0.18181818181818182,22,17,4
10,1,60,1,"The program, which began this week, offers hands-on experience in designing and building robots, along with lessons in coding, electronics, and problem-solving.",0.41724617524339364,1,1,0.7272727272727273,0.45454545454545453,22,16,10
10,1,60,2,The school partnered with local tech companies to provide resources and mentorship.,0.5119453924914675,1,0,0.5833333333333334,0.25,12,7,3
10,1,60,3,Students will also have the opportunity to compete in regional and national robotics competitions.,0.49019607843137253,1,0,0.7142857142857143,0.07142857142857142,14,10,1
10,1,60,4,"The principal expressed enthusiasm, stating it provides a unique chance for students to engage with cutting-edge technology.",0.4573170731707317,1,0,0.7647058823529411,0.29411764705882354,17,13,5
10,1,60,5,"Parents support the initiative, noting it prepares students for careers in a rapidly evolving job market.",0.4807692307692307,1,0,0.8125,0.0,16,13,0
10,1,60,6,"The program is expected to grow, with plans for advanced courses and summer camps.",0.5147058823529412,1,0,0.6428571428571429,0.21428571428571427,14,9,3
10,1,60,7,"By investing in STEM education, the school aims to empower students to become innovators and leaders in technology.",0.46583850931677023,1,0,0.7777777777777778,0.0,18,14,0
11,6,60,0,"In today’s hyper-connected world, taking a step back from constant digital engagement can feel challenging but profoundly rewarding.",0.4456327985739751,1,1,0.6666666666666666,0.8333333333333334,18,12,15
11,6,60,1,"A digital detox doesn’t necessarily mean abandoning technology altogether; rather, it’s about finding a healthy balance.",0.4620123203285421,1,0,0.625,0.1875,16,10,3
11,6,60,2,"I recently decided to implement a digital detox routine, where I set aside specific times during the day to disconnect from screens and reconnect with the physical world.",0.39637599093997733,0,0,0.4642857142857143,0.4642857142857143,28,13,13
11,6,60,3,"One change was establishing tech-free zones in my home, like the bedroom and dining area, which has improved my sleep and presence during meals.",0.4211590296495957,1,1,0.5833333333333334,0.5416666666666666,24,14,13
11,6,60,4,I’ve also dedicated my mornings to analog activities like reading a book or taking a walk instead of reaching for my phone.,0.4409509202453987,1,0,0.5,0.0,22,11,0
11,6,60,5,"The benefits have been noticeable—I feel more focused, less overwhelmed, and have more time for hobbies.",0.4807692307692307,0,0,0.4375,0.125,16,7,2
11,6,60,6,"If you’re considering a digital detox, start small by setting limits on social media or creating screen-free zones.",0.45955882352941174,1,0,0.8333333333333334,0.0,18,15,0
10,6,30,0,"In today’s hyper-connected world, taking a step back from constant digital engagement can feel challenging but profoundly rewarding.",0.4456327985739751,1,0,0.6111111111111112,0.1111111111111111,18,11,2
10,6,30,1,"A digital detox doesn’t necessarily mean abandoning technology altogether; rather, it’s about finding a healthy balance.",0.4620123203285421,1,0,0.75,0.0,16,12,0
10,6,30,2,"I recently decided to implement a digital detox routine, where I set aside specific times during the day to disconnect from screens and reconnect with the physical world.",0.39637599093997733,1,0,0.5714285714285714,0.0,28,16,0
10,6,30,3,"One change was establishing tech-free zones in my home, like the bedroom and dining area, which has improved my sleep and presence during meals.",0.4211590296495957,1,0,0.625,0.0,24,15,0
10,6,30,4,I’ve also dedicated my mornings to analog activities like reading a book or taking a walk instead of reaching for my phone.,0.4409509202453987,1,0,0.6363636363636364,0.045454545454545456,22,14,1
10,6,30,5,"The benefits have been noticeable—I feel more focused, less overwhelmed, and have more time for hobbies.",0.4807692307692307,1,0,0.5,0.0,16,8,0
10,6,30,6,"If you’re considering a digital detox, start small by setting limits on social media or creating screen-free zones.",0.45955882352941174,0,0,0.2222222222222222,0.0,18,4,0
18,0,30,0,The city has announced an expansion of its public bicycle program to meet growing demand for eco-friendly transportation.,0.4567307692307693,1,0,0.6666666666666666,0.05555555555555555,18,12,1
18,0,30,1,"Starting next month, 500 new bikes will be added to the fleet, and new docking stations will be installed across key areas.",0.4464285714285714,1,0,0.7727272727272727,0.0,22,17,0
18,0,30,2,"Launched three years ago, the program has seen significant growth, with daily ridership up by 20% in the past year.",0.46125461254612543,1,0,0.65,0.0,20,13,0
18,0,30,3,"City officials believe the expansion will encourage more residents to bike rather than drive, especially for short trips.",0.4601226993865031,1,0,0.7222222222222222,0.0,18,13,0
18,0,30,4,"The new bikes have GPS tracking and improved safety features, including reflective strips and better lighting.",0.4750593824228029,0,0,0.3125,0.0,16,5,0
20,0,30,0,The city has announced an expansion of its public bicycle program to meet growing demand for eco-friendly transportation.,0.4567307692307693,1,1,0.7222222222222222,0.8333333333333334,18,13,15
20,0,30,1,"Starting next month, 500 new bikes will be added to the fleet, and new docking stations will be installed across key areas.",0.4464285714285714,1,0,0.6818181818181818,0.13636363636363635,22,15,3
20,0,30,2,"Launched three years ago, the program has seen significant growth, with daily ridership up by 20% in the past year.",0.46125461254612543,1,0,0.65,0.0,20,13,0
20,0,30,3,"City officials believe the expansion will encourage more residents to bike rather than drive, especially for short trips.",0.4601226993865031,0,0,0.1111111111111111,0.0,18,2,0
32,7,30,0,"Cooking has always been something I needed to do every day, but recently, I’ve started seeing it as a way to relax and enjoy myself.",0.42372881355932196,1,0,0.6,0.0,25,15,0
32,7,30,1,"Mindful cooking means paying full attention while making a meal, focusing on each step, and enjoying the process rather than rushing.",0.44266441821247887,1,0,0.8571428571428571,0.0,21,18,0
32,7,30,2,"I start by choosing fresh ingredients, noticing their colors, textures, and smells.",0.5172413793103449,1,0,0.75,0.0,12,9,0
32,7,30,3,"As I cut, stir, and season, I pay attention to the sounds of vegetables cooking, the feel of the dough, and the aroma of spices.",0.43222683264177036,1,0,0.52,0.0,25,13,0
32,7,30,4,This way of cooking has changed how I feel about making food.,0.5535055350553506,1,0,0.5833333333333334,0.0,12,7,0
20,2,90,0,The city’s community garden project is expanding and will soon reach more neighborhoods.,0.5043227665706052,1,1,0.7692307692307693,0.8461538461538461,13,10,11
20,2,90,1,"This project, started five years ago, now has over 20 garden sites citywide.",0.5275974025974026,1,0,0.8461538461538461,0.0,13,11,0
20,2,90,2,"The expansion will add five more gardens across the city, especially in areas needing them most.",0.49140049140049136,1,0,0.75,0.1875,16,12,3
20,2,90,3,These gardens give residents a chance to grow fruits and vegetables.,0.5392156862745098,1,0,0.6363636363636364,0.2727272727272727,11,7,3
20,2,90,4,"Community gardens are important, providing fresh food and a place for neighbors to gather.",0.5028735632183908,0,0,0.0,0.8571428571428571,14,0,12
20,2,90,5,"The new gardens will feature raised beds, composting stations, and water-saving systems.",0.5078125,1,1,0.75,0.5833333333333334,12,9,7
20,2,90,6,Local volunteers will teach gardening classes to promote eco-friendly practices.,0.5149812734082397,1,1,0.9,0.7,10,9,7
20,2,90,7,"City officials are excited about the gardens' environmental benefits of these gardens, reducing the city’s carbon footprint by encouraging local food production.",0.4178779069767442,1,1,0.6818181818181818,0.6818181818181818,22,15,15
20,2,90,8,"They also add green spaces in crowded areas, improving neighborhood livability.",0.5188679245283019,1,1,0.9090909090909091,0.6363636363636364,11,10,7
20,2,90,9,The expansion has been funded by city grants and local business donations.,0.528169014084507,1,0,0.5,0.0,12,6,0
25,4,90,0,"Hello, fitness enthusiasts!",0.5769230769230769,1,1,1.0,1.0,3,3,3
25,4,90,1,I recently embarked on a new workout regimen and wanted to share a few insights that have helped me maintain consistency and stay motivated.,0.42613636363636365,1,0,0.9166666666666666,0.16666666666666666,24,22,4
25,4,90,2,"Setting realistic, attainable goals has been essential.",0.550314465408805,1,0,0.5714285714285714,0.0,7,4,0
25,4,90,3,"Instead of aiming for an intense workout daily, I’ve focused on incremental improvements, making progress more manageable and enjoyable.",0.4432624113475177,1,0,0.5789473684210527,0.21052631578947367,19,11,4
25,4,90,4,"Another key factor has been having a workout partner, which has kept me accountable and added a social element, making exercise more fun.",0.43298192771084343,1,1,0.6521739130434783,0.34782608695652173,23,15,8
25,4,90,5,"We check in regularly, keeping us on track.",0.6024096385542168,0,0,0.375,0.875,8,3,7
25,4,90,6,"Finally, I’ve come to appreciate the importance of rest and recovery.",0.539568345323741,1,0,0.6363636363636364,0.0,11,7,0
25,4,90,7,Taking time to listen to my body and allow for proper rest days has actually enhanced my performance and overall well-being.,0.444264943457189,1,0,0.6666666666666666,0.047619047619047616,21,14,1
25,4,90,8,"If you’re starting a new routine, remember that consistency is key, but balance is equally important.",0.48405466970387245,1,1,0.875,0.3125,16,14,5
25,4,90,9,Let’s keep pushing towards our fitness goals together!,0.5681818181818182,1,0,0.75,0.0,8,6,0
27,6,30,0,"In today’s hyper-connected world, taking a step back from constant digital engagement can feel challenging but profoundly rewarding.",0.4456327985739751,1,0,0.7777777777777778,0.0,18,14,0
27,6,30,1,"A digital detox doesn’t necessarily mean abandoning technology altogether; rather, it’s about finding a healthy balance.",0.4620123203285421,1,0,0.75,0.0,16,12,0
27,6,30,2,"I recently decided to implement a digital detox routine, where I set aside specific times during the day to disconnect from screens and reconnect with the physical world.",0.39637599093997733,1,0,0.5357142857142857,0.0,28,15,0
27,6,30,3,"One change was establishing tech-free zones in my home, like the bedroom and dining area, which has improved my sleep and presence during meals.",0.4211590296495957,1,0,0.7083333333333334,0.0,24,17,0
27,6,30,4,I’ve also dedicated my mornings to analog activities like reading a book or taking a walk instead of reaching for my phone.,0.4409509202453987,0,0,0.4090909090909091,0.045454545454545456,22,9,1
27,6,30,5,"The benefits have been noticeable—I feel more focused, less overwhelmed, and have more time for hobbies.",0.4807692307692307,1,0,0.5,0.0,16,8,0
27,6,30,6,"If you’re considering a digital detox, start small by setting limits on social media or creating screen-free zones.",0.45955882352941174,1,0,0.6666666666666666,0.0,18,12,0
32,8,90,0,"Traveling has always been one of my greatest passions, and over the years, I’ve learned that less truly is more when it comes to packing.",0.42098445595854916,1,0,0.84,0.24,25,21,6
32,8,90,1,Adopting a minimalist approach to travel has not only lightened my physical load but also enhanced my overall travel experience.,0.4480286738351254,1,0,0.9,0.0,20,18,0
32,8,90,2,The key is careful planning.,0.6377551020408163,1,0,0.8,0.0,5,4,0
32,8,90,3,"Before each trip, I list essentials, focusing on versatile clothing and multipurpose items.",0.5030959752321982,1,0,0.7692307692307693,0.0,13,10,0
32,8,90,4,"This allows me to pack everything into a single carry-on, avoiding the hassle of checked luggage and making it easier to navigate airports and cities.",0.4134860050890586,1,0,0.88,0.0,25,22,0
32,8,90,5,Traveling light encourages a mindful experience.,0.5555555555555556,1,0,1.0,0.0,6,6,0
32,8,90,6,"With fewer possessions to worry about, I can fully immerse myself in the destination, appreciating the culture and scenery without distractions.",0.43460264900662254,1,0,0.9047619047619048,0.23809523809523808,21,19,5
32,8,90,7,"It has also taught me to value experiences over things, as the memories I create during my travels far outweigh any material items I might collect along the way.",0.3966083150984683,1,0,0.6206896551724138,0.0,29,18,0
9,4,30,0,"Hello, fitness enthusiasts!",0.5769230769230769,1,1,1.0,1.0,3,3,3
9,4,30,1,I recently embarked on a new workout regimen and wanted to share a few insights that have helped me maintain consistency and stay motivated.,0.42613636363636365,1,0,0.6666666666666666,0.0,24,16,0
9,4,30,2,"Setting realistic, attainable goals has been essential.",0.550314465408805,1,0,0.8571428571428571,0.0,7,6,0
9,4,30,3,"Instead of aiming for an intense workout daily, I’ve focused on incremental improvements, making progress more manageable and enjoyable.",0.4432624113475177,1,0,0.7894736842105263,0.05263157894736842,19,15,1
9,4,30,4,"Another key factor has been having a workout partner, which has kept me accountable and added a social element, making exercise more fun.",0.43298192771084343,0,0,0.391304347826087,0.0,23,9,0
9,4,30,5,"We check in regularly, keeping us on track.",0.6024096385542168,0,0,0.25,0.0,8,2,0
9,4,30,6,"Finally, I’ve come to appreciate the importance of rest and recovery.",0.539568345323741,0,0,0.36363636363636365,0.36363636363636365,11,4,4
9,4,30,7,Taking time to listen to my body and allow for proper rest days has actually enhanced my performance and overall well-being.,0.444264943457189,1,0,0.5238095238095238,0.047619047619047616,21,11,1
9,4,30,8,"If you’re starting a new routine, remember that consistency is key, but balance is equally important.",0.48405466970387245,1,0,0.5,0.1875,16,8,3
9,4,30,9,Let’s keep pushing towards our fitness goals together!,0.5681818181818182,1,0,0.5,0.0,8,4,0
24,6,90,0,"In today’s hyper-connected world, taking a step back from constant digital engagement can feel challenging but profoundly rewarding.",0.4456327985739751,1,1,1.0,1.0,18,18,18
24,6,90,1,"A digital detox doesn’t necessarily mean abandoning technology altogether; rather, it’s about finding a healthy balance.",0.4620123203285421,1,1,0.6875,0.75,16,11,12
24,6,90,2,"I recently decided to implement a digital detox routine, where I set aside specific times during the day to disconnect from screens and reconnect with the physical world.",0.39637599093997733,1,1,0.7857142857142857,0.6428571428571429,28,22,18
24,6,90,3,"One change was establishing tech-free zones in my home, like the bedroom and dining area, which has improved my sleep and presence during meals.",0.4211590296495957,1,1,0.7083333333333334,0.375,24,17,9
24,6,90,4,I’ve also dedicated my mornings to analog activities like reading a book or taking a walk instead of reaching for my phone.,0.4409509202453987,1,0,0.6818181818181818,0.0,22,15,0
24,6,90,5,"The benefits have been noticeable—I feel more focused, less overwhelmed, and have more time for hobbies.",0.4807692307692307,1,0,0.5625,0.0,16,9,0
24,6,90,6,"If you’re considering a digital detox, start small by setting limits on social media or creating screen-free zones.",0.45955882352941174,1,0,0.7222222222222222,0.0,18,13,0
17,3,90,0,"Lately, I am making an effort to incorporate more sustainable practices into my routine.",0.5057803468208092,1,1,0.7857142857142857,0.7142857142857143,14,11,10
17,3,90,1,I first changed to reduce my reliance on single-use plastics.,0.5544354838709677,1,1,0.8,0.6,10,8,6
17,3,90,2,"Switching to reusable bags, containers, and produce bags has significantly cut the waste I generate.",0.48955613577023505,1,1,0.8,0.6,15,12,9
17,3,90,3,"I’ve also focused on minimizing food waste, which helps the environment and saves money.",0.5040322580645161,1,1,0.5714285714285714,0.8571428571428571,14,8,12
17,3,90,4,"Meal planning has been a game-changer, as I only buy what I need, resulting in fewer leftovers.",0.48701298701298706,1,0,0.7058823529411765,0.17647058823529413,17,12,3
17,3,90,5,"Additionally, I set up a small compost bin in my backyard.",0.5635245901639344,1,1,0.8181818181818182,0.45454545454545453,11,9,5
17,3,90,6,It’s gratifying to know my food scraps are repurposed into something beneficial for the garden instead of ending up in a landfill.,0.4362670713201821,0,0,0.4090909090909091,0.6818181818181818,22,9,15
17,3,90,7,I’m curious how others are working towards sustainability.,0.556930693069307,0,0,0.375,0.875,8,3,7
17,3,90,8,What small changes you made that had a big impact?,0.5813953488372093,1,0,0.7,0.0,10,7,0
17,3,90,9,Let’s exchange ideas and support each other in making our community greener.,0.5241935483870968,1,0,0.5833333333333334,0.0,12,7,0
17,3,90,10,Even small actions can lead to larger positive change to our daily lives!,0.5293159609120521,1,0,0.8461538461538461,0.0,13,11,0
24,8,60,0,"Traveling has always been one of my greatest passions, and over the years, I’ve learned that less truly is more when it comes to packing.",0.42098445595854916,0,0,0.48,0.92,25,12,23
24,8,60,1,Adopting a minimalist approach to travel has not only lightened my physical load but also enhanced my overall travel experience.,0.4480286738351254,1,1,0.85,0.9,20,17,18
24,8,60,2,The key is careful planning.,0.6377551020408163,0,0,0.4,0.8,5,2,4
24,8,60,3,"Before each trip, I list essentials, focusing on versatile clothing and multipurpose items.",0.5030959752321982,1,1,0.6923076923076923,0.6153846153846154,13,9,8
24,8,60,4,"This allows me to pack everything into a single carry-on, avoiding the hassle of checked luggage and making it easier to navigate airports and cities.",0.4134860050890586,1,0,0.56,0.0,25,14,0
24,8,60,5,Traveling light encourages a mindful experience.,0.5555555555555556,1,0,0.6666666666666666,0.0,6,4,0
24,8,60,6,"With fewer possessions to worry about, I can fully immerse myself in the destination, appreciating the culture and scenery without distractions.",0.43460264900662254,1,0,0.7619047619047619,0.0,21,16,0
24,8,60,7,"It has also taught me to value experiences over things, as the memories I create during my travels far outweigh any material items I might collect along the way.",0.3966083150984683,0,0,0.4482758620689655,0.0,29,13,0
23,5,90,0,Hello fellow readers!,0.625,1,1,0.6666666666666666,1.0,3,2,3
23,5,90,1,"I wanted to share my thoughts on a remarkable book I just finished, The Journey Within.",0.5025125628140703,1,1,0.75,0.9375,16,12,15
23,5,90,2,"This novel delves into themes of self-discovery and personal growth, exploring how the protagonist navigates complex emotional landscapes to understand themselves better.",0.41189111747851004,1,1,0.8181818181818182,0.8636363636363636,22,18,19
23,5,90,3,What struck me most was its ability to challenge my own perspectives.,0.5376344086021506,1,1,0.6666666666666666,0.75,12,8,9
23,5,90,4,"The author’s nuanced portrayal of the characters’ struggles felt incredibly authentic, prompting me to reflect on my own life decisions.",0.4404362416107382,1,1,0.8,0.65,20,16,13
23,5,90,5,It’s rare to find a book that entertains and prompts introspection.,0.5415162454873647,1,1,0.6363636363636364,0.5454545454545454,11,7,6
23,5,90,6,I’m eager to hear what everyone has been reading lately.,0.565843621399177,1,0,0.8,0.0,10,8,0
23,5,90,7,Have you come across any books that left a lasting impression?,0.5522088353413654,1,0,0.6363636363636364,0.0,11,7,0
23,5,90,8,Let’s discuss our favorite reads and share recommendations.,0.5541871921182265,1,0,0.5,0.0,8,4,0
23,5,90,9,There’s something special about connecting over a good book and exchanging ideas with fellow literature lovers.,0.4711751662971175,1,0,0.6875,0.0625,16,11,1
23,5,90,10,Looking forward to hearing your thoughts!,0.5859375,0,0,0.3333333333333333,0.0,6,2,0
23,3,60,0,"Lately, I am making an effort to incorporate more sustainable practices into my routine.",0.5057803468208092,1,1,0.6428571428571429,0.8571428571428571,14,9,12
23,3,60,1,I first changed to reduce my reliance on single-use plastics.,0.5544354838709677,1,1,0.6,0.7,10,6,7
23,3,60,2,"Switching to reusable bags, containers, and produce bags has significantly cut the waste I generate.",0.48955613577023505,0,0,0.4666666666666667,0.4666666666666667,15,7,7
23,3,60,3,"I’ve also focused on minimizing food waste, which helps the environment and saves money.",0.5040322580645161,1,1,0.5,0.7857142857142857,14,7,11
23,3,60,4,"Meal planning has been a game-changer, as I only buy what I need, resulting in fewer leftovers.",0.48701298701298706,1,1,0.6470588235294118,0.4117647058823529,17,11,7
23,3,60,5,"Additionally, I set up a small compost bin in my backyard.",0.5635245901639344,1,1,0.5454545454545454,0.36363636363636365,11,6,4
23,3,60,6,It’s gratifying to know my food scraps are repurposed into something beneficial for the garden instead of ending up in a landfill.,0.4362670713201821,0,0,0.09090909090909091,0.5909090909090909,22,2,13
23,3,60,7,I’m curious how others are working towards sustainability.,0.556930693069307,1,0,0.625,0.25,8,5,2
23,3,60,8,What small changes you made that had a big impact?,0.5813953488372093,0,0,0.4,0.0,10,4,0
23,3,60,9,Let’s exchange ideas and support each other in making our community greener.,0.5241935483870968,0,0,0.0,0.16666666666666666,12,0,2
23,3,60,10,Even small actions can lead to larger positive change to our daily lives!,0.5293159609120521,0,0,0.3076923076923077,0.0,13,4,0
27,1,60,0,"A local high school has launched a robotics program to inspire students to explore careers in science, technology, engineering, and mathematics (STEM).",0.4290171606864274,0,0,0.45454545454545453,0.7272727272727273,22,10,16
27,1,60,1,"The program, which began this week, offers hands-on experience in designing and building robots, along with lessons in coding, electronics, and problem-solving.",0.41724617524339364,0,0,0.45454545454545453,0.7727272727272727,22,10,17
27,1,60,2,The school partnered with local tech companies to provide resources and mentorship.,0.5119453924914675,0,0,0.4166666666666667,0.75,12,5,9
27,1,60,3,Students will also have the opportunity to compete in regional and national robotics competitions.,0.49019607843137253,1,1,0.5714285714285714,0.5,14,8,7
27,1,60,4,"The principal expressed enthusiasm, stating it provides a unique chance for students to engage with cutting-edge technology.",0.4573170731707317,0,0,0.17647058823529413,0.5882352941176471,17,3,10
27,1,60,5,"Parents support the initiative, noting it prepares students for careers in a rapidly evolving job market.",0.4807692307692307,0,0,0.375,0.5625,16,6,9
27,1,60,6,"The program is expected to grow, with plans for advanced courses and summer camps.",0.5147058823529412,0,0,0.42857142857142855,0.6428571428571429,14,6,9
27,1,60,7,"By investing in STEM education, the school aims to empower students to become innovators and leaders in technology.",0.46583850931677023,1,0,0.7222222222222222,0.0,18,13,0
17,0,60,0,The city has announced an expansion of its public bicycle program to meet growing demand for eco-friendly transportation.,0.4567307692307693,1,0,0.5555555555555556,0.1111111111111111,18,10,2
17,0,60,1,"Starting next month, 500 new bikes will be added to the fleet, and new docking stations will be installed across key areas.",0.4464285714285714,1,1,0.7272727272727273,0.6363636363636364,22,16,14
17,0,60,2,"Launched three years ago, the program has seen significant growth, with daily ridership up by 20% in the past year.",0.46125461254612543,1,1,0.55,0.65,20,11,13
17,0,60,3,"City officials believe the expansion will encourage more residents to bike rather than drive, especially for short trips.",0.4601226993865031,1,0,0.7222222222222222,0.0,18,13,0
17,0,60,4,"The new bikes have GPS tracking and improved safety features, including reflective strips and better lighting.",0.4750593824228029,1,0,0.8125,0.0,16,13,0
17,0,60,5,"Additionally, the city will launch a public awareness campaign to promote safe biking practices, including workshops and free helmets.",0.4472693032015066,1,0,0.6842105263157895,0.0,19,13,0
17,0,60,6,The goal is to reduce traffic congestion and pollution while promoting a healthier lifestyle.,0.4971590909090909,1,1,0.6428571428571429,0.35714285714285715,14,9,5
17,0,60,7,"With these initiatives, the city hopes to lead in sustainable urban transportation.",0.5136986301369862,1,0,0.6666666666666666,0.0,12,8,0
7,1,90,0,"A local high school has launched a robotics program to inspire students to explore careers in science, technology, engineering, and mathematics (STEM).",0.4290171606864274,1,0,0.8181818181818182,0.0,22,18,0
7,1,90,1,"The program, which began this week, offers hands-on experience in designing and building robots, along with lessons in coding, electronics, and problem-solving.",0.41724617524339364,1,0,0.7272727272727273,0.045454545454545456,22,16,1
7,1,90,2,The school partnered with local tech companies to provide resources and mentorship.,0.5119453924914675,1,0,0.9166666666666666,0.0,12,11,0
7,1,90,3,Students will also have the opportunity to compete in regional and national robotics competitions.,0.49019607843137253,1,0,0.7142857142857143,0.0,14,10,0
7,1,90,4,"The principal expressed enthusiasm, stating it provides a unique chance for students to engage with cutting-edge technology.",0.4573170731707317,1,0,0.7647058823529411,0.058823529411764705,17,13,1
7,1,90,5,"Parents support the initiative, noting it prepares students for careers in a rapidly evolving job market.",0.4807692307692307,1,1,0.75,0.6875,16,12,11
7,1,90,6,"The program is expected to grow, with plans for advanced courses and summer camps.",0.5147058823529412,1,1,0.7857142857142857,0.9285714285714286,14,11,13
7,1,90,7,"By investing in STEM education, the school aims to empower students to become innovators and leaders in technology.",0.46583850931677023,1,0,1.0,0.0,18,18,0
26,0,60,0,The city has announced an expansion of its public bicycle program to meet growing demand for eco-friendly transportation.,0.4567307692307693,1,1,0.6111111111111112,0.8888888888888888,18,11,16
26,0,60,1,"Starting next month, 500 new bikes will be added to the fleet, and new docking stations will be installed across key areas.",0.4464285714285714,1,0,0.8636363636363636,0.045454545454545456,22,19,1
26,0,60,2,"Launched three years ago, the program has seen significant growth, with daily ridership up by 20% in the past year.",0.46125461254612543,1,0,0.65,0.05,20,13,1
26,0,60,3,"City officials believe the expansion will encourage more residents to bike rather than drive, especially for short trips.",0.4601226993865031,1,0,0.5555555555555556,0.16666666666666666,18,10,3
26,0,60,4,"The new bikes have GPS tracking and improved safety features, including reflective strips and better lighting.",0.4750593824228029,1,0,0.75,0.0,16,12,0
26,0,60,5,"Additionally, the city will launch a public awareness campaign to promote safe biking practices, including workshops and free helmets.",0.4472693032015066,1,0,0.7894736842105263,0.0,19,15,0
26,0,60,6,The goal is to reduce traffic congestion and pollution while promoting a healthier lifestyle.,0.4971590909090909,1,0,0.7142857142857143,0.14285714285714285,14,10,2
26,0,60,7,"With these initiatives, the city hopes to lead in sustainable urban transportation.",0.5136986301369862,1,0,0.8333333333333334,0.0,12,10,0
24,7,60,0,"Cooking has always been something I needed to do every day, but recently, I’ve started seeing it as a way to relax and enjoy myself.",0.42372881355932196,1,1,0.56,0.92,25,14,23
24,7,60,1,"Mindful cooking means paying full attention while making a meal, focusing on each step, and enjoying the process rather than rushing.",0.44266441821247887,1,1,0.8095238095238095,0.7142857142857143,21,17,15
24,7,60,2,"I start by choosing fresh ingredients, noticing their colors, textures, and smells.",0.5172413793103449,1,0,0.75,0.0,12,9,0
24,7,60,3,"As I cut, stir, and season, I pay attention to the sounds of vegetables cooking, the feel of the dough, and the aroma of spices.",0.43222683264177036,1,0,0.52,0.0,25,13,0
24,7,60,4,This way of cooking has changed how I feel about making food.,0.5535055350553506,1,0,0.6666666666666666,0.0,12,8,0
24,7,60,5,"Now, instead of thinking of it as just another chore, I see it as a creative activity and a way to take care of myself.",0.43584379358437936,1,0,0.6,0.0,25,15,0
24,7,60,6,"It also makes the food taste better and more enjoyable, because each dish is made with care and attention.",0.47123015873015867,0,0,0.47368421052631576,0.0,19,9,0
15,5,60,0,Hello fellow readers!,0.625,1,1,1.0,1.0,3,3,3
15,5,60,1,"I wanted to share my thoughts on a remarkable book I just finished, The Journey Within.",0.5025125628140703,1,0,0.875,0.0,16,14,0
15,5,60,2,"This novel delves into themes of self-discovery and personal growth, exploring how the protagonist navigates complex emotional landscapes to understand themselves better.",0.41189111747851004,1,0,0.7272727272727273,0.0,22,16,0
15,5,60,3,What struck me most was its ability to challenge my own perspectives.,0.5376344086021506,1,0,0.75,0.16666666666666666,12,9,2
15,5,60,4,"The author’s nuanced portrayal of the characters’ struggles felt incredibly authentic, prompting me to reflect on my own life decisions.",0.4404362416107382,1,0,0.8,0.0,20,16,0
15,5,60,5,It’s rare to find a book that entertains and prompts introspection.,0.5415162454873647,1,0,0.5454545454545454,0.0,11,6,0
15,5,60,6,I’m eager to hear what everyone has been reading lately.,0.565843621399177,1,0,0.5,0.2,10,5,2
15,5,60,7,Have you come across any books that left a lasting impression?,0.5522088353413654,1,0,0.8181818181818182,0.0,11,9,0
15,5,60,8,Let’s discuss our favorite reads and share recommendations.,0.5541871921182265,1,0,0.75,0.125,8,6,1
15,5,60,9,There’s something special about connecting over a good book and exchanging ideas with fellow literature lovers.,0.4711751662971175,1,0,0.8125,0.0,16,13,0
15,5,60,10,Looking forward to hearing your thoughts!,0.5859375,0,0,0.3333333333333333,0.0,6,2,0
14,2,60,0,The city’s community garden project is expanding and will soon reach more neighborhoods.,0.5043227665706052,1,1,0.8461538461538461,0.7692307692307693,13,11,10
14,2,60,1,"This project, started five years ago, now has over 20 garden sites citywide.",0.5275974025974026,1,1,0.6153846153846154,0.5384615384615384,13,8,7
14,2,60,2,"The expansion will add five more gardens across the city, especially in areas needing them most.",0.49140049140049136,1,1,0.8125,0.3125,16,13,5
14,2,60,3,These gardens give residents a chance to grow fruits and vegetables.,0.5392156862745098,1,1,0.7272727272727273,0.45454545454545453,11,8,5
14,2,60,4,"Community gardens are important, providing fresh food and a place for neighbors to gather.",0.5028735632183908,1,1,0.7142857142857143,0.42857142857142855,14,10,6
14,2,60,5,"The new gardens will feature raised beds, composting stations, and water-saving systems.",0.5078125,1,0,0.6666666666666666,0.08333333333333333,12,8,1
14,2,60,6,Local volunteers will teach gardening classes to promote eco-friendly practices.,0.5149812734082397,1,0,0.9,0.0,10,9,0
14,2,60,7,"City officials are excited about the gardens' environmental benefits of these gardens, reducing the city’s carbon footprint by encouraging local food production.",0.4178779069767442,0,0,0.45454545454545453,0.045454545454545456,22,10,1
14,2,60,8,"They also add green spaces in crowded areas, improving neighborhood livability.",0.5188679245283019,0,0,0.0,0.7272727272727273,11,0,8
14,2,60,9,The expansion has been funded by city grants and local business donations.,0.528169014084507,1,0,0.6666666666666666,0.0,12,8,0
29,5,60,0,Hello fellow readers!,0.625,1,1,1.0,1.0,3,3,3
29,5,60,1,"I wanted to share my thoughts on a remarkable book I just finished, The Journey Within.",0.5025125628140703,1,1,0.625,0.8125,16,10,13
29,5,60,2,"This novel delves into themes of self-discovery and personal growth, exploring how the protagonist navigates complex emotional landscapes to understand themselves better.",0.41189111747851004,1,1,0.8181818181818182,0.6363636363636364,22,18,14
29,5,60,3,What struck me most was its ability to challenge my own perspectives.,0.5376344086021506,1,0,0.5833333333333334,0.25,12,7,3
29,5,60,4,"The author’s nuanced portrayal of the characters’ struggles felt incredibly authentic, prompting me to reflect on my own life decisions.",0.4404362416107382,1,1,0.65,0.6,20,13,12
29,5,60,5,It’s rare to find a book that entertains and prompts introspection.,0.5415162454873647,1,1,0.6363636363636364,0.6363636363636364,11,7,7
29,5,60,6,I’m eager to hear what everyone has been reading lately.,0.565843621399177,1,0,0.9,0.0,10,9,0
29,5,60,7,Have you come across any books that left a lasting impression?,0.5522088353413654,1,0,0.5454545454545454,0.0,11,6,0
29,5,60,8,Let’s discuss our favorite reads and share recommendations.,0.5541871921182265,1,0,0.75,0.0,8,6,0
29,5,60,9,There’s something special about connecting over a good book and exchanging ideas with fellow literature lovers.,0.4711751662971175,0,0,0.4375,0.0,16,7,0
28,2,60,0,The city’s community garden project is expanding and will soon reach more neighborhoods.,0.5043227665706052,1,1,0.8461538461538461,0.7692307692307693,13,11,10
28,2,60,1,"This project, started five years ago, now has over 20 garden sites citywide.",0.5275974025974026,1,0,0.8461538461538461,0.15384615384615385,13,11,2
28,2,60,2,"The expansion will add five more gardens across the city, especially in areas needing them most.",0.49140049140049136,1,0,0.8125,0.0,16,13,0
28,2,60,3,These gardens give residents a chance to grow fruits and vegetables.,0.5392156862745098,1,0,0.7272727272727273,0.0,11,8,0
28,2,60,4,"Community gardens are important, providing fresh food and a place for neighbors to gather.",0.5028735632183908,0,0,0.0,0.7857142857142857,14,0,11
28,2,60,5,"The new gardens will feature raised beds, composting stations, and water-saving systems.",0.5078125,1,0,0.9166666666666666,0.0,12,11,0
28,2,60,6,Local volunteers will teach gardening classes to promote eco-friendly practices.,0.5149812734082397,1,0,0.8,0.0,10,8,0
28,2,60,7,"City officials are excited about the gardens' environmental benefits of these gardens, reducing the city’s carbon footprint by encouraging local food production.",0.4178779069767442,1,0,0.8181818181818182,0.0,22,18,0
28,2,60,8,"They also add green spaces in crowded areas, improving neighborhood livability.",0.5188679245283019,1,0,0.8181818181818182,0.18181818181818182,11,9,2
28,2,60,9,The expansion has been funded by city grants and local business donations.,0.528169014084507,1,0,0.9166666666666666,0.0,12,11,0
15,7,30,0,"Cooking has always been something I needed to do every day, but recently, I’ve started seeing it as a way to relax and enjoy myself.",0.42372881355932196,0,0,0.44,0.04,25,11,1
15,7,30,1,"Mindful cooking means paying full attention while making a meal, focusing on each step, and enjoying the process rather than rushing.",0.44266441821247887,1,0,0.7619047619047619,0.0,21,16,0
15,7,30,2,"I start by choosing fresh ingredients, noticing their colors, textures, and smells.",0.5172413793103449,0,0,0.4166666666666667,0.0,12,5,0
15,7,30,3,"As I cut, stir, and season, I pay attention to the sounds of vegetables cooking, the feel of the dough, and the aroma of spices.",0.43222683264177036,1,0,0.52,0.0,25,13,0
15,7,30,4,This way of cooking has changed how I feel about making food.,0.5535055350553506,1,0,0.6666666666666666,0.0,12,8,0
15,7,30,5,"Now, instead of thinking of it as just another chore, I see it as a creative activity and a way to take care of myself.",0.43584379358437936,1,0,0.64,0.0,25,16,0
15,7,30,6,"It also makes the food taste better and more enjoyable, because each dish is made with care and attention.",0.47123015873015867,0,0,0.3684210526315789,0.0,19,7,0
19,6,90,0,"In today’s hyper-connected world, taking a step back from constant digital engagement can feel challenging but profoundly rewarding.",0.4456327985739751,1,1,0.6666666666666666,1.0,18,12,18
19,6,90,1,"A digital detox doesn’t necessarily mean abandoning technology altogether; rather, it’s about finding a healthy balance.",0.4620123203285421,1,1,0.875,0.875,16,14,14
19,6,90,2,"I recently decided to implement a digital detox routine, where I set aside specific times during the day to disconnect from screens and reconnect with the physical world.",0.39637599093997733,1,1,0.7857142857142857,0.7857142857142857,28,22,22
19,6,90,3,"One change was establishing tech-free zones in my home, like the bedroom and dining area, which has improved my sleep and presence during meals.",0.4211590296495957,1,0,0.8333333333333334,0.2916666666666667,24,20,7
19,6,90,4,I’ve also dedicated my mornings to analog activities like reading a book or taking a walk instead of reaching for my phone.,0.4409509202453987,1,1,0.6818181818181818,0.5,22,15,11
19,6,90,5,"The benefits have been noticeable—I feel more focused, less overwhelmed, and have more time for hobbies.",0.4807692307692307,1,0,0.875,0.0,16,14,0
19,6,90,6,"If you’re considering a digital detox, start small by setting limits on social media or creating screen-free zones.",0.45955882352941174,1,0,0.8333333333333334,0.0,18,15,0
18,1,90,0,"A local high school has launched a robotics program to inspire students to explore careers in science, technology, engineering, and mathematics (STEM).",0.4290171606864274,1,1,0.8636363636363636,0.6818181818181818,22,19,15
18,1,90,1,"The program, which began this week, offers hands-on experience in designing and building robots, along with lessons in coding, electronics, and problem-solving.",0.41724617524339364,1,1,0.8636363636363636,0.8181818181818182,22,19,18
18,1,90,2,The school partnered with local tech companies to provide resources and mentorship.,0.5119453924914675,1,1,0.9166666666666666,0.6666666666666666,12,11,8
18,1,90,3,Students will also have the opportunity to compete in regional and national robotics competitions.,0.49019607843137253,1,0,0.5,0.14285714285714285,14,7,2
18,1,90,4,"The principal expressed enthusiasm, stating it provides a unique chance for students to engage with cutting-edge technology.",0.4573170731707317,1,1,0.8823529411764706,0.6470588235294118,17,15,11
18,1,90,5,"Parents support the initiative, noting it prepares students for careers in a rapidly evolving job market.",0.4807692307692307,1,0,0.9375,0.1875,16,15,3
18,1,90,6,"The program is expected to grow, with plans for advanced courses and summer camps.",0.5147058823529412,1,0,0.7857142857142857,0.14285714285714285,14,11,2
18,1,90,7,"By investing in STEM education, the school aims to empower students to become innovators and leaders in technology.",0.46583850931677023,1,0,0.6666666666666666,0.0,18,12,0
12,7,90,0,"Cooking has always been something I needed to do every day, but recently, I’ve started seeing it as a way to relax and enjoy myself.",0.42372881355932196,1,1,0.96,0.8,25,24,20
12,7,90,1,"Mindful cooking means paying full attention while making a meal, focusing on each step, and enjoying the process rather than rushing.",0.44266441821247887,1,1,0.7142857142857143,0.6190476190476191,21,15,13
12,7,90,2,"I start by choosing fresh ingredients, noticing their colors, textures, and smells.",0.5172413793103449,1,1,0.75,0.6666666666666666,12,9,8
12,7,90,3,"As I cut, stir, and season, I pay attention to the sounds of vegetables cooking, the feel of the dough, and the aroma of spices.",0.43222683264177036,1,1,0.88,0.68,25,22,17
12,7,90,4,This way of cooking has changed how I feel about making food.,0.5535055350553506,1,1,0.9166666666666666,0.3333333333333333,12,11,4
12,7,90,5,"Now, instead of thinking of it as just another chore, I see it as a creative activity and a way to take care of myself.",0.43584379358437936,1,0,0.64,0.2,25,16,5
12,7,90,6,"It also makes the food taste better and more enjoyable, because each dish is made with care and attention.",0.47123015873015867,1,0,0.631578947368421,0.0,19,12,0
22,4,30,0,"Hello, fitness enthusiasts!",0.5769230769230769,1,0,1.0,0.0,3,3,0
22,4,30,1,I recently embarked on a new workout regimen and wanted to share a few insights that have helped me maintain consistency and stay motivated.,0.42613636363636365,1,0,0.5833333333333334,0.0,24,14,0
22,4,30,2,"Setting realistic, attainable goals has been essential.",0.550314465408805,1,0,0.8571428571428571,0.0,7,6,0
22,4,30,3,"Instead of aiming for an intense workout daily, I’ve focused on incremental improvements, making progress more manageable and enjoyable.",0.4432624113475177,0,0,0.3157894736842105,0.3157894736842105,19,6,6
22,4,30,4,"Another key factor has been having a workout partner, which has kept me accountable and added a social element, making exercise more fun.",0.43298192771084343,0,0,0.391304347826087,0.0,23,9,0
22,4,30,5,"We check in regularly, keeping us on track.",0.6024096385542168,0,0,0.25,0.0,8,2,0
22,4,30,6,"Finally, I’ve come to appreciate the importance of rest and recovery.",0.539568345323741,0,0,0.09090909090909091,0.0,11,1,0
22,4,30,7,Taking time to listen to my body and allow for proper rest days has actually enhanced my performance and overall well-being.,0.444264943457189,1,0,0.5238095238095238,0.047619047619047616,21,11,1
22,4,30,8,"If you’re starting a new routine, remember that consistency is key, but balance is equally important.",0.48405466970387245,0,0,0.25,0.0625,16,4,1
22,4,30,9,Let’s keep pushing towards our fitness goals together!,0.5681818181818182,1,0,0.625,0.0,8,5,0
17,4,90,0,"Hello, fitness enthusiasts!",0.5769230769230769,1,1,1.0,1.0,3,3,3
17,4,90,1,I recently embarked on a new workout regimen and wanted to share a few insights that have helped me maintain consistency and stay motivated.,0.42613636363636365,1,1,0.875,0.5833333333333334,24,21,14
17,4,90,2,"Setting realistic, attainable goals has been essential.",0.550314465408805,1,0,1.0,0.2857142857142857,7,7,2
17,4,90,3,"Instead of aiming for an intense workout daily, I’ve focused on incremental improvements, making progress more manageable and enjoyable.",0.4432624113475177,1,1,0.7894736842105263,0.5789473684210527,19,15,11
17,4,90,4,"Another key factor has been having a workout partner, which has kept me accountable and added a social element, making exercise more fun.",0.43298192771084343,1,0,0.6956521739130435,0.08695652173913043,23,16,2
17,4,90,5,"We check in regularly, keeping us on track.",0.6024096385542168,1,1,0.875,0.375,8,7,3
17,4,90,6,"Finally, I’ve come to appreciate the importance of rest and recovery.",0.539568345323741,1,1,0.8181818181818182,0.45454545454545453,11,9,5
17,4,90,7,Taking time to listen to my body and allow for proper rest days has actually enhanced my performance and overall well-being.,0.444264943457189,1,1,0.6666666666666666,0.47619047619047616,21,14,10
17,4,90,8,"If you’re starting a new routine, remember that consistency is key, but balance is equally important.",0.48405466970387245,1,1,0.625,0.375,16,10,6
17,4,90,9,Let’s keep pushing towards our fitness goals together!,0.5681818181818182,1,0,0.875,0.0,8,7,0
30,0,90,0,The city has announced an expansion of its public bicycle program to meet growing demand for eco-friendly transportation.,0.4567307692307693,1,1,0.7777777777777778,0.7777777777777778,18,14,14
30,0,90,1,"Starting next month, 500 new bikes will be added to the fleet, and new docking stations will be installed across key areas.",0.4464285714285714,1,0,0.7727272727272727,0.18181818181818182,22,17,4
30,0,90,2,"Launched three years ago, the program has seen significant growth, with daily ridership up by 20% in the past year.",0.46125461254612543,1,0,0.8,0.0,20,16,0
30,0,90,3,"City officials believe the expansion will encourage more residents to bike rather than drive, especially for short trips.",0.4601226993865031,1,0,0.7777777777777778,0.0,18,14,0
30,0,90,4,"The new bikes have GPS tracking and improved safety features, including reflective strips and better lighting.",0.4750593824228029,1,0,0.75,0.0,16,12,0
30,0,90,5,"Additionally, the city will launch a public awareness campaign to promote safe biking practices, including workshops and free helmets.",0.4472693032015066,1,0,0.631578947368421,0.0,19,12,0
30,0,90,6,The goal is to reduce traffic congestion and pollution while promoting a healthier lifestyle.,0.4971590909090909,1,0,0.9285714285714286,0.2857142857142857,14,13,4
30,0,90,7,"With these initiatives, the city hopes to lead in sustainable urban transportation.",0.5136986301369862,1,0,0.9166666666666666,0.0,12,11,0
5,2,60,0,The city’s community garden project is expanding and will soon reach more neighborhoods.,0.5043227665706052,1,1,0.8461538461538461,1.0,13,11,13
5,2,60,1,"This project, started five years ago, now has over 20 garden sites citywide.",0.5275974025974026,0,0,0.23076923076923078,0.6923076923076923,13,3,9
5,2,60,2,"The expansion will add five more gardens across the city, especially in areas needing them most.",0.49140049140049136,1,1,0.625,0.375,16,10,6
5,2,60,3,These gardens give residents a chance to grow fruits and vegetables.,0.5392156862745098,1,0,0.6363636363636364,0.18181818181818182,11,7,2
5,2,60,4,"Community gardens are important, providing fresh food and a place for neighbors to gather.",0.5028735632183908,0,0,0.0,0.6428571428571429,14,0,9
5,2,60,5,"The new gardens will feature raised beds, composting stations, and water-saving systems.",0.5078125,1,0,0.75,0.0,12,9,0
5,2,60,6,Local volunteers will teach gardening classes to promote eco-friendly practices.,0.5149812734082397,1,0,0.6,0.0,10,6,0
5,2,60,7,"City officials are excited about the gardens' environmental benefits of these gardens, reducing the city’s carbon footprint by encouraging local food production.",0.4178779069767442,1,0,0.5454545454545454,0.0,22,12,0
5,2,60,8,"They also add green spaces in crowded areas, improving neighborhood livability.",0.5188679245283019,1,0,0.6363636363636364,0.2727272727272727,11,7,3
5,2,60,9,The expansion has been funded by city grants and local business donations.,0.528169014084507,1,0,0.6666666666666666,0.0,12,8,0
16,5,60,0,Hello fellow readers!,0.625,1,1,1.0,1.0,3,3,3
16,5,60,1,"I wanted to share my thoughts on a remarkable book I just finished, The Journey Within.",0.5025125628140703,1,0,0.875,0.0625,16,14,1
16,5,60,2,"This novel delves into themes of self-discovery and personal growth, exploring how the protagonist navigates complex emotional landscapes to understand themselves better.",0.41189111747851004,1,0,0.8636363636363636,0.0,22,19,0
16,5,60,3,What struck me most was its ability to challenge my own perspectives.,0.5376344086021506,1,0,0.5833333333333334,0.0,12,7,0
16,5,60,4,"The author’s nuanced portrayal of the characters’ struggles felt incredibly authentic, prompting me to reflect on my own life decisions.",0.4404362416107382,1,0,0.85,0.05,20,17,1
16,5,60,5,It’s rare to find a book that entertains and prompts introspection.,0.5415162454873647,1,0,0.7272727272727273,0.09090909090909091,11,8,1
16,5,60,6,I’m eager to hear what everyone has been reading lately.,0.565843621399177,1,0,0.7,0.0,10,7,0
16,5,60,7,Have you come across any books that left a lasting impression?,0.5522088353413654,1,0,1.0,0.09090909090909091,11,11,1
16,5,60,8,Let’s discuss our favorite reads and share recommendations.,0.5541871921182265,0,0,0.375,0.125,8,3,1
16,5,60,9,There’s something special about connecting over a good book and exchanging ideas with fellow literature lovers.,0.4711751662971175,1,0,0.625,0.0,16,10,0
12,1,60,0,"A local high school has launched a robotics program to inspire students to explore careers in science, technology, engineering, and mathematics (STEM).",0.4290171606864274,1,0,0.9545454545454546,0.0,22,21,0
12,1,60,1,"The program, which began this week, offers hands-on experience in designing and building robots, along with lessons in coding, electronics, and problem-solving.",0.41724617524339364,1,1,0.7727272727272727,0.3181818181818182,22,17,7
12,1,60,2,The school partnered with local tech companies to provide resources and mentorship.,0.5119453924914675,1,0,0.8333333333333334,0.25,12,10,3
12,1,60,3,Students will also have the opportunity to compete in regional and national robotics competitions.,0.49019607843137253,1,1,0.6428571428571429,0.7142857142857143,14,9,10
12,1,60,4,"The principal expressed enthusiasm, stating it provides a unique chance for students to engage with cutting-edge technology.",0.4573170731707317,1,0,0.8823529411764706,0.17647058823529413,17,15,3
12,1,60,5,"Parents support the initiative, noting it prepares students for careers in a rapidly evolving job market.",0.4807692307692307,1,0,0.75,0.0,16,12,0
12,1,60,6,"The program is expected to grow, with plans for advanced courses and summer camps.",0.5147058823529412,1,0,0.8571428571428571,0.0,14,12,0
12,1,60,7,"By investing in STEM education, the school aims to empower students to become innovators and leaders in technology.",0.46583850931677023,1,0,0.6666666666666666,0.0,18,12,0
28,6,30,0,"In today’s hyper-connected world, taking a step back from constant digital engagement can feel challenging but profoundly rewarding.",0.4456327985739751,1,0,0.7222222222222222,0.05555555555555555,18,13,1
28,6,30,1,"A digital detox doesn’t necessarily mean abandoning technology altogether; rather, it’s about finding a healthy balance.",0.4620123203285421,1,0,0.6875,0.0,16,11,0
28,6,30,2,"I recently decided to implement a digital detox routine, where I set aside specific times during the day to disconnect from screens and reconnect with the physical world.",0.39637599093997733,0,0,0.4642857142857143,0.0,28,13,0
28,6,30,3,"One change was establishing tech-free zones in my home, like the bedroom and dining area, which has improved my sleep and presence during meals.",0.4211590296495957,0,0,0.4583333333333333,0.0,24,11,0
28,6,30,4,I’ve also dedicated my mornings to analog activities like reading a book or taking a walk instead of reaching for my phone.,0.4409509202453987,0,0,0.4090909090909091,0.0,22,9,0
28,6,30,5,"The benefits have been noticeable—I feel more focused, less overwhelmed, and have more time for hobbies.",0.4807692307692307,0,0,0.375,0.125,16,6,2
28,6,30,6,"If you’re considering a digital detox, start small by setting limits on social media or creating screen-free zones.",0.45955882352941174,0,0,0.3888888888888889,0.0,18,7,0
30,6,30,0,"In today’s hyper-connected world, taking a step back from constant digital engagement can feel challenging but profoundly rewarding.",0.4456327985739751,1,0,0.6666666666666666,0.0,18,12,0
30,6,30,1,"A digital detox doesn’t necessarily mean abandoning technology altogether; rather, it’s about finding a healthy balance.",0.4620123203285421,1,0,0.875,0.0,16,14,0
30,6,30,2,"I recently decided to implement a digital detox routine, where I set aside specific times during the day to disconnect from screens and reconnect with the physical world.",0.39637599093997733,1,0,0.8214285714285714,0.0,28,23,0
30,6,30,3,"One change was establishing tech-free zones in my home, like the bedroom and dining area, which has improved my sleep and presence during meals.",0.4211590296495957,1,0,0.5833333333333334,0.0,24,14,0
30,6,30,4,I’ve also dedicated my mornings to analog activities like reading a book or taking a walk instead of reaching for my phone.,0.4409509202453987,0,0,0.45454545454545453,0.0,22,10,0
6,4,90,0,"Hello, fitness enthusiasts!",0.5769230769230769,1,1,1.0,1.0,3,3,3
6,4,90,1,I recently embarked on a new workout regimen and wanted to share a few insights that have helped me maintain consistency and stay motivated.,0.42613636363636365,1,1,0.8333333333333334,0.375,24,20,9
6,4,90,2,"Setting realistic, attainable goals has been essential.",0.550314465408805,1,0,0.8571428571428571,0.0,7,6,0
6,4,90,3,"Instead of aiming for an intense workout daily, I’ve focused on incremental improvements, making progress more manageable and enjoyable.",0.4432624113475177,1,0,0.8947368421052632,0.2631578947368421,19,17,5
6,4,90,4,"Another key factor has been having a workout partner, which has kept me accountable and added a social element, making exercise more fun.",0.43298192771084343,1,1,0.6956521739130435,0.43478260869565216,23,16,10
6,4,90,5,"We check in regularly, keeping us on track.",0.6024096385542168,0,0,0.0,0.25,8,0,2
6,4,90,6,"Finally, I’ve come to appreciate the importance of rest and recovery.",0.539568345323741,1,0,0.7272727272727273,0.0,11,8,0
6,4,90,7,Taking time to listen to my body and allow for proper rest days has actually enhanced my performance and overall well-being.,0.444264943457189,0,0,0.23809523809523808,0.0,21,5,0
6,4,90,8,"If you’re starting a new routine, remember that consistency is key, but balance is equally important.",0.48405466970387245,0,0,0.4375,0.625,16,7,10
6,4,90,9,Let’s keep pushing towards our fitness goals together!,0.5681818181818182,0,0,0.375,0.0,8,3,0
26,6,90,0,"In today’s hyper-connected world, taking a step back from constant digital engagement can feel challenging but profoundly rewarding.",0.4456327985739751,1,1,0.9444444444444444,0.9444444444444444,18,17,17
26,6,90,1,"A digital detox doesn’t necessarily mean abandoning technology altogether; rather, it’s about finding a healthy balance.",0.4620123203285421,1,1,0.9375,0.5,16,15,8
26,6,90,2,"I recently decided to implement a digital detox routine, where I set aside specific times during the day to disconnect from screens and reconnect with the physical world.",0.39637599093997733,1,1,0.6071428571428571,0.5714285714285714,28,17,16
26,6,90,3,"One change was establishing tech-free zones in my home, like the bedroom and dining area, which has improved my sleep and presence during meals.",0.4211590296495957,1,0,0.75,0.0,24,18,0
26,6,90,4,I’ve also dedicated my mornings to analog activities like reading a book or taking a walk instead of reaching for my phone.,0.4409509202453987,1,0,0.7272727272727273,0.0,22,16,0
26,6,90,5,"The benefits have been noticeable—I feel more focused, less overwhelmed, and have more time for hobbies.",0.4807692307692307,1,0,0.8125,0.0,16,13,0
26,6,90,6,"If you’re considering a digital detox, start small by setting limits on social media or creating screen-free zones.",0.45955882352941174,1,0,0.8333333333333334,0.0,18,15,0
12,2,60,0,The city’s community garden project is expanding and will soon reach more neighborhoods.,0.5043227665706052,1,1,0.7692307692307693,1.0,13,10,13
12,2,60,1,"This project, started five years ago, now has over 20 garden sites citywide.",0.5275974025974026,1,0,0.8461538461538461,0.07692307692307693,13,11,1
12,2,60,2,"The expansion will add five more gardens across the city, especially in areas needing them most.",0.49140049140049136,1,0,0.9375,0.0,16,15,0
12,2,60,3,These gardens give residents a chance to grow fruits and vegetables.,0.5392156862745098,1,0,0.7272727272727273,0.0,11,8,0
12,2,60,4,"Community gardens are important, providing fresh food and a place for neighbors to gather.",0.5028735632183908,1,0,0.8571428571428571,0.07142857142857142,14,12,1
12,2,60,5,"The new gardens will feature raised beds, composting stations, and water-saving systems.",0.5078125,1,0,0.6666666666666666,0.0,12,8,0
12,2,60,6,Local volunteers will teach gardening classes to promote eco-friendly practices.,0.5149812734082397,1,0,0.8,0.1,10,8,1
12,2,60,7,"City officials are excited about the gardens' environmental benefits of these gardens, reducing the city’s carbon footprint by encouraging local food production.",0.4178779069767442,1,1,0.7272727272727273,0.3181818181818182,22,16,7
12,2,60,8,"They also add green spaces in crowded areas, improving neighborhood livability.",0.5188679245283019,0,0,0.18181818181818182,0.8181818181818182,11,2,9
12,2,60,9,The expansion has been funded by city grants and local business donations.,0.528169014084507,1,0,0.75,0.0,12,9,0
28,5,90,0,Hello fellow readers!,0.625,1,1,1.0,1.0,3,3,3
28,5,90,1,"I wanted to share my thoughts on a remarkable book I just finished, The Journey Within.",0.5025125628140703,1,1,0.625,0.625,16,10,10
28,5,90,2,"This novel delves into themes of self-discovery and personal growth, exploring how the protagonist navigates complex emotional landscapes to understand themselves better.",0.41189111747851004,1,1,0.9545454545454546,0.4090909090909091,22,21,9
28,5,90,3,What struck me most was its ability to challenge my own perspectives.,0.5376344086021506,0,0,0.3333333333333333,0.6666666666666666,12,4,8
28,5,90,4,"The author’s nuanced portrayal of the characters’ struggles felt incredibly authentic, prompting me to reflect on my own life decisions.",0.4404362416107382,1,0,0.6,0.2,20,12,4
28,5,90,5,It’s rare to find a book that entertains and prompts introspection.,0.5415162454873647,0,0,0.45454545454545453,0.6363636363636364,11,5,7
28,5,90,6,I’m eager to hear what everyone has been reading lately.,0.565843621399177,1,0,0.6,0.1,10,6,1
28,5,90,7,Have you come across any books that left a lasting impression?,0.5522088353413654,1,1,0.7272727272727273,0.9090909090909091,11,8,10
28,5,90,8,Let’s discuss our favorite reads and share recommendations.,0.5541871921182265,1,1,0.625,1.0,8,5,8
28,5,90,9,There’s something special about connecting over a good book and exchanging ideas with fellow literature lovers.,0.4711751662971175,1,1,0.5625,0.5,16,9,8
28,5,90,10,Looking forward to hearing your thoughts!,0.5859375,1,0,0.8333333333333334,0.0,6,5,0
12,4,30,0,"Hello, fitness enthusiasts!",0.5769230769230769,1,0,1.0,0.0,3,3,0
12,4,30,1,I recently embarked on a new workout regimen and wanted to share a few insights that have helped me maintain consistency and stay motivated.,0.42613636363636365,1,0,0.5833333333333334,0.0,24,14,0
12,4,30,2,"Setting realistic, attainable goals has been essential.",0.550314465408805,1,0,0.7142857142857143,0.0,7,5,0
12,4,30,3,"Instead of aiming for an intense workout daily, I’ve focused on incremental improvements, making progress more manageable and enjoyable.",0.4432624113475177,1,0,0.6842105263157895,0.0,19,13,0
12,4,30,4,"Another key factor has been having a workout partner, which has kept me accountable and added a social element, making exercise more fun.",0.43298192771084343,1,0,0.7391304347826086,0.0,23,17,0
12,4,30,5,"We check in regularly, keeping us on track.",0.6024096385542168,1,0,0.5,0.0,8,4,0
12,4,30,6,"Finally, I’ve come to appreciate the importance of rest and recovery.",0.539568345323741,0,0,0.36363636363636365,0.0,11,4,0
12,4,30,7,Taking time to listen to my body and allow for proper rest days has actually enhanced my performance and overall well-being.,0.444264943457189,0,0,0.3333333333333333,0.0,21,7,0
12,4,30,8,"If you’re starting a new routine, remember that consistency is key, but balance is equally important.",0.48405466970387245,1,0,0.75,0.125,16,12,2
12,4,30,9,Let’s keep pushing towards our fitness goals together!,0.5681818181818182,1,0,0.875,0.0,8,7,0
28,4,90,0,"Hello, fitness enthusiasts!",0.5769230769230769,1,1,1.0,1.0,3,3,3
28,4,90,1,I recently embarked on a new workout regimen and wanted to share a few insights that have helped me maintain consistency and stay motivated.,0.42613636363636365,1,0,0.9166666666666666,0.2916666666666667,24,22,7
28,4,90,2,"Setting realistic, attainable goals has been essential.",0.550314465408805,1,1,0.8571428571428571,0.42857142857142855,7,6,3
28,4,90,3,"Instead of aiming for an intense workout daily, I’ve focused on incremental improvements, making progress more manageable and enjoyable.",0.4432624113475177,1,1,0.7894736842105263,0.7368421052631579,19,15,14
28,4,90,4,"Another key factor has been having a workout partner, which has kept me accountable and added a social element, making exercise more fun.",0.43298192771084343,1,1,0.782608695652174,0.34782608695652173,23,18,8
28,4,90,5,"We check in regularly, keeping us on track.",0.6024096385542168,1,1,0.75,0.75,8,6,6
28,4,90,6,"Finally, I’ve come to appreciate the importance of rest and recovery.",0.539568345323741,1,0,0.7272727272727273,0.09090909090909091,11,8,1
28,4,90,7,Taking time to listen to my body and allow for proper rest days has actually enhanced my performance and overall well-being.,0.444264943457189,1,0,0.5714285714285714,0.047619047619047616,21,12,1
28,4,90,8,"If you’re starting a new routine, remember that consistency is key, but balance is equally important.",0.48405466970387245,1,1,0.6875,0.3125,16,11,5
28,4,90,9,Let’s keep pushing towards our fitness goals together!,0.5681818181818182,1,0,0.75,0.0,8,6,0
30,5,30,0,Hello fellow readers!,0.625,1,0,0.6666666666666666,0.0,3,2,0
30,5,30,1,"I wanted to share my thoughts on a remarkable book I just finished, The Journey Within.",0.5025125628140703,1,0,0.625,0.0,16,10,0
30,5,30,2,"This novel delves into themes of self-discovery and personal growth, exploring how the protagonist navigates complex emotional landscapes to understand themselves better.",0.41189111747851004,1,0,0.8181818181818182,0.0,22,18,0
30,5,30,3,What struck me most was its ability to challenge my own perspectives.,0.5376344086021506,1,0,0.6666666666666666,0.08333333333333333,12,8,1
30,5,30,4,"The author’s nuanced portrayal of the characters’ struggles felt incredibly authentic, prompting me to reflect on my own life decisions.",0.4404362416107382,1,0,0.5,0.0,20,10,0
30,5,30,5,It’s rare to find a book that entertains and prompts introspection.,0.5415162454873647,1,0,0.6363636363636364,0.0,11,7,0
30,5,30,6,I’m eager to hear what everyone has been reading lately.,0.565843621399177,1,0,0.8,0.0,10,8,0
30,5,30,7,Have you come across any books that left a lasting impression?,0.5522088353413654,1,0,0.7272727272727273,0.0,11,8,0
17,5,30,0,Hello fellow readers!,0.625,1,0,0.6666666666666666,0.0,3,2,0
17,5,30,1,"I wanted to share my thoughts on a remarkable book I just finished, The Journey Within.",0.5025125628140703,1,0,0.5,0.0,16,8,0
17,5,30,2,"This novel delves into themes of self-discovery and personal growth, exploring how the protagonist navigates complex emotional landscapes to understand themselves better.",0.41189111747851004,1,0,0.9090909090909091,0.0,22,20,0
17,5,30,3,What struck me most was its ability to challenge my own perspectives.,0.5376344086021506,0,0,0.4166666666666667,0.08333333333333333,12,5,1
17,5,30,4,"The author’s nuanced portrayal of the characters’ struggles felt incredibly authentic, prompting me to reflect on my own life decisions.",0.4404362416107382,1,0,0.6,0.05,20,12,1
17,5,30,5,It’s rare to find a book that entertains and prompts introspection.,0.5415162454873647,1,0,0.5454545454545454,0.0,11,6,0
17,5,30,6,I’m eager to hear what everyone has been reading lately.,0.565843621399177,1,0,0.6,0.0,10,6,0
17,5,30,7,Have you come across any books that left a lasting impression?,0.5522088353413654,0,0,0.45454545454545453,0.0,11,5,0
30,8,90,0,"Traveling has always been one of my greatest passions, and over the years, I’ve learned that less truly is more when it comes to packing.",0.42098445595854916,1,0,0.96,0.16,25,24,4
30,8,90,1,Adopting a minimalist approach to travel has not only lightened my physical load but also enhanced my overall travel experience.,0.4480286738351254,1,0,0.75,0.2,20,15,4
30,8,90,2,The key is careful planning.,0.6377551020408163,1,1,0.8,0.4,5,4,2
30,8,90,3,"Before each trip, I list essentials, focusing on versatile clothing and multipurpose items.",0.5030959752321982,1,0,0.8461538461538461,0.15384615384615385,13,11,2
30,8,90,4,"This allows me to pack everything into a single carry-on, avoiding the hassle of checked luggage and making it easier to navigate airports and cities.",0.4134860050890586,1,0,0.76,0.0,25,19,0
30,8,90,5,Traveling light encourages a mindful experience.,0.5555555555555556,1,0,0.8333333333333334,0.16666666666666666,6,5,1
30,8,90,6,"With fewer possessions to worry about, I can fully immerse myself in the destination, appreciating the culture and scenery without distractions.",0.43460264900662254,1,0,0.8095238095238095,0.0,21,17,0
30,8,90,7,"It has also taught me to value experiences over things, as the memories I create during my travels far outweigh any material items I might collect along the way.",0.3966083150984683,1,0,0.6206896551724138,0.0,29,18,0
8,3,30,0,"Lately, I am making an effort to incorporate more sustainable practices into my routine.",0.5057803468208092,1,1,0.6428571428571429,0.8571428571428571,14,9,12
8,3,30,1,I first changed to reduce my reliance on single-use plastics.,0.5544354838709677,1,0,0.8,0.0,10,8,0
8,3,30,2,"Switching to reusable bags, containers, and produce bags has significantly cut the waste I generate.",0.48955613577023505,1,0,0.8,0.2,15,12,3
8,3,30,3,"I’ve also focused on minimizing food waste, which helps the environment and saves money.",0.5040322580645161,1,0,0.5714285714285714,0.0,14,8,0
8,3,30,4,"Meal planning has been a game-changer, as I only buy what I need, resulting in fewer leftovers.",0.48701298701298706,1,0,0.5882352941176471,0.0,17,10,0
8,3,30,5,"Additionally, I set up a small compost bin in my backyard.",0.5635245901639344,0,0,0.45454545454545453,0.0,11,5,0
8,3,30,6,It’s gratifying to know my food scraps are repurposed into something beneficial for the garden instead of ending up in a landfill.,0.4362670713201821,1,0,0.5,0.0,22,11,0
8,3,30,7,I’m curious how others are working towards sustainability.,0.556930693069307,1,0,0.75,0.0,8,6,0
26,7,90,0,"Cooking has always been something I needed to do every day, but recently, I’ve started seeing it as a way to relax and enjoy myself.",0.42372881355932196,1,1,0.76,0.96,25,19,24
26,7,90,1,"Mindful cooking means paying full attention while making a meal, focusing on each step, and enjoying the process rather than rushing.",0.44266441821247887,1,1,0.8571428571428571,0.7142857142857143,21,18,15
26,7,90,2,"I start by choosing fresh ingredients, noticing their colors, textures, and smells.",0.5172413793103449,1,1,0.8333333333333334,0.75,12,10,9
26,7,90,3,"As I cut, stir, and season, I pay attention to the sounds of vegetables cooking, the feel of the dough, and the aroma of spices.",0.43222683264177036,1,1,0.68,0.72,25,17,18
26,7,90,4,This way of cooking has changed how I feel about making food.,0.5535055350553506,1,0,0.9166666666666666,0.0,12,11,0
26,7,90,5,"Now, instead of thinking of it as just another chore, I see it as a creative activity and a way to take care of myself.",0.43584379358437936,1,0,0.72,0.04,25,18,1
26,7,90,6,"It also makes the food taste better and more enjoyable, because each dish is made with care and attention.",0.47123015873015867,1,0,0.9473684210526315,0.0,19,18,0
15,8,30,0,"Traveling has always been one of my greatest passions, and over the years, I’ve learned that less truly is more when it comes to packing.",0.42098445595854916,1,0,0.6,0.0,25,15,0
15,8,30,1,Adopting a minimalist approach to travel has not only lightened my physical load but also enhanced my overall travel experience.,0.4480286738351254,1,0,0.6,0.0,20,12,0
15,8,30,2,The key is careful planning.,0.6377551020408163,1,0,0.6,0.0,5,3,0
15,8,30,3,"Before each trip, I list essentials, focusing on versatile clothing and multipurpose items.",0.5030959752321982,1,0,0.6153846153846154,0.07692307692307693,13,8,1
15,8,30,4,"This allows me to pack everything into a single carry-on, avoiding the hassle of checked luggage and making it easier to navigate airports and cities.",0.4134860050890586,0,0,0.32,0.08,25,8,2
15,8,30,5,Traveling light encourages a mindful experience.,0.5555555555555556,1,0,0.5,0.0,6,3,0
15,8,30,6,"With fewer possessions to worry about, I can fully immerse myself in the destination, appreciating the culture and scenery without distractions.",0.43460264900662254,1,0,0.6190476190476191,0.0,21,13,0
15,8,30,7,"It has also taught me to value experiences over things, as the memories I create during my travels far outweigh any material items I might collect along the way.",0.3966083150984683,0,0,0.3448275862068966,0.0,29,10,0
13,0,60,0,The city has announced an expansion of its public bicycle program to meet growing demand for eco-friendly transportation.,0.4567307692307693,1,0,0.7777777777777778,0.05555555555555555,18,14,1
13,0,60,1,"Starting next month, 500 new bikes will be added to the fleet, and new docking stations will be installed across key areas.",0.4464285714285714,1,0,0.8636363636363636,0.09090909090909091,22,19,2
13,0,60,2,"Launched three years ago, the program has seen significant growth, with daily ridership up by 20% in the past year.",0.46125461254612543,1,0,0.65,0.0,20,13,0
13,0,60,3,"City officials believe the expansion will encourage more residents to bike rather than drive, especially for short trips.",0.4601226993865031,1,0,0.7777777777777778,0.0,18,14,0
13,0,60,4,"The new bikes have GPS tracking and improved safety features, including reflective strips and better lighting.",0.4750593824228029,1,0,0.8125,0.0,16,13,0
13,0,60,5,"Additionally, the city will launch a public awareness campaign to promote safe biking practices, including workshops and free helmets.",0.4472693032015066,1,0,0.7368421052631579,0.2631578947368421,19,14,5
13,0,60,6,The goal is to reduce traffic congestion and pollution while promoting a healthier lifestyle.,0.4971590909090909,1,0,0.7857142857142857,0.0,14,11,0
13,0,60,7,"With these initiatives, the city hopes to lead in sustainable urban transportation.",0.5136986301369862,0,0,0.4166666666666667,0.0,12,5,0
27,4,30,0,"Hello, fitness enthusiasts!",0.5769230769230769,0,0,0.3333333333333333,1.0,3,1,3
27,4,30,1,I recently embarked on a new workout regimen and wanted to share a few insights that have helped me maintain consistency and stay motivated.,0.42613636363636365,1,1,0.7916666666666666,0.375,24,19,9
27,4,30,2,"Setting realistic, attainable goals has been essential.",0.550314465408805,0,0,0.42857142857142855,0.0,7,3,0
27,4,30,3,"Instead of aiming for an intense workout daily, I’ve focused on incremental improvements, making progress more manageable and enjoyable.",0.4432624113475177,0,0,0.42105263157894735,0.3684210526315789,19,8,7
27,4,30,4,"Another key factor has been having a workout partner, which has kept me accountable and added a social element, making exercise more fun.",0.43298192771084343,0,0,0.0,0.5217391304347826,23,0,12
27,4,30,5,"We check in regularly, keeping us on track.",0.6024096385542168,0,0,0.0,0.5,8,0,4
27,4,30,6,"Finally, I’ve come to appreciate the importance of rest and recovery.",0.539568345323741,1,0,0.6363636363636364,0.0,11,7,0
27,4,30,7,Taking time to listen to my body and allow for proper rest days has actually enhanced my performance and overall well-being.,0.444264943457189,1,0,0.5238095238095238,0.0,21,11,0
27,4,30,8,"If you’re starting a new routine, remember that consistency is key, but balance is equally important.",0.48405466970387245,1,0,0.5625,0.125,16,9,2
27,4,30,9,Let’s keep pushing towards our fitness goals together!,0.5681818181818182,1,0,0.75,0.0,8,6,0
19,8,90,0,"Traveling has always been one of my greatest passions, and over the years, I’ve learned that less truly is more when it comes to packing.",0.42098445595854916,1,1,0.88,0.8,25,22,20
19,8,90,1,Adopting a minimalist approach to travel has not only lightened my physical load but also enhanced my overall travel experience.,0.4480286738351254,1,1,0.75,0.5,20,15,10
19,8,90,2,The key is careful planning.,0.6377551020408163,1,0,0.8,0.0,5,4,0
19,8,90,3,"Before each trip, I list essentials, focusing on versatile clothing and multipurpose items.",0.5030959752321982,0,0,0.46153846153846156,0.46153846153846156,13,6,6
19,8,90,4,"This allows me to pack everything into a single carry-on, avoiding the hassle of checked luggage and making it easier to navigate airports and cities.",0.4134860050890586,1,1,0.76,0.4,25,19,10
19,8,90,5,Traveling light encourages a mindful experience.,0.5555555555555556,1,1,1.0,0.8333333333333334,6,6,5
19,8,90,6,"With fewer possessions to worry about, I can fully immerse myself in the destination, appreciating the culture and scenery without distractions.",0.43460264900662254,1,1,0.7619047619047619,0.6666666666666666,21,16,14
19,8,90,7,"It has also taught me to value experiences over things, as the memories I create during my travels far outweigh any material items I might collect along the way.",0.3966083150984683,1,0,0.9310344827586207,0.0,29,27,0
17,6,30,0,"In today’s hyper-connected world, taking a step back from constant digital engagement can feel challenging but profoundly rewarding.",0.4456327985739751,1,0,0.6666666666666666,0.0,18,12,0
17,6,30,1,"A digital detox doesn’t necessarily mean abandoning technology altogether; rather, it’s about finding a healthy balance.",0.4620123203285421,1,0,0.6875,0.0625,16,11,1
17,6,30,2,"I recently decided to implement a digital detox routine, where I set aside specific times during the day to disconnect from screens and reconnect with the physical world.",0.39637599093997733,1,0,0.6071428571428571,0.03571428571428571,28,17,1
17,6,30,3,"One change was establishing tech-free zones in my home, like the bedroom and dining area, which has improved my sleep and presence during meals.",0.4211590296495957,1,0,0.5833333333333334,0.0,24,14,0
17,6,30,4,I’ve also dedicated my mornings to analog activities like reading a book or taking a walk instead of reaching for my phone.,0.4409509202453987,0,0,0.45454545454545453,0.0,22,10,0
17,6,30,5,"The benefits have been noticeable—I feel more focused, less overwhelmed, and have more time for hobbies.",0.4807692307692307,1,0,0.5625,0.0,16,9,0
17,6,30,6,"If you’re considering a digital detox, start small by setting limits on social media or creating screen-free zones.",0.45955882352941174,1,0,0.5,0.0,18,9,0
6,1,30,0,"A local high school has launched a robotics program to inspire students to explore careers in science, technology, engineering, and mathematics (STEM).",0.4290171606864274,1,0,0.6818181818181818,0.0,22,15,0
6,1,30,1,"The program, which began this week, offers hands-on experience in designing and building robots, along with lessons in coding, electronics, and problem-solving.",0.41724617524339364,1,0,0.7272727272727273,0.0,22,16,0
6,1,30,2,The school partnered with local tech companies to provide resources and mentorship.,0.5119453924914675,1,0,0.8333333333333334,0.0,12,10,0
6,1,30,3,Students will also have the opportunity to compete in regional and national robotics competitions.,0.49019607843137253,1,0,0.6428571428571429,0.0,14,9,0
6,1,30,4,"The principal expressed enthusiasm, stating it provides a unique chance for students to engage with cutting-edge technology.",0.4573170731707317,1,0,0.8235294117647058,0.0,17,14,0
6,1,30,5,"Parents support the initiative, noting it prepares students for careers in a rapidly evolving job market.",0.4807692307692307,1,0,0.625,0.0,16,10,0
6,1,30,6,"The program is expected to grow, with plans for advanced courses and summer camps.",0.5147058823529412,0,0,0.42857142857142855,0.14285714285714285,14,6,2
6,1,30,7,"By investing in STEM education, the school aims to empower students to become innovators and leaders in technology.",0.46583850931677023,0,0,0.05555555555555555,0.0,18,1,0
28,3,90,0,"Lately, I am making an effort to incorporate more sustainable practices into my routine.",0.5057803468208092,1,1,0.8571428571428571,0.7142857142857143,14,12,10
28,3,90,1,I first changed to reduce my reliance on single-use plastics.,0.5544354838709677,1,1,0.9,0.7,10,9,7
28,3,90,2,"Switching to reusable bags, containers, and produce bags has significantly cut the waste I generate.",0.48955613577023505,0,0,0.06666666666666667,0.7333333333333333,15,1,11
28,3,90,3,"I’ve also focused on minimizing food waste, which helps the environment and saves money.",0.5040322580645161,1,1,0.8571428571428571,0.5714285714285714,14,12,8
28,3,90,4,"Meal planning has been a game-changer, as I only buy what I need, resulting in fewer leftovers.",0.48701298701298706,1,1,0.7647058823529411,0.5882352941176471,17,13,10
28,3,90,5,"Additionally, I set up a small compost bin in my backyard.",0.5635245901639344,1,0,0.6363636363636364,0.0,11,7,0
28,3,90,6,It’s gratifying to know my food scraps are repurposed into something beneficial for the garden instead of ending up in a landfill.,0.4362670713201821,1,0,0.8181818181818182,0.0,22,18,0
28,3,90,7,I’m curious how others are working towards sustainability.,0.556930693069307,1,0,0.75,0.0,8,6,0
28,3,90,8,What small changes you made that had a big impact?,0.5813953488372093,1,0,0.6,0.1,10,6,1
28,3,90,9,Let’s exchange ideas and support each other in making our community greener.,0.5241935483870968,1,0,0.75,0.0,12,9,0
28,3,90,10,Even small actions can lead to larger positive change to our daily lives!,0.5293159609120521,1,0,0.7692307692307693,0.0,13,10,0
5,0,30,0,The city has announced an expansion of its public bicycle program to meet growing demand for eco-friendly transportation.,0.4567307692307693,1,0,0.8888888888888888,0.05555555555555555,18,16,1
5,0,30,1,"Starting next month, 500 new bikes will be added to the fleet, and new docking stations will be installed across key areas.",0.4464285714285714,1,0,0.5909090909090909,0.18181818181818182,22,13,4
5,0,30,2,"Launched three years ago, the program has seen significant growth, with daily ridership up by 20% in the past year.",0.46125461254612543,0,0,0.4,0.0,20,8,0
5,0,30,3,"City officials believe the expansion will encourage more residents to bike rather than drive, especially for short trips.",0.4601226993865031,1,0,0.5,0.0,18,9,0
5,0,30,4,"The new bikes have GPS tracking and improved safety features, including reflective strips and better lighting.",0.4750593824228029,0,0,0.375,0.0,16,6,0
5,0,30,5,"Additionally, the city will launch a public awareness campaign to promote safe biking practices, including workshops and free helmets.",0.4472693032015066,0,0,0.2631578947368421,0.21052631578947367,19,5,4
5,0,30,6,The goal is to reduce traffic congestion and pollution while promoting a healthier lifestyle.,0.4971590909090909,0,0,0.35714285714285715,0.07142857142857142,14,5,1
5,0,30,7,"With these initiatives, the city hopes to lead in sustainable urban transportation.",0.5136986301369862,1,0,0.5,0.0,12,6,0
31,2,60,0,The city’s community garden project is expanding and will soon reach more neighborhoods.,0.5043227665706052,1,0,0.7692307692307693,0.15384615384615385,13,10,2
31,2,60,1,"This project, started five years ago, now has over 20 garden sites citywide.",0.5275974025974026,1,1,0.6923076923076923,0.6923076923076923,13,9,9
31,2,60,2,"The expansion will add five more gardens across the city, especially in areas needing them most.",0.49140049140049136,1,1,0.6875,0.4375,16,11,7
31,2,60,3,These gardens give residents a chance to grow fruits and vegetables.,0.5392156862745098,1,0,0.8181818181818182,0.18181818181818182,11,9,2
31,2,60,4,"Community gardens are important, providing fresh food and a place for neighbors to gather.",0.5028735632183908,0,0,0.0,0.8571428571428571,14,0,12
31,2,60,5,"The new gardens will feature raised beds, composting stations, and water-saving systems.",0.5078125,1,0,0.8333333333333334,0.0,12,10,0
31,2,60,6,Local volunteers will teach gardening classes to promote eco-friendly practices.,0.5149812734082397,1,1,0.5,0.4,10,5,4
31,2,60,7,"City officials are excited about the gardens' environmental benefits of these gardens, reducing the city’s carbon footprint by encouraging local food production.",0.4178779069767442,1,0,0.6818181818181818,0.13636363636363635,22,15,3
31,2,60,8,"They also add green spaces in crowded areas, improving neighborhood livability.",0.5188679245283019,1,1,0.8181818181818182,0.5454545454545454,11,9,6
31,2,60,9,The expansion has been funded by city grants and local business donations.,0.528169014084507,1,0,0.5833333333333334,0.0,12,7,0
