class,logit_predictability,average_gaze_duration,std_deviation,n_samples,std_error,ci_95_lower,ci_95_upper
class 1,-1.936271081050623,282.74758814842085,209.85647715243408,472,9.659427313404512,263.815110614148,301.6800656826937
class 2,-1.212439145462068,254.2165996561301,175.60963439817155,713,6.576632492525213,241.32639997078067,267.10679934147953
class 3,-0.7235815256841128,267.3339128692055,193.29055688216178,1535,4.93351493648745,257.6642235936901,277.0036021447209
class 4,-0.24129750032041003,245.9244196520342,173.5230489960477,2341,3.586381315616287,238.8951122734263,252.9537270306421
class 5,0.6894150389049567,209.40875380966725,149.50096843580863,5005,2.113206632201061,205.26686881055318,213.55063880878131
