class,log_frequency,average_gaze_duration,std_deviation,n_samples,std_error,ci_95_lower,ci_95_upper
class 1,0.32307996313719334,276.903569437267,195.24238470397037,8981,2.0602112546142313,272.86555537822306,280.9415834963109
class 2,1.314181506054841,282.87585648953007,192.78942247957255,846,6.628236879979792,269.8845122047697,295.86720077429044
class 3,2.370636969435896,264.00866806034975,205.79838377044774,96,21.004209588627827,222.8404172666392,305.1769188540603
class 4,3.445653845642503,270.7710633271479,210.54702008268927,11,63.482315121973045,146.34572568808073,395.19640096621504
