{
  "mcq_accuracy_overall": 0.044444444444444446,
  "mcq_accuracy_by_time": {
    "30s": 0.06666666666666667,
    "60s": 0.022222222222222223,
    "90s": 0.044444444444444446
  },
  "mcq_accuracy_std_by_time": {
    "30s": 0.09428090415820635,
    "60s": 0.0628539361054709,
    "90s": 0.08314794192830981
  },
  "fr_mean_by_time": {
    "30s": 0.3948552840285831,
    "60s": 0.36350352234310573,
    "90s": 0.3900185724099477
  },
  "fr_std_by_time": {
    "30s": 0.13661739807067788,
    "60s": 0.21263921518282844,
    "90s": 0.18088211134180163
  },
  "n_trials": 27
}