{
  "mcq_accuracy_overall": 0.06666666666666667,
  "mcq_accuracy_by_time": {
    "30s": 0.06666666666666667,
    "60s": 0.06666666666666667,
    "90s": 0.06666666666666667
  },
  "mcq_accuracy_std_by_time": {
    "30s": 0.09428090415820635,
    "60s": 0.09428090415820635,
    "90s": 0.13333333333333336
  },
  "fr_mean_by_time": {
    "30s": 0.3532601272066434,
    "60s": 0.38116514682769775,
    "90s": 0.38948453466097516
  },
  "fr_std_by_time": {
    "30s": 0.1228510080429163,
    "60s": 0.20078571028342626,
    "90s": 0.23213755926840018
  },
  "n_trials": 27
}