{
  "mcq_accuracy_overall": 0.8518518518518519,
  "mcq_accuracy_by_time": {
    "30s": 0.6666666666666666,
    "60s": 0.9333333333333333,
    "90s": 0.9555555555555556
  },
  "mcq_accuracy_std_by_time": {
    "30s": 0.24944382578492943,
    "60s": 0.13333333333333333,
    "90s": 0.0831479419283098
  },
  "fr_mean_by_time": {
    "30s": 0.865052064259847,
    "60s": 0.892380972703298,
    "90s": 0.8651250468360053
  },
  "fr_std_by_time": {
    "30s": 0.04912916819527743,
    "60s": 0.07291452198569948,
    "90s": 0.07516552135466677
  },
  "n_trials": 27
}